city,region,city_type,year,month,season,avg_temperature_c,humidity_pct,population,population_density_per_km2,gdp_per_capita_usd,industrialization_level,industrial_zones_count,num_subscribers,renewable_energy_pct,grid_loss_pct,smart_meter_adoption_pct,peak_demand_hour,monthly_consumption_gwh,avg_wind_speed_kmh,monthly_rainfall_mm,electricity_price_tl_kwh,co2_emission_tons,avg_daily_sunshine_hours,infrastructure_score
Kahramanmaras,Mediterranean,Medium City,2017,7,Summer,39.68,44.74,1178234,504.6,10827.29,Low,3.0,415371.0,19.52,18.19,17.32,10:00,0.6645,"55,4",63.9 mm,₺2.01,"864,183",  8.9  ,67%
Canakkale,Marmara,Small City,2016,6,Summer,,50.92,542000,163.54,9837.84,Low,3.0,161922.0,9.68,6.9,16.35,,0.2411,"41,6",,₺1.8,,  10.2  ,
Izmir,Aegean,Megacity,2019,8,Summer,36.08,71.54,4394694,2722.83,18538.77,High,11.0,1324739.0,5.55,8.73,27.6,18:00,3.7214,"66,9",225.0 mm,₺0.9,"434,525",  9.3  ,
Bursa,Marmara,Large City,2016,5,Spring,18.63,66.69,3056120,899.88,20256.28,High,8.0,1046420.0,16.81,15.81,61.97,19:00,1.7494,"7,4",246.3 mm,₺1.82,"25,670",  9.1  ,42%
Van,Eastern Anatolia,Medium City,2018,10,Autumn,7.07,65.44,1126384,255.37,10634.07,Low,4.0,400377.0,13.62,5.37,19.47,08:00,0.4088,"65,6",28.7 mm,₺2.3,"5,011",  7.2  ,84%
Sivas,Central Anatolia,Medium City,2022,12,Winter,3.07,56.1,634149,710.04,9645.23,Low,3.0,180192.0,34.4,6.09,16.61,18:00,0.3447,"47,4",10.0 mm,,"440,961",  7.1  ,35%
Ankara,Central Anatolia,Megacity,2021,3,Spring,15.47,48.8,5639076,1218.17,18469.58,High,16.0,2040768.0,17.63,15.38,58.16,18:00,3.2555,"27,3",155.1 mm,₺1.86,"184,078",  10.5  ,69%
Denizli,Aegean,Medium City,2018,9,Autumn,19.4,67.14,1062840,221.73,14236.62,Medium,,,33.86,14.16,35.78,19:00,0.5086,"8,5",162.7 mm,₺1.91,"644,807",  11.0  ,35%
Tekirdag,Marmara,Medium City,2021,12,Winter,2.41,50.76,1085000,502.7,13792.21,Medium,2.0,337843.0,14.23,6.28,52.76,21:00,0.8078,"79,3",43.1 mm,₺1.56,"114,815",  2.6  ,64%
Kahramanmaras,Mediterranean,Medium City,2015,3,Spring,25.0,60.43,1178234,1916.42,8700.11,Low,3.0,408003.0,25.14,9.93,74.68,19:00,0.4494,"5,5",256.2 mm,,"367,085",  5.5  ,70%
Sivas,Central Anatolia,Medium City,2019,11,Autumn,11.68,50.26,634149,247.3,12201.89,Low,1.0,189611.0,15.51,10.11,56.75,20:00,0.3041,"62,7",90.8 mm,₺1.96,"19,242",  2.2  ,70%
Izmir,Aegean,Megacity,2021,1,Winter,4.58,81.7,4394694,887.52,18441.8,High,12.0,1298356.0,30.2,13.03,20.91,08:00,3.6508,"61,0",277.2 mm,₺0.72,"722,030",  2.9  ,35%
Tekirdag,Marmara,Medium City,2019,9,Autumn,14.79,59.51,1085000,298.74,12270.67,Medium,3.0,408247.0,8.14,5.38,64.34,10:00,0.483,"33,3",208.6 mm,₺1.82,"435,845",  3.7  ,76%
Kocaeli,Marmara,Large City,2019,10,Autumn,17.4,71.64,2031963,533.57,17168.16,High,7.0,718844.0,23.0,17.44,36.77,10:00,1.3362,"42,1",22.1 mm,₺0.67,"488,512",  3.0  ,62%
Balıkesir,Marmara,Medium City,2018,11,Autumn,12.25,43.96,1264958,376.05,8525.91,Low,3.0,400377.0,26.12,5.43,25.8,10:00,0.4197,"74,7",288.0 mm,₺1.26,"736,396",  4.4  ,95%
Mardin,Southeastern Anatolia,Small City,2017,7,Summer,35.1,62.19,833645,208.17,8134.97,Low,3.0,316577.0,42.41,10.05,73.61,10:00,0.4347,"34,7",119.0 mm,₺1.89,"201,679",  3.8  ,86%
Sivas,Central Anatolia,Medium City,2020,7,Summer,27.13,59.43,634149,307.04,9029.48,Low,,191483.0,12.28,8.85,14.59,20:00,0.4068,"78,0",223.6 mm,₺1.25,"778,072",  9.6  ,72%
Erzurum,Eastern Anatolia,Medium City,2019,12,Winter,-4.15,84.41,762321,637.64,11120.65,Low,,215984.0,23.97,12.02,25.67,08:00,0.4326,"44,3",113.0 mm,₺1.19,"351,419",  8.4  ,54%
Trabzon,Black Sea,Medium City,2021,2,Winter,-0.11,54.57,811874,803.45,7121.74,Low,2.0,237230.0,31.02,8.19,55.59,21:00,0.5211,"12,0",61.8 mm,₺0.78,"761,656",  9.4  ,52%
Bursa,Marmara,Large City,2016,1,Winter,-4.74,40.28,3056120,2206.97,17380.68,High,9.0,909029.0,13.55,10.24,14.41,09:00,2.5977,"66,0",101.6 mm,₺2.32,"749,764",  4.3  ,84%
Diyarbakir,Southeastern Anatolia,Large City,2019,10,Autumn,22.37,53.94,1801268,2594.49,11310.49,Low,4.0,640531.0,44.78,12.23,39.4,08:00,0.6739,"20,9",36.1 mm,₺0.69,"96,084",  5.5  ,58%
Trabzon,Black Sea,Medium City,2018,1,Winter,-3.7,70.77,811874,182.58,7670.8,Low,2.0,267322.0,35.37,6.34,68.57,10:00,0.4614,"46,6",111.0 mm,₺0.99,"318,055",  6.6  ,39%
Van,Eastern Anatolia,Medium City,2015,2,Winter,-7.22,62.68,1126384,577.27,8286.94,Low,4.0,400238.0,13.73,16.38,13.91,10:00,0.6338,"26,9",221.7 mm,₺0.69,"57,116",  10.4  ,65%
Denizli,Aegean,Medium City,2019,5,Spring,23.79,68.44,1062840,307.11,8889.36,Medium,2.0,354321.0,23.08,17.26,,18:00,0.5141,"66,2",211.1 mm,₺2.03,,  2.9  ,36%
Malatya,Eastern Anatolia,Medium City,2020,4,Spring,9.27,59.89,781118,1321.95,8245.81,Low,2.0,294086.0,20.09,10.0,60.18,09:00,0.3331,"67,1",290.8 mm,,"551,359",,51%
Trabzon,Black Sea,Medium City,2016,1,Winter,1.86,44.51,811874,345.38,6852.62,Low,3.0,260961.0,39.49,16.14,40.78,08:00,0.4606,"21,6",251.6 mm,₺0.96,"727,774",  3.1  ,88%
Mersin,Mediterranean,Large City,2017,8,Summer,38.12,45.87,1936586,688.76,10889.5,Medium,4.0,623406.0,10.33,8.92,48.95,08:00,1.0305,"53,4",68.8 mm,₺1.85,"872,302",  3.2  ,78%
Bursa,Marmara,Large City,2015,2,Winter,1.68,53.99,3056120,758.9,19225.31,High,8.0,913176.0,34.32,14.24,33.1,10:00,2.4489,"12,1",200.4 mm,₺1.54,"96,614",  5.4  ,41%
Sivas,Central Anatolia,Medium City,2020,1,Winter,-1.59,46.38,634149,385.06,8940.27,Low,2.0,208408.0,11.42,18.3,72.96,10:00,0.4138,,114.2 mm,₺1.95,"155,028",  10.2  ,54%
Kayseri,Central Anatolia,Large City,2021,12,Winter,0.73,42.87,1441523,611.86,12336.42,Medium,3.0,448654.0,36.99,9.65,59.11,18:00,1.0028,"35,9",214.3 mm,₺1.69,"140,042",  10.8  ,84%
Manisa,Aegean,Medium City,2018,12,Winter,9.38,65.37,1452881,851.64,12764.12,Medium,3.0,535206.0,6.4,16.88,54.59,10:00,0.8925,"12,3",201.2 mm,₺1.55,"534,761",  10.0  ,77%
Afyonkarahisar,Aegean,Small City,2019,3,Spring,25.2,40.33,734000,250.3,10100.32,Low,3.0,273104.0,6.5,,72.95,09:00,0.3006,"15,8",186.8 mm,₺0.81,"896,204",  3.1  ,45%
Antalya,Mediterranean,Large City,2021,6,Summer,35.27,82.37,2619832,945.89,8021.21,Low,8.0,936559.0,41.9,17.79,35.53,10:00,1.3954,"20,9",19.9 mm,₺1.83,"110,992",  4.5  ,69%
Samsun,Black Sea,Large City,2015,5,Spring,14.84,80.37,1361505,301.49,6746.6,Low,3.0,494486.0,23.17,15.41,,21:00,0.5041,"40,7",70.8 mm,₺1.09,"234,734",  5.0  ,68%
Ankara,Central Anatolia,Megacity,2019,2,Winter,-1.22,65.86,5639076,1286.7,18736.24,High,,1681505.0,28.48,16.41,21.02,20:00,5.1274,"10,8",76.9 mm,₺1.89,"114,835",  10.6  ,99%
Denizli,Aegean,Medium City,2016,5,Spring,21.57,57.43,1062840,448.96,14439.94,Medium,4.0,339784.0,29.66,11.86,39.6,19:00,0.444,"22,6",63.9 mm,₺2.1,"77,318",  9.8  ,
Adana,Mediterranean,Large City,2015,2,Winter,11.3,74.84,2237940,3191.28,17333.37,High,6.0,695195.0,42.93,13.15,55.07,10:00,1.8497,"5,5",15.7 mm,,,  10.4  ,30%
Diyarbakir,Southeastern Anatolia,Large City,2015,3,Spring,24.02,48.94,1801268,439.23,10104.63,Low,6.0,652444.0,32.35,11.81,61.33,18:00,0.6427,"72,4",33.9 mm,₺0.97,"811,536",  9.1  ,90%
Bursa,Marmara,Large City,2019,6,Summer,35.85,66.64,3056120,5109.65,19573.93,High,8.0,960753.0,35.17,,21.99,20:00,2.3664,"46,4",139.6 mm,₺2.02,"454,458",  3.4  ,85%
Tekirdag,Marmara,Medium City,2021,3,Spring,21.24,60.36,1085000,242.85,13327.99,Medium,2.0,343998.0,41.8,9.06,46.98,09:00,0.5062,"17,6",199.7 mm,₺2.16,"722,099",  5.7  ,30%
Adana,Mediterranean,Large City,2017,4,Spring,24.32,63.33,2237940,471.54,,High,7.0,796776.0,24.63,11.58,37.32,19:00,1.3063,"74,7",202.9 mm,₺1.6,"55,762",  8.6  ,47%
Adana,Mediterranean,Large City,2018,11,Autumn,25.26,75.55,2237940,648.01,17703.24,High,8.0,691505.0,25.1,18.85,31.59,21:00,1.4268,"45,7",19.6 mm,₺1.1,"286,944",  11.4  ,81%
Canakkale,Marmara,Small City,2021,5,Spring,16.52,60.04,542000,338.08,8865.94,Low,1.0,202021.0,,17.22,55.68,09:00,0.5273,"8,1",91.9 mm,₺2.25,"84,515",  4.0  ,87%
Kayseri,Central Anatolia,Large City,2015,7,Summer,28.87,76.43,1441523,377.76,,Medium,5.0,488187.0,29.95,11.78,20.92,10:00,0.8404,"44,4",276.8 mm,₺1.96,"288,892",  11.9  ,43%
Eskisehir,Central Anatolia,Medium City,2017,2,Winter,-0.57,51.6,882456,276.4,14181.44,Medium,4.0,,13.58,5.69,37.66,20:00,0.6397,"53,0",162.6 mm,₺1.51,"898,825",  4.3  ,89%
Balıkesir,Marmara,Medium City,2022,8,Summer,30.43,58.55,1264958,615.46,11385.87,Low,4.0,394411.0,27.02,16.85,47.68,09:00,0.7129,,153.4 mm,₺1.27,"152,746",  6.3  ,39%
Izmir,Aegean,Megacity,2021,11,Autumn,17.15,45.22,4394694,6107.91,18991.71,High,12.0,1303798.0,41.31,15.33,20.16,20:00,3.0928,,219.1 mm,₺2.05,"584,585",  7.4  ,41%
Eskisehir,Central Anatolia,Medium City,2019,7,Summer,28.47,66.52,882456,344.13,12294.93,Medium,4.0,325987.0,23.92,9.29,21.78,19:00,0.5865,"65,0",160.4 mm,₺2.45,"465,964",  4.5  ,63%
Mugla,Aegean,Medium City,2019,10,Autumn,22.45,42.55,1012321,1015.19,10392.5,Low,3.0,352457.0,33.22,16.96,,21:00,0.4178,"67,6",19.4 mm,₺2.11,"250,215",  11.1  ,36%
Malatya,Eastern Anatolia,Medium City,2023,9,Autumn,8.37,53.32,781118,332.63,11987.05,Low,2.0,239195.0,9.95,8.81,47.11,09:00,0.3501,"23,9",135.9 mm,₺2.28,"759,404",  7.2  ,30%
Balıkesir,Marmara,Medium City,2018,6,Summer,31.82,64.18,1264958,322.55,9375.44,Low,5.0,379714.0,10.25,9.65,69.07,18:00,0.7138,"77,6",205.3 mm,₺0.52,"337,443",  2.8  ,78%
Adana,Mediterranean,Large City,2019,3,Spring,24.77,51.09,2237940,710.2,16269.56,High,7.0,690770.0,36.09,13.72,57.72,18:00,1.4182,"40,0",98.4 mm,₺0.99,"772,773",  8.9  ,30%
Trabzon,Black Sea,Medium City,2015,2,Winter,-0.55,80.02,811874,920.95,7213.06,Low,4.0,282550.0,34.5,12.68,12.71,18:00,0.4406,"24,8",119.7 mm,₺0.69,"519,833",  6.0  ,80%
Afyonkarahisar,Aegean,Small City,2017,12,Winter,,73.74,734000,176.33,10300.95,Low,1.0,266779.0,15.25,11.31,60.12,09:00,0.4412,,12.0 mm,₺0.97,"846,260",  5.0  ,40%
Samsun,Black Sea,Large City,2017,10,Autumn,13.95,66.13,1361505,358.74,8167.16,Low,5.0,427018.0,20.93,6.38,43.96,20:00,0.5377,"46,2",96.7 mm,₺1.99,,  5.2  ,44%
Istanbul,Marmara,Megacity,2017,3,Spring,19.18,58.42,15840900,7079.09,17615.14,High,41.0,5714360.0,9.54,8.71,59.59,21:00,8.8397,"33,3",164.8 mm,₺1.63,"400,324",  4.2  ,53%
Mersin,Mediterranean,Large City,2021,10,Autumn,22.61,67.36,1936586,2761.63,16214.06,Medium,6.0,598600.0,44.5,15.58,13.75,09:00,0.9383,"20,3",79.1 mm,₺2.38,"614,274",  4.5  ,96%
Konya,Central Anatolia,Large City,2021,4,Spring,15.68,62.94,2320259,1423.51,13856.7,Medium,7.0,691718.0,13.27,,15.92,10:00,1.0604,"73,7",215.1 mm,₺0.67,"278,649",  4.9  ,84%
Kahramanmaras,Mediterranean,Medium City,2020,9,Autumn,20.9,72.54,1178234,348.3,10492.47,Low,4.0,366440.0,7.08,7.87,57.56,21:00,0.4861,"75,4",93.9 mm,₺1.45,"377,518",  6.5  ,36%
Sivas,Central Anatolia,Medium City,2016,5,Spring,17.67,64.35,634149,415.92,8415.81,Low,2.0,224961.0,10.64,15.18,17.5,19:00,0.2323,"67,8",34.5 mm,₺0.77,"725,690",  2.9  ,43%
Hatay,Mediterranean,Large City,2017,2,Winter,10.61,57.58,1609856,481.16,9295.94,Low,5.0,593896.0,28.89,14.81,47.62,09:00,0.9266,"37,5",221.7 mm,₺1.38,"377,080",  2.5  ,
Antalya,Mediterranean,Large City,2018,3,Spring,24.75,78.34,2619832,562.08,10059.19,Low,8.0,987400.0,37.96,14.71,56.41,08:00,1.095,"58,7",225.4 mm,₺0.67,"165,899",  2.6  ,59%
Tekirdag,Marmara,Medium City,2023,11,Autumn,16.23,63.3,1085000,842.85,14753.81,Medium,2.0,379292.0,13.36,13.12,24.86,20:00,0.614,"68,9",181.8 mm,,"328,813",  3.0  ,53%
Istanbul,Marmara,Megacity,2018,5,Spring,15.97,76.59,15840900,4485.33,17101.05,High,40.0,4837196.0,41.14,6.46,,18:00,9.891,"10,9",29.2 mm,₺1.0,"563,230",  10.8  ,90%
Erzurum,Eastern Anatolia,Medium City,2021,8,Summer,21.24,54.58,762321,201.0,,Low,1.0,242048.0,31.5,5.51,43.0,08:00,0.3922,"35,7",177.2 mm,₺1.26,"81,176",  4.3  ,90%
Eskisehir,Central Anatolia,Medium City,2022,9,Autumn,15.43,57.85,882456,310.84,15306.42,Medium,4.0,253573.0,23.15,8.54,21.03,18:00,0.4953,"53,1",34.4 mm,₺2.01,"626,193",  8.2  ,92%
Kocaeli,Marmara,Large City,2015,11,Autumn,,73.43,2031963,631.42,19199.96,High,,763593.0,15.27,15.07,60.03,08:00,1.2354,"78,2",63.0 mm,₺1.01,"705,797",  7.1  ,39%
Afyonkarahisar,Aegean,Small City,2018,8,Summer,34.15,75.48,734000,205.94,8266.27,Low,3.0,242603.0,34.13,12.17,65.33,10:00,0.3494,"57,9",50.5 mm,₺2.11,"678,951",  9.0  ,81%
Gaziantep,Southeastern Anatolia,Large City,2021,6,Summer,36.52,81.25,2101263,2995.37,17882.59,High,8.0,623156.0,26.03,12.68,51.97,21:00,1.7163,"52,7",228.6 mm,₺1.15,"720,945",  10.9  ,84%
Trabzon,Black Sea,Medium City,2022,5,Spring,17.82,62.52,811874,1582.71,8812.54,Low,2.0,278831.0,24.04,6.66,60.1,09:00,0.3256,"20,4",162.7 mm,₺2.31,,  3.7  ,46%
Bursa,Marmara,Large City,2020,8,Summer,25.91,80.09,3056120,5705.29,17870.73,High,8.0,1161215.0,31.38,10.8,22.7,,2.4108,"27,0",43.1 mm,₺1.83,"390,573",  2.4  ,89%
Kahramanmaras,Mediterranean,Medium City,2023,4,Spring,24.39,74.95,1178234,1045.83,11352.16,Low,2.0,337287.0,24.5,5.5,68.92,18:00,0.3966,"17,0",66.7 mm,₺1.11,"543,730",  6.6  ,84%
Kayseri,Central Anatolia,Large City,2023,5,Spring,18.13,45.67,1441523,513.36,12589.01,Medium,3.0,477165.0,40.6,17.27,57.86,18:00,0.7071,"27,8",215.3 mm,₺0.79,"829,510",  2.2  ,80%
Adana,Mediterranean,Large City,2016,5,Spring,28.31,42.15,2237940,3165.35,17305.61,High,7.0,629844.0,19.24,16.37,,19:00,1.2092,"58,9",246.1 mm,₺1.3,"234,771",  8.9  ,82%
Bursa,Marmara,Large City,2023,5,Spring,15.93,52.8,3056120,719.18,17953.92,High,,954258.0,26.41,7.54,38.61,08:00,1.8093,"76,8",104.0 mm,₺2.11,"488,039",  3.4  ,81%
Samsun,Black Sea,Large City,2016,9,Autumn,12.27,73.68,1361505,550.61,8788.61,Low,5.0,492490.0,37.29,17.92,43.33,08:00,0.6107,"6,2",251.6 mm,₺0.7,"472,489",  3.5  ,99%
Denizli,Aegean,Medium City,2019,11,Autumn,14.16,62.15,1062840,257.37,13804.59,Medium,3.0,361590.0,,11.65,48.44,10:00,0.5363,"28,4",214.2 mm,₺0.93,"456,258",  4.7  ,38%
Kahramanmaras,Mediterranean,Medium City,2023,6,Summer,,41.63,1178234,431.51,9334.53,Low,2.0,367842.0,25.22,14.75,,21:00,0.6522,"8,7",223.8 mm,₺1.74,"275,360",  7.6  ,55%
Eskisehir,Central Anatolia,Medium City,2022,10,Autumn,13.65,73.65,882456,269.03,11625.95,Medium,4.0,280069.0,40.51,8.79,64.99,08:00,0.43,"70,6",219.1 mm,₺0.85,"693,178",  7.3  ,34%
Mardin,Southeastern Anatolia,Small City,2016,2,Winter,7.8,74.25,833645,607.26,9309.37,Low,4.0,306902.0,37.47,16.13,28.06,21:00,0.4149,"57,0",253.8 mm,₺1.27,"41,998",  11.4  ,55%
Mersin,Mediterranean,Large City,2023,11,Autumn,20.06,63.0,1936586,592.0,12526.36,Medium,6.0,728767.0,34.25,16.7,42.4,20:00,1.0737,"67,0",213.9 mm,₺2.02,"684,971",  3.1  ,40%
Hatay,Mediterranean,Large City,2017,8,Summer,34.3,48.19,1609856,974.61,10227.82,Low,4.0,491781.0,,15.11,60.68,09:00,0.8095,"73,9",14.5 mm,₺1.14,"595,476",  7.5  ,59%
Istanbul,Marmara,Megacity,2015,3,Spring,16.51,46.44,15840900,9787.82,17814.4,High,42.0,5205594.0,18.57,5.94,17.09,08:00,8.8674,"16,5",128.8 mm,₺0.61,"407,956",  7.8  ,69%
Izmir,Aegean,Megacity,2016,1,Winter,5.4,82.4,4394694,956.08,21014.24,High,11.0,1322082.0,38.62,15.24,40.02,20:00,8.3194,"40,3",238.2 mm,,"701,926",  6.4  ,73%
Mugla,Aegean,Medium City,2019,10,Autumn,16.05,73.45,1012321,272.22,5183.89,Low,2.0,326904.0,14.35,5.8,61.23,20:00,0.3819,"46,0",49.1 mm,₺1.88,"723,992",  3.2  ,56%
Diyarbakir,Southeastern Anatolia,Large City,2015,10,Autumn,16.44,60.79,1801268,1090.31,11244.07,Low,5.0,529413.0,29.6,18.68,,,0.7197,"43,7",81.3 mm,₺2.25,"689,502",  4.6  ,54%
Sakarya,Marmara,Medium City,2022,3,Spring,20.24,,1003000,1268.02,12609.95,Medium,3.0,366497.0,32.64,11.32,,08:00,0.4411,"59,0",261.0 mm,₺0.96,"185,070",,74%
Mardin,Southeastern Anatolia,Small City,2018,4,Spring,23.97,58.72,833645,206.12,8512.05,Low,3.0,290808.0,13.48,6.58,20.3,20:00,0.29,"66,7",125.2 mm,,"287,028",  2.4  ,62%
Antalya,Mediterranean,Large City,2022,7,Summer,38.21,83.45,2619832,1496.24,10958.33,Low,7.0,918975.0,26.7,7.13,67.39,19:00,1.5596,,297.9 mm,₺2.46,"536,437",  2.5  ,97%
Hatay,Mediterranean,Large City,2022,12,Winter,6.77,80.69,1609856,848.35,9966.38,Low,6.0,461066.0,21.63,18.12,67.57,10:00,0.8601,"22,6",286.3 mm,₺0.68,"583,729",  9.3  ,47%
Malatya,Eastern Anatolia,Medium City,2018,7,Summer,19.62,49.09,781118,160.98,10730.88,Low,3.0,232849.0,10.4,,59.89,18:00,0.3835,"12,9",14.5 mm,,"215,276",  9.3  ,59%
Erzurum,Eastern Anatolia,Medium City,2022,1,Winter,-6.24,52.28,762321,476.11,9081.25,Low,1.0,265598.0,7.08,8.61,15.54,20:00,0.4789,"51,0",94.3 mm,₺0.8,"43,511",  3.0  ,80%
Sivas,Central Anatolia,Medium City,2021,6,Summer,28.17,76.77,634149,134.07,7618.89,Low,1.0,205098.0,31.03,17.2,18.09,10:00,0.4176,"23,3",,,"516,128",  9.8  ,38%
Bursa,Marmara,Large City,2017,2,Winter,2.11,48.36,3056120,741.23,17177.7,High,8.0,1117317.0,20.42,12.6,58.75,10:00,2.5239,"67,0",100.2 mm,₺2.0,"30,154",  11.9  ,63%
Malatya,Eastern Anatolia,Medium City,2017,12,Winter,-4.93,57.92,781118,191.56,,Low,3.0,282145.0,25.94,18.82,,10:00,0.4779,"39,9",211.2 mm,₺1.27,"591,969",  2.0  ,32%
Erzurum,Eastern Anatolia,Medium City,2023,9,Autumn,10.51,78.29,762321,318.17,4837.22,Low,3.0,224181.0,13.54,16.33,41.92,21:00,0.3842,"56,8",62.4 mm,₺1.01,"878,115",,79%
Afyonkarahisar,Aegean,Small City,2016,9,Autumn,16.26,41.55,734000,508.17,10792.24,Low,1.0,243455.0,11.98,,27.12,20:00,0.2664,"31,6",110.9 mm,₺1.8,"214,622",  3.8  ,
Malatya,Eastern Anatolia,Medium City,2017,3,Spring,9.85,63.14,781118,316.04,9120.48,Low,1.0,255254.0,23.3,,30.24,21:00,0.3139,"12,8",144.3 mm,₺1.0,"841,761",  5.6  ,73%
Afyonkarahisar,Aegean,Small City,2023,10,Autumn,20.07,41.32,734000,442.42,7359.33,Low,2.0,207916.0,23.1,12.6,14.51,10:00,0.3667,"27,4",240.9 mm,₺1.86,"318,341",  8.3  ,53%
Mardin,Southeastern Anatolia,Small City,2019,2,Winter,3.64,64.59,833645,196.28,9612.05,Low,4.0,304125.0,22.79,10.08,,19:00,1.4658,"17,2",284.6 mm,₺0.69,"211,448",  2.8  ,98%
Malatya,Eastern Anatolia,Medium City,2022,4,Spring,11.31,70.85,781118,172.41,7227.2,Low,1.0,261302.0,25.82,8.06,59.75,19:00,0.3051,"22,5",129.3 mm,₺1.84,,  5.8  ,35%
Diyarbakir,Southeastern Anatolia,Large City,2019,2,Winter,4.73,47.58,1801268,540.37,8849.41,Low,6.0,658967.0,19.87,9.48,74.91,10:00,1.1028,"45,8",,₺1.54,"528,617",  5.1  ,95%
Hatay,Mediterranean,Large City,2023,11,Autumn,21.76,69.03,1609856,480.96,11120.85,Low,6.0,584611.0,18.36,5.54,65.22,20:00,0.6741,"31,6",62.5 mm,₺1.58,"341,810",  6.5  ,30%
Mugla,Aegean,Medium City,2023,2,Winter,6.68,83.1,1012321,298.48,8896.71,Low,2.0,304591.0,36.45,,22.79,09:00,0.6265,"60,8",111.0 mm,₺0.6,"207,580",  10.2  ,89%
Van,Eastern Anatolia,Medium City,2017,3,Spring,10.01,,1126384,613.63,9196.87,Low,2.0,386350.0,42.14,13.85,64.95,19:00,0.4461,"53,6",244.9 mm,₺0.69,"349,327",  6.3  ,
Mardin,Southeastern Anatolia,Small City,2017,7,Summer,39.19,57.49,833645,265.34,7729.56,Low,2.0,270469.0,28.86,13.19,10.95,,0.4491,"62,8",146.0 mm,₺2.28,"211,015",  4.0  ,61%
Manisa,Aegean,Medium City,2020,11,Autumn,20.35,57.29,1452881,478.11,10603.66,Medium,3.0,538325.0,36.28,16.18,35.71,10:00,0.7493,"64,3",137.7 mm,₺1.26,"437,227",  2.3  ,40%
Balıkesir,Marmara,Medium City,2020,4,Spring,16.45,84.36,1264958,1619.17,10552.41,Low,3.0,366772.0,31.62,17.1,47.51,21:00,0.4799,"44,5",272.9 mm,₺1.17,"716,079",  7.3  ,52%
Diyarbakir,Southeastern Anatolia,Large City,2016,9,Autumn,21.69,,1801268,648.01,11459.9,Low,4.0,579569.0,12.1,5.2,53.27,,0.6858,"24,2",170.9 mm,₺1.9,"642,820",  6.9  ,41%
Van,Eastern Anatolia,Medium City,2018,8,Summer,22.35,80.31,1126384,267.58,8296.29,Low,2.0,408434.0,14.62,15.09,53.75,08:00,0.5288,"79,7",290.3 mm,₺1.67,"460,864",  3.3  ,36%
Gaziantep,Southeastern Anatolia,Large City,2018,5,Spring,20.06,64.46,2101263,693.84,16105.85,High,7.0,730617.0,36.61,8.27,62.21,08:00,1.2819,"13,0",255.2 mm,₺2.09,"232,283",  6.5  ,67%
Ankara,Central Anatolia,Megacity,2021,4,Spring,13.48,51.84,5639076,1811.14,18493.67,High,16.0,1893284.0,30.65,8.95,14.17,20:00,3.1856,"36,1",266.2 mm,₺1.44,,  4.4  ,93%
Adana,Mediterranean,Large City,2018,7,Summer,40.28,53.45,2237940,650.97,14846.19,High,6.0,766589.0,30.93,19.0,47.78,09:00,1.8102,"16,6",88.4 mm,₺0.7,"37,839",  7.4  ,69%
Diyarbakir,Southeastern Anatolia,Large City,2019,3,Spring,23.84,83.48,1801268,421.43,7435.98,Low,4.0,656026.0,23.3,9.02,30.38,10:00,0.7122,"43,0",259.6 mm,₺1.45,"150,705",  10.9  ,81%
Gaziantep,Southeastern Anatolia,Large City,2019,1,Winter,5.68,68.13,2101263,1326.32,19519.41,High,8.0,642905.0,23.38,14.34,47.81,10:00,1.6864,"65,5",210.2 mm,₺1.91,"812,598",  2.2  ,98%
Afyonkarahisar,Aegean,Small City,2020,10,Autumn,21.49,60.85,734000,193.77,7267.49,Low,2.0,219523.0,6.89,7.04,25.92,21:00,0.3007,"40,6",274.3 mm,₺2.23,"252,698",  5.3  ,76%
Sivas,Central Anatolia,Medium City,2019,1,Winter,0.29,,634149,137.37,10007.22,Low,2.0,198187.0,29.04,19.86,71.18,10:00,0.3894,"37,6",235.7 mm,₺1.7,"650,780",  12.0  ,44%
Sakarya,Marmara,Medium City,2016,3,Spring,18.03,71.92,1003000,1820.65,13092.67,Medium,2.0,351417.0,37.83,9.5,24.29,20:00,0.4445,"29,9",86.3 mm,₺1.09,"177,368",  6.8  ,61%
Sivas,Central Anatolia,Medium City,2019,9,Autumn,10.51,59.13,634149,193.99,9083.11,Low,3.0,215152.0,15.94,13.56,60.39,10:00,0.2769,"10,8",11.4 mm,₺0.76,"279,295",  11.4  ,73%
Erzurum,Eastern Anatolia,Medium City,2022,7,Summer,21.83,60.78,762321,1052.51,7048.65,Low,1.0,267271.0,22.41,,51.03,20:00,0.425,"59,3",155.4 mm,₺1.42,"606,299",  10.8  ,43%
Bursa,Marmara,Large City,2016,10,Autumn,13.84,70.11,3056120,1913.53,16239.18,High,10.0,1142580.0,33.03,13.84,32.74,09:00,1.6195,"61,4",154.0 mm,₺1.74,"306,230",  5.9  ,92%
Denizli,Aegean,Medium City,2018,5,Spring,25.21,50.04,1062840,998.38,13109.97,Medium,4.0,,12.11,12.97,42.45,18:00,0.6008,"51,1",253.7 mm,₺2.06,"435,820",  8.0  ,81%
Erzurum,Eastern Anatolia,Medium City,2017,12,Winter,-9.77,45.58,762321,247.0,9904.47,Low,1.0,237216.0,32.67,14.26,32.79,09:00,0.1419,"72,7",105.1 mm,₺1.57,"222,616",  10.7  ,87%
Sivas,Central Anatolia,Medium City,2019,9,Autumn,13.57,70.31,634149,431.5,10622.53,Low,3.0,230236.0,15.33,16.71,61.85,08:00,0.2388,"15,0",53.5 mm,₺2.39,"797,143",  2.2  ,56%
Mugla,Aegean,Medium City,2019,10,Autumn,20.29,70.3,1012321,291.12,9899.99,Low,3.0,380971.0,11.25,8.52,26.59,18:00,0.3885,"20,0",63.8 mm,₺2.5,"533,330",  9.8  ,49%
Izmir,Aegean,Megacity,2015,1,Winter,,,4394694,1521.05,16382.01,High,13.0,1549668.0,16.9,14.35,12.55,10:00,3.6338,"68,6",211.8 mm,₺2.44,"674,988",  8.5  ,83%
Mardin,Southeastern Anatolia,Small City,2017,2,Winter,2.19,70.19,833645,316.41,9694.95,Low,3.0,249024.0,11.84,11.39,60.26,19:00,0.4557,"54,6",76.2 mm,₺1.16,"147,671",  2.1  ,67%
Manisa,Aegean,Medium City,2021,12,Winter,4.38,45.05,1452881,472.74,16405.74,Medium,4.0,431408.0,16.84,15.66,64.08,10:00,1.059,"43,7",39.1 mm,₺0.56,"729,711",  2.6  ,95%
Sakarya,Marmara,Medium City,2018,1,Winter,0.8,81.89,1003000,384.78,12349.05,Medium,3.0,,34.48,19.62,54.34,21:00,0.6444,"62,9",106.6 mm,₺2.46,"333,076",  3.7  ,77%
Bursa,Marmara,Large City,2021,5,Spring,16.59,63.69,3056120,969.0,,High,10.0,,27.13,8.68,51.51,21:00,1.8737,"63,2",213.9 mm,₺0.56,"365,387",  8.2  ,59%
Van,Eastern Anatolia,Medium City,2019,6,Summer,24.48,75.79,1126384,283.62,7745.49,Low,4.0,427984.0,42.93,8.37,42.22,18:00,0.6238,"46,6",286.6 mm,₺1.26,"555,964",  2.3  ,99%
Van,Eastern Anatolia,Medium City,2022,11,Autumn,5.75,48.27,1126384,397.05,10674.37,Low,2.0,374934.0,29.1,12.35,31.74,10:00,0.5468,"56,7",,₺0.9,"530,838",  6.3  ,84%
Kahramanmaras,Mediterranean,Medium City,2018,6,Summer,36.7,75.64,1178234,316.35,8737.3,Low,3.0,360644.0,36.7,15.49,57.4,08:00,0.7198,"23,7",202.6 mm,₺2.05,"228,186",  8.3  ,39%
Konya,Central Anatolia,Large City,2022,11,Autumn,11.82,80.29,2320259,578.48,16059.05,Medium,7.0,856362.0,6.15,18.66,24.2,19:00,1.3348,"57,8",207.3 mm,₺1.71,"610,230",  3.4  ,40%
Mardin,Southeastern Anatolia,Small City,2021,12,Winter,4.49,82.28,833645,205.26,9258.83,Low,3.0,250157.0,23.8,12.54,30.48,,0.4949,"35,0",18.8 mm,₺2.36,"366,193",  7.4  ,
Kahramanmaras,Mediterranean,Medium City,2020,5,Spring,25.37,72.93,1178234,603.04,9695.63,Low,4.0,366398.0,35.15,11.71,41.38,08:00,0.5123,"51,3",219.3 mm,₺1.22,"457,088",  5.8  ,49%
Gaziantep,Southeastern Anatolia,Large City,2019,3,Spring,24.81,,2101263,1529.04,17094.14,High,6.0,589443.0,29.46,6.22,50.81,21:00,1.2093,"50,1",128.8 mm,₺0.57,"832,998",  8.0  ,94%
Istanbul,Marmara,Megacity,2016,2,Winter,0.62,78.55,15840900,3573.2,16670.27,High,42.0,5884786.0,13.13,18.79,74.3,19:00,13.4415,"50,8",245.0 mm,₺1.74,"309,224",  3.3  ,60%
Samsun,Black Sea,Large City,2017,8,Summer,31.25,66.69,1361505,1367.96,,Low,5.0,430566.0,42.97,17.49,66.14,08:00,0.7194,"57,7",149.4 mm,₺1.71,"353,733",  11.8  ,
Izmir,Aegean,Megacity,2016,7,Summer,33.04,,4394694,4395.64,17949.93,High,11.0,1540250.0,6.48,13.03,32.05,20:00,3.6875,"10,8",,₺1.56,"501,523",  10.7  ,44%
Izmir,Aegean,Megacity,2022,1,Winter,,66.42,4394694,1203.1,19797.55,High,,1463259.0,30.15,10.13,35.17,19:00,4.3766,"20,9",52.1 mm,₺1.94,"651,205",  8.0  ,39%
Izmir,Aegean,Megacity,2022,7,Summer,32.22,69.07,4394694,2241.0,16856.64,High,11.0,,38.77,6.47,19.75,20:00,3.7055,"27,4",211.5 mm,₺1.48,"385,689",  8.6  ,53%
Erzurum,Eastern Anatolia,Medium City,2017,12,Winter,-10.05,73.46,762321,216.35,9441.59,Low,3.0,228672.0,21.03,8.1,42.91,21:00,0.4283,"77,5",270.7 mm,₺1.24,"501,773",  4.8  ,51%
Izmir,Aegean,Megacity,2016,12,Winter,5.23,69.37,4394694,1361.79,16727.43,High,12.0,1649580.0,34.44,13.2,21.9,21:00,3.636,"54,3",115.0 mm,₺1.38,"419,194",,65%
Tekirdag,Marmara,Medium City,2019,12,Winter,2.58,41.42,1085000,267.83,13074.1,Medium,4.0,350435.0,7.08,5.57,14.1,21:00,0.7302,"18,1",51.2 mm,₺2.3,"37,919",  11.5  ,
Balıkesir,Marmara,Medium City,2016,9,Autumn,13.33,65.52,1264958,314.07,8950.46,Low,5.0,433238.0,41.98,10.96,60.69,08:00,0.4705,"56,1",,₺2.11,"90,397",  8.2  ,34%
Hatay,Mediterranean,Large City,2020,11,Autumn,18.72,62.62,1609856,613.91,,Low,4.0,498710.0,12.71,6.94,60.7,08:00,0.7157,"68,1",257.1 mm,₺0.7,"720,281",  2.5  ,87%
Afyonkarahisar,Aegean,Small City,2017,2,Winter,4.37,48.0,734000,427.26,8249.19,Low,1.0,219820.0,30.0,18.27,57.53,21:00,0.432,"72,5",25.3 mm,₺0.87,"736,492",  6.3  ,68%
Gaziantep,Southeastern Anatolia,Large City,2019,3,Spring,20.64,50.16,2101263,845.33,18601.6,High,8.0,711864.0,39.94,9.94,65.07,19:00,1.2746,"20,6",18.1 mm,₺0.94,"776,668",  7.2  ,58%
Van,Eastern Anatolia,Medium City,2019,4,Spring,12.08,69.14,1126384,237.31,11500.6,Low,3.0,385482.0,35.28,8.11,47.7,08:00,0.4822,"76,1",104.3 mm,₺1.29,"193,324",  10.9  ,31%
Hatay,Mediterranean,Large City,2022,12,Winter,8.47,68.51,1609856,388.26,10727.27,Low,,451857.0,38.25,15.11,50.81,21:00,0.8694,"22,4",59.5 mm,₺2.14,"242,215",  8.1  ,84%
Van,Eastern Anatolia,Medium City,2022,12,Winter,-4.51,47.72,1126384,391.36,9820.97,Low,2.0,,30.76,17.66,40.07,21:00,0.7059,"16,5",46.9 mm,₺1.93,"646,526",  11.8  ,89%
Diyarbakir,Southeastern Anatolia,Large City,2023,10,Autumn,,60.04,1801268,399.71,9377.82,Low,,644108.0,24.83,18.05,15.46,19:00,0.9004,"52,3",142.0 mm,₺1.26,"443,536",  9.9  ,65%
Hatay,Mediterranean,Large City,2016,2,Winter,9.54,,1609856,1180.18,11987.06,Low,5.0,534771.0,21.7,15.96,14.82,21:00,0.9146,,159.8 mm,₺1.46,"811,228",  7.4  ,86%
Eskisehir,Central Anatolia,Medium City,2021,8,Summer,26.6,69.37,882456,940.23,,Medium,3.0,296439.0,24.2,13.57,29.96,08:00,0.6706,"7,7",162.8 mm,₺1.63,,  5.5  ,55%
Kayseri,Central Anatolia,Large City,2016,8,Summer,25.57,55.68,1441523,358.38,13520.09,Medium,4.0,512793.0,5.87,8.5,48.1,19:00,0.8584,"64,7",162.1 mm,₺2.08,"589,495",  10.2  ,96%
Erzurum,Eastern Anatolia,Medium City,2018,1,Winter,-6.54,83.32,762321,245.72,7109.75,Low,2.0,260897.0,12.83,7.11,60.79,20:00,1.2445,"15,7",186.3 mm,₺1.15,"157,672",  6.0  ,35%
Manisa,Aegean,Medium City,2019,11,Autumn,18.26,65.63,1452881,612.7,14004.37,Medium,4.0,547727.0,43.04,11.22,50.75,21:00,0.6877,"11,5",189.9 mm,₺1.27,,  9.6  ,65%
Sivas,Central Anatolia,Medium City,2020,2,Winter,-4.77,42.14,634149,147.34,10838.82,Low,1.0,234090.0,18.15,16.82,,20:00,0.3929,"66,4",19.8 mm,₺1.31,"543,920",  2.9  ,90%
Izmir,Aegean,Megacity,2020,7,Summer,35.96,48.97,4394694,2163.74,20944.44,High,12.0,1455152.0,,18.26,67.01,19:00,3.4426,"77,2",101.9 mm,₺1.87,,  5.4  ,47%
Trabzon,Black Sea,Medium City,2019,2,Winter,0.38,55.13,811874,424.07,10855.89,Low,2.0,245569.0,11.11,7.7,48.85,20:00,0.4257,"62,1",167.1 mm,₺0.85,"775,101",  11.2  ,96%
Malatya,Eastern Anatolia,Medium City,2020,9,Autumn,7.82,48.89,781118,345.19,12666.87,Low,2.0,245121.0,28.27,11.02,18.24,20:00,0.3123,"66,5",11.7 mm,₺0.97,"288,431",  9.7  ,66%
Sakarya,Marmara,Medium City,2021,8,Summer,29.81,60.81,1003000,229.68,12964.91,Medium,3.0,285413.0,44.62,18.19,37.5,09:00,0.7113,"75,3",232.4 mm,,"431,833",  8.2  ,62%
Malatya,Eastern Anatolia,Medium City,2020,6,Summer,23.62,80.33,781118,424.51,7297.55,Low,3.0,241158.0,24.25,13.95,48.51,21:00,0.4339,"36,0",208.2 mm,₺2.1,"803,350",  5.6  ,38%
Istanbul,Marmara,Megacity,2016,3,Spring,18.47,81.16,15840900,14392.84,16922.9,High,42.0,4692891.0,34.08,13.7,53.82,,8.068,"28,9",143.5 mm,,"125,174",  11.4  ,94%
Bursa,Marmara,Large City,2021,6,Summer,30.87,41.49,3056120,1022.79,18517.35,High,8.0,1017973.0,30.37,15.21,39.11,18:00,2.4105,"58,0",101.8 mm,₺2.22,"683,854",,96%
Konya,Central Anatolia,Large City,2021,12,Winter,1.48,49.31,2320259,589.97,10791.47,Medium,6.0,676135.0,15.97,6.7,32.6,21:00,1.7828,"52,1",256.8 mm,₺2.33,"823,575",  2.1  ,47%
Kayseri,Central Anatolia,Large City,2021,6,Summer,25.84,65.74,1441523,289.06,11807.81,Medium,4.0,455674.0,34.46,5.28,11.26,18:00,0.9778,"56,4",86.9 mm,,"809,461",  9.6  ,37%
Manisa,Aegean,Medium City,2015,9,Autumn,18.69,84.25,1452881,508.48,11700.33,Medium,3.0,526978.0,5.88,5.6,49.5,20:00,0.7081,"58,5",119.3 mm,,"764,331",  9.8  ,40%
Ankara,Central Anatolia,Megacity,2019,8,Summer,,47.74,5639076,9447.32,,High,16.0,1818306.0,39.97,5.76,21.86,10:00,5.3618,"58,6",78.0 mm,₺1.59,"54,185",  3.0  ,92%
Manisa,Aegean,Medium City,2018,10,Autumn,19.89,77.21,1452881,495.15,13273.16,Medium,5.0,493981.0,40.79,12.45,21.75,,0.7555,,105.8 mm,₺1.14,"81,803",  3.3  ,82%
Kayseri,Central Anatolia,Large City,2016,10,Autumn,12.62,59.09,1441523,469.3,15213.03,Medium,4.0,,18.21,11.52,36.34,21:00,0.7162,"21,7",128.4 mm,₺2.23,"120,976",  10.0  ,97%
Istanbul,Marmara,Megacity,2020,2,Winter,3.74,68.56,15840900,12701.63,16287.35,High,42.0,5144495.0,40.88,12.8,46.26,21:00,14.719,"11,2",282.1 mm,₺0.99,"871,211",  8.6  ,61%
Kocaeli,Marmara,Large City,2023,4,Spring,17.91,53.75,2031963,1911.8,19631.18,High,7.0,733125.0,39.9,12.61,33.93,19:00,1.3103,"42,5",116.6 mm,₺1.29,"472,038",  3.2  ,89%
Denizli,Aegean,Medium City,2021,5,Spring,21.8,49.61,1062840,678.15,14709.08,Medium,2.0,371454.0,7.23,19.98,20.42,,0.5564,"75,5",243.7 mm,₺1.56,"548,979",  8.3  ,74%
Denizli,Aegean,Medium City,2023,1,Winter,7.18,80.38,1062840,593.54,12143.22,Medium,2.0,328236.0,42.31,14.49,51.5,10:00,0.7496,"60,1",103.5 mm,₺2.02,"132,945",  7.2  ,55%
Kayseri,Central Anatolia,Large City,2020,4,Spring,17.77,56.09,1441523,694.2,9954.14,Medium,5.0,,15.61,18.88,38.37,10:00,0.6664,"17,3",88.1 mm,₺1.95,"548,330",  11.4  ,41%
Istanbul,Marmara,Megacity,2017,8,Summer,,,15840900,8747.71,,High,40.0,4672428.0,23.66,18.47,63.69,21:00,11.5441,"10,0",188.7 mm,₺1.82,"224,447",  2.5  ,35%
Tekirdag,Marmara,Medium City,2018,1,Winter,-0.5,64.02,1085000,379.78,15404.85,Medium,2.0,,21.66,,49.4,08:00,0.6913,"48,7",253.7 mm,₺2.22,"840,382",  3.3  ,90%
Samsun,Black Sea,Large City,2015,1,Winter,-1.98,,1361505,1297.08,12181.0,Low,3.0,472660.0,34.07,16.65,,19:00,0.7298,"48,7",200.8 mm,₺1.6,"768,109",  11.1  ,85%
Mardin,Southeastern Anatolia,Small City,2019,6,Summer,37.44,75.69,833645,1058.95,9041.73,Low,,316457.0,30.17,19.92,65.74,08:00,0.4371,"55,6",41.5 mm,₺0.82,"896,960",  8.4  ,67%
Van,Eastern Anatolia,Medium City,2020,10,Autumn,7.73,60.33,1126384,271.75,8739.99,Low,3.0,421892.0,24.59,19.19,29.99,18:00,0.4839,"23,2",245.6 mm,₺1.09,"528,557",,57%
Eskisehir,Central Anatolia,Medium City,2015,12,Winter,-0.32,65.99,882456,210.62,14481.78,Medium,4.0,279508.0,7.53,15.67,16.08,18:00,0.5492,"38,7",59.2 mm,₺1.54,"849,256",  9.3  ,44%
Kocaeli,Marmara,Large City,2019,10,Autumn,13.98,64.66,2031963,440.64,17889.88,High,6.0,,22.1,5.93,32.37,19:00,1.2297,"57,4",26.7 mm,₺1.26,"209,341",  5.3  ,52%
Samsun,Black Sea,Large City,2022,7,Summer,24.17,,1361505,356.86,10887.16,Low,5.0,517064.0,25.39,14.91,19.55,18:00,0.7844,"16,9",115.7 mm,₺0.69,"164,246",  3.9  ,92%
Konya,Central Anatolia,Large City,2021,6,Summer,30.28,47.27,2320259,903.25,11504.06,Medium,6.0,808416.0,26.21,12.81,12.89,18:00,1.3543,"19,0",72.4 mm,₺0.89,"206,324",  11.0  ,36%
Mersin,Mediterranean,Large City,2022,2,Winter,9.93,52.01,1936586,427.15,13504.82,Medium,,671339.0,18.95,18.26,55.42,19:00,1.5075,"37,9",204.9 mm,₺1.61,"438,179",  5.7  ,81%
Eskisehir,Central Anatolia,Medium City,2021,10,Autumn,11.18,60.01,882456,220.59,14904.72,Medium,3.0,335218.0,15.87,18.55,69.75,18:00,0.4567,"23,8",209.0 mm,₺1.14,"37,459",  8.9  ,98%
Afyonkarahisar,Aegean,Small City,2019,11,Autumn,21.93,43.68,734000,249.39,9422.88,Low,2.0,244646.0,18.42,19.28,51.05,09:00,0.7427,"74,0",210.0 mm,₺1.72,"169,322",  9.8  ,74%
Kahramanmaras,Mediterranean,Medium City,2021,1,Winter,9.72,,1178234,818.59,9965.71,Low,2.0,420927.0,41.47,8.82,27.26,20:00,0.68,"19,2",,₺1.27,"131,070",  2.3  ,65%
Adana,Mediterranean,Large City,2018,7,Summer,37.4,75.67,2237940,602.26,17924.69,High,6.0,824819.0,31.93,11.12,24.42,19:00,1.829,"35,0",157.4 mm,₺2.26,"644,360",  9.4  ,
Konya,Central Anatolia,Large City,2017,7,Summer,24.03,57.46,2320259,702.2,12082.12,Medium,6.0,734373.0,11.19,7.74,38.11,08:00,1.4486,"66,3",232.6 mm,₺1.57,"502,631",,40%
Konya,Central Anatolia,Large City,2017,9,Autumn,10.77,76.48,2320259,700.88,,Medium,5.0,815958.0,19.44,17.66,16.53,20:00,0.9629,"7,9",217.8 mm,₺1.99,"705,235",  8.3  ,66%
Hatay,Mediterranean,Large City,2019,6,Summer,32.85,44.8,1609856,741.24,8142.49,Low,6.0,591291.0,21.81,13.66,66.14,18:00,0.9143,"55,1",211.4 mm,₺1.93,"74,728",,57%
Afyonkarahisar,Aegean,Small City,2016,1,Winter,4.97,72.31,734000,564.41,8841.27,Low,3.0,277617.0,40.12,9.04,34.89,09:00,0.3784,"6,1",133.5 mm,₺0.7,"832,414",  3.7  ,46%
Tekirdag,Marmara,Medium City,2021,3,Spring,17.72,76.89,1085000,621.15,12073.74,Medium,3.0,385363.0,42.62,5.46,64.69,18:00,0.5072,"74,6",253.7 mm,₺0.9,"265,211",  9.9  ,55%
Mersin,Mediterranean,Large City,2018,3,Spring,23.78,62.28,1936586,951.05,12254.65,Medium,6.0,613152.0,39.63,12.47,53.06,21:00,0.9255,"13,6",153.3 mm,₺1.61,,  9.3  ,64%
Adana,Mediterranean,Large City,2017,3,Spring,24.52,77.64,2237940,893.55,18080.28,High,8.0,839790.0,25.15,18.18,59.04,09:00,1.2813,"16,4",128.6 mm,₺1.08,"874,941",  2.5  ,46%
Istanbul,Marmara,Megacity,2015,6,Summer,32.98,76.35,15840900,8837.34,19889.95,High,42.0,6014709.0,32.16,18.98,56.81,08:00,12.2002,"50,6",84.8 mm,₺2.01,"742,489",  11.6  ,48%
Bursa,Marmara,Large City,2015,2,Winter,1.7,65.43,3056120,1609.72,18717.8,High,10.0,880117.0,28.68,15.88,59.8,10:00,2.4025,"68,5",20.3 mm,₺2.43,"605,554",  11.5  ,65%
Denizli,Aegean,Medium City,2017,4,Spring,21.59,48.17,1062840,343.4,12083.63,Medium,,,25.44,7.31,20.09,,0.4627,"37,7",193.1 mm,,"287,832",  10.6  ,99%
Kayseri,Central Anatolia,Large City,2017,10,Autumn,12.82,46.74,1441523,395.93,16380.24,Medium,3.0,516543.0,41.31,11.29,27.44,08:00,0.6583,"39,9",152.2 mm,₺1.62,"392,767",  5.3  ,98%
Kahramanmaras,Mediterranean,Medium City,2021,3,Spring,25.15,68.41,1178234,519.26,9280.94,Low,4.0,365048.0,14.95,19.13,60.41,21:00,0.4912,"67,7",142.1 mm,₺0.58,"784,524",  11.4  ,48%
Mersin,Mediterranean,Large City,2015,9,Autumn,21.2,60.43,1936586,1718.54,14117.78,Medium,5.0,617091.0,37.37,6.33,,19:00,0.9675,"43,2",148.6 mm,₺0.98,"837,800",,80%
Trabzon,Black Sea,Medium City,2018,7,Summer,28.67,48.6,811874,1199.79,7199.64,Low,2.0,283195.0,23.12,18.53,14.01,18:00,0.3854,"39,6",210.3 mm,₺1.2,"253,700",  4.7  ,83%
Samsun,Black Sea,Large City,2023,5,Spring,15.79,44.01,1361505,468.72,8291.2,Low,5.0,465422.0,,18.11,36.39,21:00,0.5143,"27,0",138.3 mm,₺2.19,"122,369",  8.1  ,79%
Izmir,Aegean,Megacity,2022,7,Summer,35.11,51.43,4394694,1197.94,18652.57,High,12.0,1233897.0,29.45,12.84,63.95,20:00,3.5962,"32,2",185.9 mm,₺2.45,"232,217",  10.2  ,56%
Sakarya,Marmara,Medium City,2021,9,Autumn,14.94,70.51,1003000,804.14,12380.21,Medium,3.0,321452.0,30.34,7.48,,08:00,0.5371,"29,6",213.9 mm,₺0.87,"592,472",  10.5  ,42%
Sakarya,Marmara,Medium City,2019,6,Summer,30.67,66.32,1003000,230.39,11326.93,Medium,3.0,369257.0,25.69,5.74,32.31,18:00,0.653,"47,7",261.1 mm,₺2.49,"878,160",  3.9  ,68%
Manisa,Aegean,Medium City,2015,3,Spring,24.12,56.12,1452881,335.17,15312.06,Medium,5.0,519015.0,31.86,12.8,43.81,09:00,0.7311,"63,6",233.5 mm,₺0.53,"537,022",  12.0  ,44%
Denizli,Aegean,Medium City,2015,10,Autumn,18.09,76.79,1062840,315.1,14268.48,Medium,3.0,387133.0,12.31,19.26,35.21,10:00,0.4869,,170.3 mm,₺1.5,"56,054",  2.4  ,
Istanbul,Marmara,Megacity,2021,7,Summer,31.69,42.78,15840900,4027.15,19528.89,High,42.0,4953961.0,,14.61,32.53,19:00,11.0226,"59,1",226.5 mm,₺0.98,"187,748",  6.4  ,38%
Erzurum,Eastern Anatolia,Medium City,2016,2,Winter,-7.08,60.47,762321,531.31,5338.14,Low,,,11.84,18.96,69.99,18:00,0.3689,"55,9",63.2 mm,₺2.46,"640,432",  6.3  ,64%
Mugla,Aegean,Medium City,2022,2,Winter,6.62,72.68,1012321,662.13,8324.9,Low,3.0,380030.0,23.02,6.94,49.4,21:00,1.6356,"74,6",172.9 mm,₺2.38,"675,912",  3.3  ,58%
Gaziantep,Southeastern Anatolia,Large City,2015,11,Autumn,19.4,46.82,2101263,720.08,16683.47,High,,661777.0,32.47,13.52,55.84,21:00,1.307,"70,0",235.8 mm,₺0.97,"678,383",  3.4  ,49%
Antalya,Mediterranean,Large City,2016,7,Summer,35.63,,2619832,850.31,9710.9,Low,7.0,935213.0,,15.97,73.4,20:00,1.2591,"74,4",114.9 mm,₺2.22,"205,358",  2.3  ,65%
Erzurum,Eastern Anatolia,Medium City,2019,1,Winter,-7.38,52.77,762321,1427.82,9339.0,Low,2.0,238633.0,14.77,12.47,70.69,10:00,0.4745,"8,2",51.7 mm,₺2.39,"831,630",  2.9  ,36%
Mardin,Southeastern Anatolia,Small City,2023,3,Spring,19.04,82.6,833645,321.71,8755.63,Low,2.0,284947.0,10.83,8.45,14.38,09:00,0.3305,"34,5",242.0 mm,₺1.26,"498,387",  7.5  ,87%
Tekirdag,Marmara,Medium City,2015,10,Autumn,15.31,41.94,1085000,1848.46,10384.23,Medium,2.0,344931.0,38.42,5.22,31.93,20:00,0.4995,"48,8",61.5 mm,₺1.26,"67,500",  4.9  ,98%
Izmir,Aegean,Megacity,2018,4,Spring,20.94,80.13,4394694,7727.18,17582.47,High,11.0,1668582.0,5.07,17.4,57.26,18:00,2.5733,"39,6",161.2 mm,₺2.08,"277,495",  11.8  ,32%
Denizli,Aegean,Medium City,2019,4,Spring,26.22,71.98,1062840,465.19,13784.15,Medium,4.0,324180.0,26.83,9.3,,09:00,0.5631,"56,0",66.8 mm,₺1.78,"875,494",  11.9  ,71%
Manisa,Aegean,Medium City,2017,8,Summer,34.07,72.72,1452881,314.62,10317.9,Medium,5.0,503033.0,44.49,8.38,49.63,19:00,0.9409,"79,1",166.4 mm,,"655,674",  8.7  ,98%
Hatay,Mediterranean,Large City,2021,4,Spring,26.71,47.85,1609856,425.72,7479.95,Low,5.0,485454.0,,14.99,24.37,18:00,0.5538,,210.1 mm,₺1.51,"749,211",  11.4  ,69%
Bursa,Marmara,Large City,2023,9,Autumn,13.55,53.11,3056120,731.19,19517.03,High,10.0,,32.03,8.92,33.51,10:00,2.261,,200.9 mm,₺1.23,"522,016",  9.5  ,39%
Ankara,Central Anatolia,Megacity,2022,3,Spring,15.86,47.84,5639076,3084.59,16683.28,High,17.0,1710167.0,11.84,11.18,52.45,19:00,4.047,"16,5",146.0 mm,₺1.66,"175,962",  11.8  ,33%
Mardin,Southeastern Anatolia,Small City,2020,10,Autumn,24.77,83.27,833645,295.89,,Low,3.0,306180.0,18.45,9.41,61.8,,0.3395,"30,0",254.3 mm,₺2.23,"750,898",  4.7  ,64%
Erzurum,Eastern Anatolia,Medium City,2020,4,Spring,10.24,60.77,762321,245.49,12468.43,Low,1.0,275702.0,6.08,15.92,13.46,09:00,0.3085,"76,5",171.3 mm,₺0.55,"332,813",  2.7  ,46%
Gaziantep,Southeastern Anatolia,Large City,2020,9,Autumn,19.27,43.21,2101263,1013.31,18277.02,High,6.0,662581.0,43.26,16.06,29.27,18:00,1.3892,"37,0",101.0 mm,₺0.91,"673,613",  8.7  ,66%
Diyarbakir,Southeastern Anatolia,Large City,2018,2,Winter,6.33,42.68,1801268,402.46,8988.41,Low,4.0,665224.0,22.57,17.7,14.06,08:00,1.08,"36,3",146.5 mm,₺1.31,"813,839",  4.9  ,81%
Mersin,Mediterranean,Large City,2018,2,Winter,9.42,78.02,1936586,591.34,14083.81,Medium,6.0,548543.0,30.05,6.97,69.86,08:00,1.3207,"70,3",203.7 mm,₺1.08,"570,668",  10.5  ,50%
Izmir,Aegean,Megacity,2015,10,Autumn,16.67,55.42,4394694,2307.41,19710.77,High,13.0,1326340.0,12.75,13.15,59.7,20:00,2.3299,"8,1",164.6 mm,₺0.53,"151,013",  4.1  ,55%
Kocaeli,Marmara,Large City,2016,6,Summer,29.01,57.2,2031963,640.55,18092.41,High,6.0,699895.0,13.58,,11.77,10:00,1.4492,"14,0",15.3 mm,₺1.66,,  2.2  ,32%
Antalya,Mediterranean,Large City,2016,9,Autumn,21.67,73.56,2619832,638.51,10260.23,Low,6.0,776290.0,21.76,8.35,,19:00,1.0124,"14,5",123.1 mm,₺2.14,"270,126",  11.1  ,65%
Istanbul,Marmara,Megacity,2019,11,Autumn,14.84,75.87,15840900,8398.99,19385.9,High,42.0,4506666.0,12.31,6.87,71.06,10:00,9.3261,"79,2",200.9 mm,₺2.19,"153,541",  8.7  ,46%
Denizli,Aegean,Medium City,2016,3,Spring,24.95,66.86,1062840,612.14,12531.12,Medium,4.0,310351.0,24.31,18.01,70.4,20:00,0.4621,"11,7",94.6 mm,₺0.86,"605,758",  4.0  ,94%
Trabzon,Black Sea,Medium City,2019,11,Autumn,15.16,73.77,811874,177.06,9745.94,Low,3.0,246459.0,38.01,7.8,51.19,18:00,0.3551,"35,2",68.8 mm,₺1.77,"240,964",  7.7  ,74%
Izmir,Aegean,Megacity,2021,1,Winter,7.87,76.48,4394694,1260.43,16424.72,High,13.0,,10.84,9.34,43.92,10:00,3.6768,"71,8",141.0 mm,₺0.61,"621,565",  6.9  ,67%
Sakarya,Marmara,Medium City,2021,7,Summer,32.14,40.49,1003000,815.72,14441.34,Medium,2.0,355326.0,27.4,9.38,42.88,10:00,0.6702,"33,8",242.6 mm,₺0.93,"241,326",  7.1  ,38%
Malatya,Eastern Anatolia,Medium City,2020,2,Winter,,74.36,781118,245.76,7417.01,Low,1.0,259775.0,30.79,11.16,71.57,10:00,0.4448,"6,8",159.4 mm,₺2.18,"680,024",,
Eskisehir,Central Anatolia,Medium City,2023,1,Winter,-2.99,48.41,882456,273.65,11159.69,Medium,3.0,285080.0,21.47,19.02,67.07,08:00,0.6403,"36,5",26.9 mm,₺1.53,"796,408",  2.3  ,49%
Denizli,Aegean,Medium City,2023,11,Autumn,20.1,,1062840,582.46,14890.56,Medium,3.0,372392.0,22.87,17.96,11.49,21:00,0.5369,"11,3",100.5 mm,₺0.84,"586,606",  10.4  ,63%
Eskisehir,Central Anatolia,Medium City,2020,11,Autumn,9.91,60.89,882456,222.88,12743.21,Medium,3.0,297803.0,14.02,8.6,46.44,08:00,0.4697,"49,3",171.0 mm,₺0.67,"166,666",  5.2  ,48%
Sivas,Central Anatolia,Medium City,2019,7,Summer,27.52,64.9,634149,187.9,9521.28,Low,3.0,195126.0,26.86,10.13,31.82,10:00,0.2877,"40,1",167.9 mm,₺0.62,"58,511",  3.4  ,55%
Gaziantep,Southeastern Anatolia,Large City,2022,10,Autumn,17.85,41.97,2101263,848.2,18546.41,High,6.0,666555.0,42.12,8.37,38.08,19:00,1.4287,"31,7",149.7 mm,₺2.06,"579,661",  6.7  ,38%
Ankara,Central Anatolia,Megacity,2018,1,Winter,-4.29,79.96,5639076,1250.2,15705.92,High,16.0,1843866.0,21.41,19.83,26.67,19:00,5.8218,"68,7",208.2 mm,₺1.56,"427,175",  10.6  ,38%
Hatay,Mediterranean,Large City,2020,9,Autumn,21.98,65.94,1609856,751.6,8234.81,Low,4.0,576322.0,5.66,17.59,14.11,18:00,0.6097,"73,3",,₺0.7,"821,468",  6.5  ,84%
Samsun,Black Sea,Large City,2022,1,Winter,1.11,72.03,1361505,525.55,5951.52,Low,3.0,504178.0,38.01,,66.17,09:00,0.8841,"42,2",160.1 mm,₺1.07,"873,014",  8.2  ,47%
Tekirdag,Marmara,Medium City,2021,4,Spring,16.47,79.5,1085000,258.42,12480.79,Medium,2.0,330714.0,7.62,12.48,,19:00,0.4452,"38,6",224.9 mm,₺1.42,"439,412",,63%
Antalya,Mediterranean,Large City,2017,1,Winter,6.13,77.32,2619832,2803.74,10628.97,Low,8.0,917906.0,39.91,6.69,45.15,19:00,1.2494,"73,8",289.9 mm,₺1.81,"727,466",  8.5  ,89%
Manisa,Aegean,Medium City,2017,5,Spring,18.89,70.77,1452881,439.98,14385.97,Medium,4.0,449684.0,27.64,9.51,33.47,21:00,0.624,"70,9",187.0 mm,₺1.09,"145,228",  9.9  ,51%
Bursa,Marmara,Large City,2022,11,Autumn,14.64,72.19,3056120,965.06,20676.9,High,8.0,936631.0,29.99,14.99,36.53,18:00,2.1129,"68,5",105.8 mm,₺2.43,"547,346",  10.9  ,69%
Gaziantep,Southeastern Anatolia,Large City,2017,3,Spring,27.42,82.78,2101263,691.89,15133.55,High,8.0,762704.0,9.24,17.51,71.49,19:00,1.1999,"53,3",67.5 mm,₺1.33,"581,573",  8.3  ,99%
Erzurum,Eastern Anatolia,Medium City,2017,4,Spring,12.83,51.04,762321,750.93,9455.09,Low,3.0,215754.0,5.78,5.65,73.73,10:00,0.2842,"44,9",,₺2.17,"184,493",  10.0  ,43%
Sakarya,Marmara,Medium City,2016,10,Autumn,16.72,,1003000,272.43,10053.2,Medium,3.0,336423.0,6.42,12.47,46.32,19:00,0.4112,"77,4",224.4 mm,₺0.61,"249,800",  4.1  ,31%
Van,Eastern Anatolia,Medium City,2019,8,Summer,26.75,79.08,1126384,329.08,8690.28,Low,4.0,427533.0,26.11,8.17,73.77,09:00,0.6355,"26,9",95.1 mm,₺2.33,"618,220",  11.8  ,32%
Denizli,Aegean,Medium City,2023,2,Winter,6.52,79.6,1062840,286.75,12756.38,Medium,3.0,395131.0,39.69,13.95,48.05,20:00,0.8503,"28,0",238.5 mm,₺2.45,"443,262",  11.1  ,66%
Tekirdag,Marmara,Medium City,2018,3,Spring,16.94,59.83,1085000,234.95,12498.92,Medium,4.0,335479.0,28.58,14.06,69.84,19:00,0.4452,"12,6",145.9 mm,₺0.95,"495,993",  7.9  ,60%
Hatay,Mediterranean,Large City,2020,1,Winter,8.98,82.55,1609856,469.31,9777.39,Low,6.0,548965.0,10.43,17.04,73.76,09:00,0.8889,"35,2",128.3 mm,₺2.01,,  5.1  ,85%
Ankara,Central Anatolia,Megacity,2016,11,Autumn,15.12,55.57,5639076,1713.21,16987.44,High,16.0,2104389.0,32.61,5.0,45.77,10:00,3.5926,"43,9",,₺0.98,"536,768",  10.4  ,95%
Mersin,Mediterranean,Large City,2017,10,Autumn,26.23,41.01,1936586,3336.81,15558.35,Medium,4.0,732269.0,16.36,,17.81,19:00,0.8748,"12,8",262.7 mm,₺0.91,"428,747",  3.2  ,88%
Diyarbakir,Southeastern Anatolia,Large City,2022,1,Winter,3.87,72.49,1801268,981.33,4858.41,Low,6.0,600162.0,34.63,17.94,61.31,08:00,1.0719,"30,1",154.8 mm,₺2.25,"544,085",  4.4  ,34%
Istanbul,Marmara,Megacity,2016,12,Winter,2.11,63.1,15840900,19718.33,17761.76,High,42.0,5965649.0,22.7,18.1,26.58,,11.7185,"36,7",125.9 mm,₺1.91,"547,494",  10.2  ,46%
Bursa,Marmara,Large City,2016,8,Summer,30.03,73.88,3056120,1650.5,16335.79,High,10.0,991900.0,18.88,8.13,13.38,08:00,1.8797,"79,2",46.4 mm,₺1.57,"759,593",  3.7  ,42%
Balıkesir,Marmara,Medium City,2020,5,Spring,19.5,69.26,1264958,312.32,8739.08,Low,5.0,415373.0,35.69,18.9,30.51,10:00,0.5293,"78,3",205.5 mm,₺1.63,"12,950",  3.5  ,99%
Van,Eastern Anatolia,Medium City,2022,12,Winter,-5.46,77.03,1126384,747.84,9779.02,Low,4.0,347569.0,43.49,10.62,66.46,09:00,0.7784,"13,7",76.1 mm,₺2.05,"562,782",  2.3  ,51%
Kahramanmaras,Mediterranean,Medium City,2021,6,Summer,39.87,66.23,1178234,409.87,7453.78,Low,4.0,,6.78,,57.29,21:00,0.6419,"35,9",298.4 mm,₺1.14,"391,876",  6.9  ,88%
Gaziantep,Southeastern Anatolia,Large City,2021,8,Summer,38.95,67.09,2101263,518.88,,High,7.0,787576.0,11.59,7.56,38.94,08:00,1.963,,216.2 mm,₺0.66,"787,843",  6.7  ,76%
Tekirdag,Marmara,Medium City,2016,10,Autumn,16.97,82.23,1085000,282.34,14186.01,Medium,4.0,374027.0,8.1,13.95,34.28,,0.3928,"63,9",108.3 mm,₺2.43,"567,302",  9.7  ,31%
Diyarbakir,Southeastern Anatolia,Large City,2021,2,Winter,5.82,72.24,1801268,411.55,7174.32,Low,5.0,537745.0,20.45,13.83,48.99,08:00,1.1242,"51,1",,,"863,041",  11.6  ,64%
Mardin,Southeastern Anatolia,Small City,2019,1,Winter,6.44,46.94,833645,653.14,9580.26,Low,4.0,294574.0,6.05,15.63,61.31,08:00,0.4423,"57,9",277.8 mm,₺1.17,"507,699",  4.5  ,52%
Trabzon,Black Sea,Medium City,2015,8,Summer,30.41,76.06,811874,495.84,9599.93,Low,4.0,294625.0,40.1,9.94,,20:00,0.4039,"69,3",268.9 mm,₺1.88,"54,369",  11.7  ,66%
Mersin,Mediterranean,Large City,2018,10,Autumn,21.49,70.16,1936586,850.18,12811.81,Medium,,634579.0,39.88,8.38,18.62,21:00,0.8359,"31,7",60.4 mm,₺1.8,"86,196",  3.3  ,33%
Antalya,Mediterranean,Large City,2016,6,Summer,36.67,42.57,2619832,888.75,7999.22,Low,8.0,863693.0,13.19,14.59,14.56,09:00,1.31,"57,5",183.6 mm,₺1.06,"495,746",  4.2  ,84%
Samsun,Black Sea,Large City,2016,11,Autumn,14.3,65.42,1361505,281.4,10541.13,Low,4.0,505110.0,40.67,11.51,34.53,08:00,0.4997,"53,0",295.9 mm,₺2.2,"219,232",  4.5  ,89%
Ankara,Central Anatolia,Megacity,2017,4,Spring,14.37,83.74,5639076,3166.07,,High,15.0,1620186.0,18.73,13.42,59.7,21:00,3.5433,"9,9",176.7 mm,₺1.35,"752,328",  6.5  ,37%
Diyarbakir,Southeastern Anatolia,Large City,2016,10,Autumn,19.05,55.29,1801268,428.89,8941.82,Low,6.0,551696.0,38.45,11.12,47.42,09:00,0.7169,"54,9",183.0 mm,₺1.47,"345,974",  5.2  ,79%
Hatay,Mediterranean,Large City,2017,4,Spring,24.84,76.77,1609856,1116.07,8802.76,Low,5.0,584262.0,38.13,12.1,,21:00,0.564,"8,8",137.2 mm,₺1.95,"801,816",  4.2  ,41%
Denizli,Aegean,Medium City,2019,12,Winter,6.24,69.79,1062840,902.44,12765.24,Medium,4.0,379823.0,44.33,16.8,,21:00,0.8217,"22,2",192.6 mm,₺1.28,"621,178",  11.8  ,72%
Mersin,Mediterranean,Large City,2016,5,Spring,26.31,47.3,1936586,1849.69,,Medium,5.0,612840.0,15.24,14.91,61.1,08:00,0.8384,"13,3",30.8 mm,₺1.65,"353,014",  10.7  ,42%
Afyonkarahisar,Aegean,Small City,2019,1,Winter,3.47,64.74,734000,174.67,8948.22,Low,3.0,217150.0,39.96,8.31,14.04,20:00,0.3988,"22,4",64.3 mm,₺1.68,"506,483",  4.5  ,44%
Antalya,Mediterranean,Large City,2018,9,Autumn,21.56,76.44,2619832,1723.45,12070.29,Low,7.0,962493.0,,10.13,10.84,18:00,0.8922,"76,3",263.7 mm,₺1.51,"167,975",  2.9  ,31%
Samsun,Black Sea,Large City,2019,5,Spring,17.8,42.09,1361505,503.12,6537.87,Low,3.0,389550.0,8.24,8.82,44.44,09:00,0.5278,"69,6",226.3 mm,₺2.42,"687,919",  9.5  ,53%
Van,Eastern Anatolia,Medium City,2023,1,Winter,-7.66,76.5,1126384,519.5,8327.88,Low,2.0,369216.0,37.38,19.52,57.28,20:00,0.6922,,116.6 mm,₺2.22,"37,772",  11.2  ,64%
Canakkale,Marmara,Small City,2019,11,Autumn,,69.62,542000,174.3,9584.16,Low,1.0,176421.0,14.81,16.07,74.11,19:00,0.2138,"27,0",232.4 mm,₺1.18,"248,492",  10.9  ,60%
Mardin,Southeastern Anatolia,Small City,2018,1,Winter,4.38,74.62,833645,191.03,9084.77,Low,2.0,308223.0,8.53,19.94,11.37,18:00,0.4559,"76,5",70.8 mm,₺2.38,"863,517",  9.6  ,96%
Denizli,Aegean,Medium City,2017,3,Spring,19.93,46.31,1062840,225.38,10476.84,Medium,4.0,396131.0,17.27,12.01,56.19,09:00,0.4845,"14,1",148.0 mm,₺0.55,"19,360",  3.6  ,83%
Manisa,Aegean,Medium City,2016,1,Winter,5.99,72.94,1452881,725.83,12792.6,Medium,3.0,421331.0,28.87,,39.85,20:00,0.9905,"18,5",237.0 mm,₺2.41,"351,043",  2.6  ,92%
Sivas,Central Anatolia,Medium City,2020,9,Autumn,12.66,82.09,634149,236.59,9115.88,Low,2.0,228732.0,22.22,9.36,40.8,20:00,0.2465,"39,1",94.6 mm,₺1.23,"646,190",  4.9  ,75%
Sakarya,Marmara,Medium City,2017,10,Autumn,20.28,57.51,1003000,1379.11,13094.01,Medium,3.0,286580.0,24.5,19.18,70.51,20:00,0.4791,"9,1",286.2 mm,₺0.58,"415,439",  5.7  ,37%
Bursa,Marmara,Large City,2015,2,Winter,-2.95,63.18,3056120,1959.02,14887.9,High,10.0,945424.0,22.25,8.18,40.65,09:00,2.6079,"35,8",298.2 mm,₺1.38,"88,930",  2.4  ,90%
Kahramanmaras,Mediterranean,Medium City,2015,10,Autumn,24.58,69.88,1178234,315.76,9021.76,Low,2.0,409726.0,,,,08:00,0.4693,"47,7",93.8 mm,₺0.58,"546,667",  4.3  ,91%
Kocaeli,Marmara,Large City,2023,12,Winter,1.82,46.04,2031963,1672.28,17744.19,High,,737774.0,,18.56,36.43,18:00,2.0858,"63,4",225.5 mm,₺0.68,"174,572",  7.5  ,83%
Mardin,Southeastern Anatolia,Small City,2020,8,Summer,36.76,54.26,833645,851.26,8750.33,Low,3.0,293442.0,40.69,15.2,15.52,09:00,0.512,"62,4",137.7 mm,₺1.73,"646,252",  8.4  ,31%
Konya,Central Anatolia,Large City,2023,4,Spring,11.97,51.61,2320259,1244.14,13935.01,Medium,7.0,870047.0,13.43,,49.56,,1.2864,"80,0",,₺1.08,"90,350",  3.8  ,38%
Erzurum,Eastern Anatolia,Medium City,2017,12,Winter,-7.06,84.61,762321,305.4,11370.03,Low,3.0,,14.24,17.52,37.4,19:00,0.3678,"44,7",56.0 mm,₺0.85,"855,990",  11.7  ,50%
Adana,Mediterranean,Large City,2016,1,Winter,,56.22,2237940,1339.05,18770.86,High,6.0,803072.0,39.85,16.49,53.22,20:00,1.8755,"67,4",211.7 mm,₺2.3,"293,714",  7.9  ,95%
Balıkesir,Marmara,Medium City,2020,8,Summer,30.61,79.47,1264958,269.67,8534.21,Low,,471080.0,15.15,18.12,53.58,18:00,0.7252,"59,2",134.8 mm,₺1.99,"840,186",  5.1  ,45%
Gaziantep,Southeastern Anatolia,Large City,2022,5,Spring,24.44,70.0,2101263,493.33,,High,8.0,768055.0,43.41,16.45,49.2,10:00,1.2367,"62,7",250.2 mm,₺1.89,"822,899",  4.8  ,44%
Denizli,Aegean,Medium City,2017,5,Spring,23.21,84.62,1062840,583.59,13605.68,Medium,2.0,316871.0,15.98,18.9,73.04,21:00,0.473,"27,0",,₺0.99,,  9.3  ,76%
Adana,Mediterranean,Large City,2017,6,Summer,,64.19,2237940,2268.91,19448.41,High,6.0,732438.0,35.76,11.7,51.83,18:00,1.9679,,93.6 mm,₺1.74,"376,899",  8.1  ,63%
Malatya,Eastern Anatolia,Medium City,2019,8,Summer,22.16,69.96,781118,681.7,10011.5,Low,3.0,270857.0,42.85,13.41,17.34,19:00,0.443,"47,5",218.8 mm,₺0.59,"819,562",  4.3  ,90%
Kocaeli,Marmara,Large City,2018,4,Spring,17.87,77.04,2031963,665.58,18825.08,High,7.0,713025.0,12.26,12.88,16.95,09:00,1.073,"65,6",230.9 mm,₺1.78,"456,845",,79%
Eskisehir,Central Anatolia,Medium City,2019,2,Winter,-1.26,75.91,882456,293.29,,Medium,2.0,264147.0,22.68,17.75,37.15,20:00,0.5638,"45,9",73.9 mm,₺0.71,"49,464",  8.3  ,75%
Gaziantep,Southeastern Anatolia,Large City,2022,12,Winter,4.27,52.55,2101263,505.92,20131.48,High,8.0,739024.0,12.36,9.44,15.48,18:00,2.0919,"69,1",86.5 mm,₺2.28,"521,424",  5.1  ,86%
Eskisehir,Central Anatolia,Medium City,2021,5,Spring,12.86,51.14,882456,260.32,14161.57,Medium,4.0,290130.0,10.81,19.0,50.88,08:00,0.4498,,22.7 mm,,"215,557",  4.2  ,87%
Denizli,Aegean,Medium City,2018,4,Spring,20.09,53.51,1062840,328.68,14075.45,Medium,2.0,312328.0,21.98,6.72,50.13,08:00,0.4816,"42,8",26.7 mm,₺1.8,"191,297",,50%
Kocaeli,Marmara,Large City,2016,8,Summer,34.74,44.4,2031963,2886.85,16057.59,High,6.0,694088.0,22.35,10.98,51.28,18:00,1.5414,"23,9",234.7 mm,₺1.81,"403,128",,34%
Kayseri,Central Anatolia,Large City,2021,8,Summer,26.28,44.85,1441523,727.49,13062.34,Medium,3.0,,10.69,9.23,20.36,08:00,1.0612,"13,4",290.3 mm,₺0.85,"390,873",  2.8  ,68%
Kayseri,Central Anatolia,Large City,2018,2,Winter,-0.49,55.45,1441523,2774.69,14643.82,Medium,5.0,496648.0,14.02,7.28,48.26,18:00,0.8125,"24,3",182.8 mm,₺1.9,"868,464",  9.5  ,
Izmir,Aegean,Megacity,2021,6,Summer,34.29,,4394694,1010.2,17663.31,High,11.0,,,11.38,16.32,19:00,4.0747,"51,4",19.0 mm,₺2.15,"695,778",,62%
Ankara,Central Anatolia,Megacity,2018,2,Winter,4.4,41.08,5639076,7236.73,18637.37,High,16.0,2080418.0,,12.89,31.44,,4.1654,"39,5",236.2 mm,₺1.47,"529,176",  8.5  ,39%
Afyonkarahisar,Aegean,Small City,2022,11,Autumn,22.34,48.61,734000,215.68,7187.62,Low,2.0,249040.0,14.18,10.7,53.66,10:00,0.3469,"60,5",75.3 mm,₺2.35,"291,522",  10.1  ,31%
Tekirdag,Marmara,Medium City,2017,12,Winter,0.43,42.44,1085000,1088.51,12149.11,Medium,4.0,376600.0,25.34,7.36,59.01,20:00,0.686,"33,3",249.1 mm,₺0.56,"337,582",  7.2  ,45%
Diyarbakir,Southeastern Anatolia,Large City,2017,6,Summer,33.0,49.0,1801268,989.77,8761.92,Low,6.0,547897.0,44.94,16.42,54.45,,0.9377,"62,8",,₺2.45,"70,122",  5.6  ,85%
Gaziantep,Southeastern Anatolia,Large City,2015,1,Winter,7.17,45.22,2101263,1133.91,15967.89,High,8.0,717286.0,12.61,11.88,26.16,10:00,1.8042,"29,1",181.6 mm,₺1.17,"352,068",  4.1  ,62%
Balıkesir,Marmara,Medium City,2023,8,Summer,27.82,53.78,1264958,781.57,10230.0,Low,4.0,422028.0,20.44,14.49,45.69,18:00,0.6679,"78,2",246.7 mm,₺2.49,"813,800",  2.7  ,80%
Tekirdag,Marmara,Medium City,2023,5,Spring,14.95,71.31,1085000,315.31,11787.85,Medium,3.0,323473.0,30.99,,40.93,08:00,0.5646,"27,4",141.0 mm,₺1.83,"666,717",  10.2  ,
Bursa,Marmara,Large City,2020,7,Summer,29.95,76.21,3056120,2281.8,19549.66,High,8.0,948977.0,36.93,8.04,42.16,20:00,2.343,"69,8",44.3 mm,₺0.54,"515,238",,73%
Malatya,Eastern Anatolia,Medium City,2020,8,Summer,28.36,71.02,781118,227.24,8363.41,Low,3.0,243502.0,35.61,12.06,50.47,09:00,0.4097,"37,2",202.1 mm,₺2.04,"22,419",  8.3  ,80%
Samsun,Black Sea,Large City,2022,5,Spring,15.68,68.6,1361505,327.89,8970.19,Low,4.0,485546.0,18.18,15.4,29.77,19:00,0.554,,149.0 mm,₺0.78,"457,058",  7.2  ,76%
Sivas,Central Anatolia,Medium City,2020,5,Spring,16.23,49.29,634149,379.04,9260.23,Low,2.0,220003.0,39.66,12.81,62.98,09:00,0.2486,"23,4",230.0 mm,₺1.68,"793,608",  3.0  ,82%
Izmir,Aegean,Megacity,2020,4,Spring,22.83,67.61,4394694,1069.39,17473.99,High,,1473873.0,30.69,11.83,17.95,19:00,2.5086,"76,8",219.0 mm,₺1.68,"437,382",  3.8  ,66%
Tekirdag,Marmara,Medium City,2023,5,Spring,16.35,59.96,1085000,234.42,14404.31,Medium,4.0,320247.0,16.47,,52.07,19:00,0.587,"34,4",164.5 mm,₺1.45,"160,136",  8.5  ,98%
Istanbul,Marmara,Megacity,2017,8,Summer,30.18,,15840900,3769.6,18406.48,High,,5347643.0,36.73,10.71,,09:00,12.3847,"59,0",238.7 mm,₺2.31,"299,078",  8.6  ,41%
Samsun,Black Sea,Large City,2015,12,Winter,5.02,67.1,1361505,337.67,8491.71,Low,5.0,389193.0,24.93,6.16,31.73,09:00,0.791,"17,4",58.2 mm,₺1.81,"156,047",  5.1  ,68%
Manisa,Aegean,Medium City,2020,12,Winter,6.79,57.71,1452881,479.28,13624.79,Medium,5.0,439318.0,32.45,15.22,44.78,09:00,1.052,"77,3",270.5 mm,₺2.36,"662,015",  3.7  ,95%
Trabzon,Black Sea,Medium City,2019,3,Spring,16.5,81.49,811874,182.79,9372.39,Low,2.0,297913.0,8.85,9.29,14.7,08:00,0.3167,"15,4",43.8 mm,₺0.95,"610,586",  8.5  ,72%
Samsun,Black Sea,Large City,2019,9,Autumn,13.66,73.74,1361505,676.81,8052.42,Low,4.0,400534.0,14.85,12.61,54.96,21:00,0.5894,"70,7",237.0 mm,₺1.54,"454,495",  3.7  ,51%
Balıkesir,Marmara,Medium City,2023,4,Spring,16.84,76.49,1264958,1133.87,8100.73,Low,5.0,461545.0,42.03,7.57,37.18,09:00,0.485,,121.8 mm,₺1.65,"126,659",  5.6  ,73%
Gaziantep,Southeastern Anatolia,Large City,2018,12,Winter,4.78,79.72,2101263,1552.87,,High,,653569.0,15.28,19.35,31.44,20:00,1.7149,"6,1",147.0 mm,₺2.32,"142,587",  6.9  ,51%
Istanbul,Marmara,Megacity,2016,4,Spring,20.68,66.99,15840900,3295.75,16836.17,High,41.0,4540996.0,34.99,7.04,73.45,19:00,8.6631,"28,8",52.8 mm,₺1.19,"692,505",  3.5  ,40%
Mardin,Southeastern Anatolia,Small City,2020,4,Spring,19.54,71.2,833645,208.69,,Low,3.0,281639.0,28.98,18.53,52.18,21:00,0.305,"40,7",209.3 mm,₺2.3,"837,760",,48%
Ankara,Central Anatolia,Megacity,2020,4,Spring,19.38,73.67,5639076,3799.35,18797.99,High,15.0,1686606.0,17.98,,55.15,20:00,0.8822,"58,8",200.7 mm,₺1.61,,  3.7  ,98%
Bursa,Marmara,Large City,2017,9,Autumn,14.39,54.99,3056120,955.5,18093.36,High,8.0,1008861.0,13.9,6.79,52.0,09:00,1.7788,"57,3",119.7 mm,₺0.91,"247,102",,
Manisa,Aegean,Medium City,2020,12,Winter,3.45,57.48,1452881,489.32,11674.68,Medium,5.0,494202.0,19.53,9.37,20.58,19:00,1.082,"25,8",164.5 mm,₺2.42,"523,479",  9.4  ,92%
Sivas,Central Anatolia,Medium City,2016,2,Winter,-4.2,78.85,634149,325.75,9954.44,Low,3.0,203251.0,37.14,18.94,68.9,19:00,0.3062,"10,6",157.7 mm,₺1.47,"222,677",  10.1  ,70%
Hatay,Mediterranean,Large City,2019,2,Winter,7.94,73.06,1609856,433.36,7981.71,Low,4.0,460564.0,10.14,13.61,12.01,08:00,0.9155,"12,3",235.4 mm,₺0.87,"790,407",  5.4  ,59%
Izmir,Aegean,Megacity,2021,12,Winter,7.28,,4394694,1795.53,,High,13.0,1518809.0,28.56,7.03,62.25,21:00,3.8681,"5,0",271.8 mm,₺1.28,"769,879",  3.0  ,86%
Sakarya,Marmara,Medium City,2017,8,Summer,23.92,47.35,1003000,865.13,15169.86,Medium,3.0,,12.74,8.63,19.53,10:00,0.5931,"62,3",77.3 mm,₺1.34,"399,892",  8.6  ,81%
Kahramanmaras,Mediterranean,Medium City,2023,5,Spring,23.45,55.12,1178234,324.55,10039.99,Low,2.0,352190.0,35.94,18.72,69.95,19:00,0.4427,"15,2",78.1 mm,₺1.03,"645,409",  8.9  ,77%
Samsun,Black Sea,Large City,2022,7,Summer,31.59,44.76,1361505,669.26,5678.74,Low,3.0,460787.0,19.35,12.94,61.8,19:00,0.7508,"66,1",214.8 mm,₺1.24,"724,476",  10.3  ,60%
Manisa,Aegean,Medium City,2018,11,Autumn,16.27,83.06,1452881,345.1,11911.88,Medium,3.0,514316.0,12.5,12.55,27.73,08:00,0.6723,"25,8",70.8 mm,₺1.81,"623,967",  7.8  ,77%
Van,Eastern Anatolia,Medium City,2015,5,Spring,9.53,61.63,1126384,330.51,10282.05,Low,4.0,344418.0,9.99,16.47,53.82,18:00,0.3587,"18,2",248.5 mm,₺2.35,"163,310",  4.9  ,81%
Tekirdag,Marmara,Medium City,2016,7,Summer,32.05,76.59,1085000,856.92,12480.16,Medium,4.0,396973.0,40.35,19.0,55.07,21:00,0.6178,"39,8",175.3 mm,₺1.05,"61,708",  7.6  ,80%
Denizli,Aegean,Medium City,2023,4,Spring,25.31,64.02,1062840,321.15,12282.17,Medium,4.0,342882.0,7.43,8.56,57.49,09:00,0.5546,"60,3",187.4 mm,₺1.99,"843,861",,96%
Mersin,Mediterranean,Large City,2023,12,Winter,8.86,50.53,1936586,1088.41,15113.08,Medium,6.0,641099.0,14.64,19.53,28.33,21:00,1.4006,"68,5",204.8 mm,₺2.49,"877,429",  9.5  ,95%
Antalya,Mediterranean,Large City,2023,6,Summer,35.76,50.4,2619832,4276.8,8639.21,Low,6.0,,34.25,12.87,45.93,10:00,1.5502,"44,1",159.1 mm,₺1.6,"620,430",  10.2  ,73%
Ankara,Central Anatolia,Megacity,2023,10,Autumn,11.75,67.72,5639076,2614.11,18802.62,High,17.0,1764019.0,10.87,7.79,67.98,19:00,3.6065,"26,7",,₺2.38,"661,436",  12.0  ,96%
Erzurum,Eastern Anatolia,Medium City,2021,9,Autumn,4.35,49.19,762321,216.12,9581.52,Low,3.0,221855.0,11.84,7.73,71.29,08:00,0.3458,"36,8",72.6 mm,₺2.11,"42,457",,
Diyarbakir,Southeastern Anatolia,Large City,2018,2,Winter,5.72,74.89,1801268,665.51,8518.76,Low,6.0,587419.0,9.89,19.14,30.23,09:00,1.0736,"76,6",156.8 mm,₺1.98,"427,434",  10.3  ,84%
Antalya,Mediterranean,Large City,2023,9,Autumn,20.0,46.19,2619832,1353.8,10745.95,Low,7.0,846877.0,34.35,18.46,20.82,20:00,1.3125,"65,1",234.5 mm,,"86,094",  11.9  ,61%
Antalya,Mediterranean,Large City,2020,7,Summer,38.55,54.0,2619832,841.04,8739.49,Low,7.0,857662.0,5.42,9.24,10.07,20:00,1.3191,"33,7",231.3 mm,₺2.03,"726,078",  8.1  ,48%
Eskisehir,Central Anatolia,Medium City,2022,2,Winter,-2.44,69.97,882456,282.93,13319.23,Medium,4.0,290860.0,44.42,19.05,25.99,10:00,0.5811,"57,2",26.9 mm,₺1.48,"441,851",  8.6  ,38%
Istanbul,Marmara,Megacity,2018,8,Summer,30.81,66.1,15840900,3622.61,16499.58,High,41.0,5644232.0,32.36,14.55,71.33,20:00,11.1826,"36,9",64.9 mm,₺1.8,"73,749",  2.9  ,31%
Kayseri,Central Anatolia,Large City,2015,2,Winter,-2.02,44.36,1441523,300.14,13871.0,Medium,3.0,432644.0,18.39,5.97,39.04,18:00,0.99,"63,4",280.9 mm,₺1.19,"740,055",,88%
Sivas,Central Anatolia,Medium City,2021,3,Spring,12.93,74.58,634149,387.21,10089.36,Low,3.0,221535.0,8.39,16.12,26.3,18:00,0.236,"26,4",119.3 mm,₺1.31,"690,030",  2.2  ,45%
Tekirdag,Marmara,Medium City,2016,6,Summer,31.14,61.49,1085000,254.68,11365.6,Medium,3.0,352931.0,18.05,9.04,60.18,,0.7288,"36,1",140.8 mm,₺1.27,"885,065",  9.4  ,90%
Manisa,Aegean,Medium City,2017,12,Winter,7.32,,1452881,515.95,14866.05,Medium,5.0,468451.0,38.22,6.03,15.37,18:00,0.8066,"51,5",269.9 mm,₺1.56,"286,230",,30%
Afyonkarahisar,Aegean,Small City,2016,5,Spring,20.83,43.72,734000,371.16,11196.4,Low,2.0,218674.0,20.12,17.23,15.34,19:00,0.2976,"16,6",245.2 mm,₺1.83,,  7.1  ,98%
Kahramanmaras,Mediterranean,Medium City,2020,11,Autumn,23.03,60.19,1178234,385.26,9822.83,Low,3.0,391002.0,25.64,10.92,38.59,09:00,0.5278,"59,7",41.6 mm,₺1.16,"28,646",  2.8  ,77%
Adana,Mediterranean,Large City,2021,1,Winter,5.89,83.63,2237940,563.89,19118.19,High,6.0,708274.0,41.92,18.62,26.52,18:00,0.615,"55,0",,₺0.76,"231,177",  4.2  ,68%
Kahramanmaras,Mediterranean,Medium City,2015,7,Summer,40.62,55.6,1178234,2206.7,10702.03,Low,4.0,430141.0,19.2,19.31,29.15,20:00,0.6178,"79,0",65.5 mm,,"663,001",  6.1  ,40%
Erzurum,Eastern Anatolia,Medium City,2023,5,Spring,11.13,49.44,762321,485.64,11689.43,Low,3.0,266700.0,37.44,12.53,39.43,10:00,0.3199,"59,2",42.7 mm,₺1.81,"382,121",  7.7  ,54%
Antalya,Mediterranean,Large City,2015,3,Spring,24.67,61.45,2619832,640.72,7260.69,Low,8.0,824188.0,18.35,13.37,37.07,18:00,0.9721,"51,8",190.5 mm,₺0.51,"230,262",  7.7  ,99%
Kocaeli,Marmara,Large City,2019,5,Spring,16.85,50.3,2031963,540.31,17432.0,High,6.0,715788.0,25.62,8.92,30.89,19:00,1.2217,"49,1",231.6 mm,,"718,559",  6.6  ,31%
Samsun,Black Sea,Large City,2022,5,Spring,20.02,40.0,1361505,413.42,6785.12,Low,3.0,446496.0,43.3,7.59,13.9,08:00,0.4985,"53,8",57.4 mm,₺1.35,"528,855",  5.2  ,75%
Denizli,Aegean,Medium City,2017,5,Spring,25.35,54.64,1062840,289.95,13996.77,Medium,2.0,332806.0,16.16,7.16,47.96,19:00,0.4519,"76,9",202.4 mm,₺0.68,"184,607",  2.4  ,46%
Antalya,Mediterranean,Large City,2018,7,Summer,38.83,60.29,2619832,632.13,6234.37,Low,7.0,739592.0,27.63,16.74,73.01,08:00,1.2975,"13,2",296.2 mm,₺1.79,"768,405",  3.6  ,33%
Diyarbakir,Southeastern Anatolia,Large City,2021,12,Winter,8.72,55.87,1801268,843.6,11733.7,Low,5.0,590679.0,25.16,15.91,28.68,08:00,1.0069,,179.0 mm,₺2.36,"84,634",  7.7  ,48%
Manisa,Aegean,Medium City,2016,2,Winter,5.44,,1452881,358.26,14302.6,Medium,4.0,522083.0,,15.81,34.16,08:00,1.0465,,267.6 mm,₺1.09,"328,535",  3.8  ,97%
Mugla,Aegean,Medium City,2023,8,Summer,37.39,56.13,1012321,212.27,9997.63,Low,2.0,347405.0,24.23,13.28,26.71,21:00,0.5865,"71,6",139.9 mm,₺2.2,"747,874",  6.6  ,36%
Eskisehir,Central Anatolia,Medium City,2023,4,Spring,16.17,54.48,882456,275.23,15364.85,Medium,3.0,313022.0,17.15,12.64,40.07,18:00,0.4687,"29,1",113.5 mm,₺1.17,"42,992",  10.8  ,72%
Samsun,Black Sea,Large City,2018,4,Spring,16.84,,1361505,742.49,10963.36,Low,4.0,439413.0,21.96,8.74,39.56,08:00,0.4877,,67.8 mm,₺1.77,"498,236",  4.2  ,83%
Hatay,Mediterranean,Large City,2016,7,Summer,38.4,56.29,1609856,955.87,8570.27,Low,5.0,496371.0,19.69,13.79,73.58,10:00,0.8408,"5,3",83.0 mm,₺1.48,"595,532",  8.0  ,82%
Tekirdag,Marmara,Medium City,2018,4,Spring,13.43,84.1,1085000,496.54,11976.09,Medium,3.0,399829.0,13.95,11.78,32.44,08:00,0.4513,"22,6",11.7 mm,₺1.89,"68,998",  6.6  ,87%
Mugla,Aegean,Medium City,2016,8,Summer,33.46,55.28,1012321,283.92,10371.79,Low,3.0,345660.0,41.17,13.93,56.93,10:00,0.5482,"44,4",147.9 mm,,"133,375",  9.6  ,37%
Kahramanmaras,Mediterranean,Medium City,2020,12,Winter,6.4,77.95,1178234,236.58,9950.2,Low,2.0,361762.0,43.49,18.52,62.23,08:00,0.6771,"46,5",130.9 mm,₺0.95,"496,470",  5.6  ,90%
Mardin,Southeastern Anatolia,Small City,2015,6,Summer,37.09,80.05,833645,521.78,9897.15,Low,2.0,266955.0,27.97,9.39,59.7,09:00,0.4037,"46,0",,₺1.71,"823,615",  4.3  ,51%
Istanbul,Marmara,Megacity,2015,12,Winter,-2.29,70.99,15840900,3509.74,17982.01,High,42.0,5220323.0,27.62,18.52,71.19,20:00,13.5503,"49,3",122.8 mm,₺2.41,"515,805",  4.1  ,48%
Gaziantep,Southeastern Anatolia,Large City,2022,12,Winter,2.56,41.57,2101263,948.27,19570.43,High,8.0,622046.0,27.87,6.44,15.56,08:00,1.9709,"7,4",203.0 mm,₺2.36,"870,327",  11.5  ,73%
Afyonkarahisar,Aegean,Small City,2015,8,Summer,35.74,57.5,734000,302.95,9042.11,Low,1.0,,37.5,16.16,45.06,18:00,0.3175,"79,9",,₺2.44,"320,995",  6.7  ,46%
Manisa,Aegean,Medium City,2018,11,Autumn,20.1,49.12,1452881,649.98,13510.88,Medium,4.0,414142.0,30.01,10.6,50.79,,0.7062,"37,0",230.7 mm,₺1.31,"555,626",  4.8  ,88%
Sakarya,Marmara,Medium City,2022,1,Winter,6.3,73.54,1003000,735.25,14004.72,Medium,2.0,377676.0,25.06,,23.24,09:00,0.7383,"17,0",129.3 mm,₺1.91,"872,394",  2.4  ,72%
Erzurum,Eastern Anatolia,Medium City,2015,6,Summer,24.06,40.88,762321,256.3,11564.01,Low,1.0,214669.0,37.28,16.78,13.1,18:00,0.3543,"21,7",112.3 mm,₺1.41,"768,389",  4.2  ,97%
Manisa,Aegean,Medium City,2017,8,Summer,38.33,42.79,1452881,408.89,13930.8,Medium,5.0,427872.0,21.33,17.61,46.05,08:00,0.9118,"59,1",126.2 mm,₺1.44,"807,410",  8.2  ,99%
Denizli,Aegean,Medium City,2015,10,Autumn,18.62,,1062840,242.22,12463.83,Medium,3.0,346336.0,26.87,7.7,46.46,08:00,0.5216,"30,0",232.9 mm,₺1.4,"829,293",  4.8  ,43%
Erzurum,Eastern Anatolia,Medium City,2018,6,Summer,26.35,42.96,762321,194.95,10209.54,Low,1.0,252862.0,15.86,5.5,22.78,09:00,0.3832,"47,2",198.9 mm,,"663,846",  7.9  ,69%
Denizli,Aegean,Medium City,2019,10,Autumn,20.08,62.25,1062840,410.73,14881.54,Medium,2.0,318649.0,15.26,14.81,46.75,19:00,0.5268,,127.0 mm,₺2.17,"295,744",  9.6  ,63%
Afyonkarahisar,Aegean,Small City,2022,10,Autumn,18.83,61.38,734000,695.39,,Low,2.0,224029.0,26.0,15.61,39.04,19:00,0.3371,"76,5",160.1 mm,₺0.65,"83,433",  11.3  ,98%
Denizli,Aegean,Medium City,2020,12,Winter,4.1,82.29,1062840,1536.3,11018.42,Medium,3.0,353341.0,31.92,6.98,44.88,10:00,0.7125,"39,9",,₺0.63,"769,829",  2.7  ,73%
Sakarya,Marmara,Medium City,2019,10,Autumn,11.89,68.09,1003000,205.3,13909.01,Medium,3.0,367205.0,,10.44,24.27,09:00,0.4799,"47,0",49.2 mm,₺1.65,"169,473",  10.0  ,60%
Denizli,Aegean,Medium City,2015,2,Winter,5.22,52.71,1062840,336.67,14578.79,Medium,4.0,355700.0,42.24,10.88,44.58,21:00,0.6792,"28,3",247.8 mm,₺2.21,"864,054",  9.2  ,74%
Gaziantep,Southeastern Anatolia,Large City,2016,1,Winter,5.55,51.53,2101263,589.88,17410.8,High,,596819.0,19.26,18.68,,20:00,1.5468,"59,6",50.0 mm,₺2.12,"736,862",  6.7  ,38%
Malatya,Eastern Anatolia,Medium City,2023,2,Winter,-6.21,75.86,781118,448.47,8472.31,Low,1.0,234638.0,32.44,13.4,68.68,21:00,0.4726,"59,0",252.4 mm,₺1.47,"479,302",  9.6  ,40%
Diyarbakir,Southeastern Anatolia,Large City,2016,7,Summer,32.02,74.27,1801268,485.17,10023.16,Low,5.0,584520.0,11.52,15.88,59.0,,0.9736,"34,5",298.5 mm,,"17,556",  9.3  ,90%
Manisa,Aegean,Medium City,2022,4,Spring,23.48,59.59,1452881,522.39,9952.68,Medium,5.0,,28.94,6.94,49.01,10:00,0.6851,"33,3",91.3 mm,₺0.88,"82,899",  8.1  ,68%
Van,Eastern Anatolia,Medium City,2023,3,Spring,12.13,59.75,1126384,282.04,8765.16,Low,4.0,427735.0,43.43,8.2,55.34,09:00,0.502,"55,6",242.0 mm,₺1.33,"379,521",  5.8  ,34%
Kayseri,Central Anatolia,Large City,2019,8,Summer,30.06,75.79,1441523,538.47,14020.62,Medium,3.0,479631.0,24.48,18.17,70.44,08:00,0.856,,61.2 mm,₺0.57,"323,340",  4.1  ,63%
Mersin,Mediterranean,Large City,2020,3,Spring,22.77,50.35,1936586,467.13,9572.1,Medium,4.0,603555.0,42.16,8.74,,18:00,0.8779,"55,6",104.3 mm,₺1.68,"529,574",  5.5  ,54%
Manisa,Aegean,Medium City,2015,4,Spring,,51.14,1452881,1251.37,13061.7,Medium,4.0,490422.0,44.67,7.96,70.14,09:00,1.8457,"68,6",59.4 mm,₺1.37,"110,306",  9.1  ,86%
Samsun,Black Sea,Large City,2017,10,Autumn,13.73,68.82,1361505,324.44,11221.86,Low,3.0,,12.51,15.8,39.51,19:00,0.5175,"77,7",249.6 mm,₺2.23,"612,893",  7.4  ,53%
Eskisehir,Central Anatolia,Medium City,2015,1,Winter,-0.24,83.46,882456,760.34,12999.9,Medium,2.0,304241.0,10.64,8.27,37.41,10:00,0.6231,"27,3",253.5 mm,₺1.14,"842,537",  5.0  ,94%
Malatya,Eastern Anatolia,Medium City,2019,7,Summer,25.17,76.93,781118,259.69,,Low,2.0,231078.0,40.84,16.91,13.37,09:00,0.4313,"30,5",254.1 mm,₺1.27,"717,385",,76%
Kocaeli,Marmara,Large City,2017,4,Spring,18.77,65.65,2031963,959.51,18087.31,High,7.0,710580.0,40.09,16.11,55.66,21:00,1.0368,,130.2 mm,₺1.28,"366,497",  3.5  ,48%
Antalya,Mediterranean,Large City,2019,6,Summer,41.12,56.97,2619832,4394.77,9356.12,Low,6.0,813512.0,25.26,15.42,36.15,19:00,1.3011,"32,2",150.8 mm,₺2.19,"833,230",  8.7  ,68%
Eskisehir,Central Anatolia,Medium City,2018,3,Spring,15.38,71.21,882456,686.12,,Medium,3.0,271801.0,28.72,10.58,27.79,21:00,0.3704,"48,0",159.4 mm,₺1.16,"143,562",  8.8  ,87%
Antalya,Mediterranean,Large City,2015,5,Spring,27.75,59.22,2619832,1216.34,7795.77,Low,6.0,990725.0,34.93,,33.39,19:00,0.95,"26,6",221.3 mm,₺1.54,,  8.6  ,67%
Gaziantep,Southeastern Anatolia,Large City,2023,6,Summer,35.53,72.61,2101263,985.17,18071.43,High,7.0,694239.0,11.54,13.48,10.88,19:00,1.8027,"49,7",37.7 mm,₺0.74,"381,044",  4.0  ,85%
Kahramanmaras,Mediterranean,Medium City,2015,11,Autumn,27.29,64.05,1178234,318.6,,Low,2.0,420101.0,,6.22,35.45,18:00,0.4448,"44,9",94.6 mm,₺1.95,"817,095",  2.3  ,68%
Afyonkarahisar,Aegean,Small City,2019,8,Summer,34.9,56.24,734000,170.33,11222.3,Low,3.0,228934.0,31.06,7.52,44.43,20:00,0.3704,"19,5",246.0 mm,₺0.98,"455,119",  3.4  ,46%
Sakarya,Marmara,Medium City,2018,3,Spring,18.57,83.75,1003000,213.27,14044.06,Medium,3.0,325176.0,33.55,5.62,63.18,18:00,0.4955,"63,3",,₺1.56,"364,432",  5.4  ,
Balıkesir,Marmara,Medium City,2022,4,Spring,20.94,76.91,1264958,360.57,10834.62,Low,4.0,426752.0,43.76,12.01,38.91,21:00,0.5409,"62,5",184.4 mm,₺1.66,"178,741",  4.0  ,67%
Adana,Mediterranean,Large City,2023,8,Summer,37.08,50.84,2237940,1454.81,16141.61,High,6.0,782203.0,5.79,7.03,17.82,09:00,1.7592,"11,9",99.5 mm,₺1.24,"395,155",  6.4  ,47%
Istanbul,Marmara,Megacity,2021,4,Spring,15.29,61.27,15840900,3327.18,16284.98,High,40.0,4684742.0,22.18,12.06,,10:00,8.9775,"49,3",,₺1.98,"75,987",  3.7  ,84%
Mardin,Southeastern Anatolia,Small City,2021,3,Spring,27.39,41.3,833645,905.0,10802.95,Low,3.0,251263.0,35.94,,48.72,21:00,0.3191,"52,8",12.3 mm,₺0.99,"368,748",  6.8  ,48%
Eskisehir,Central Anatolia,Medium City,2019,6,Summer,27.93,78.13,882456,315.33,13517.91,Medium,3.0,265547.0,19.87,7.47,,19:00,0.5486,"12,5",143.6 mm,₺0.74,"371,841",  5.7  ,94%
Van,Eastern Anatolia,Medium City,2022,7,Summer,22.52,74.48,1126384,229.53,8580.73,Low,4.0,390775.0,,16.62,59.4,19:00,0.6052,"21,4",78.7 mm,₺1.22,"635,950",  11.1  ,38%
Mersin,Mediterranean,Large City,2019,7,Summer,39.16,51.22,1936586,1706.93,,Medium,6.0,,43.89,19.48,72.02,10:00,1.2547,"59,8",188.0 mm,₺1.47,"587,895",  4.3  ,
Mardin,Southeastern Anatolia,Small City,2017,11,Autumn,21.59,83.34,833645,288.67,9940.97,Low,3.0,305967.0,17.83,15.6,61.01,20:00,0.3375,"22,3",21.3 mm,₺1.35,"686,135",  3.6  ,94%
Kayseri,Central Anatolia,Large City,2020,8,Summer,27.19,74.62,1441523,475.02,11525.11,Medium,3.0,,19.06,19.97,13.14,18:00,0.9408,"19,3",127.7 mm,₺0.95,"31,893",  7.2  ,47%
Sakarya,Marmara,Medium City,2022,9,Autumn,15.1,45.17,1003000,464.02,12679.79,Medium,3.0,313000.0,25.24,18.98,48.6,08:00,0.5272,"12,4",257.4 mm,₺0.67,"154,514",  9.4  ,82%
Trabzon,Black Sea,Medium City,2022,10,Autumn,14.63,64.03,811874,420.11,9893.76,Low,4.0,305900.0,,8.87,67.68,18:00,0.3723,"44,6",201.0 mm,,"833,171",  10.1  ,83%
Istanbul,Marmara,Megacity,2022,8,Summer,31.16,78.72,15840900,7200.89,17573.51,High,40.0,4779576.0,17.13,14.17,49.96,08:00,12.305,"79,5",13.1 mm,₺0.75,"665,868",  7.3  ,94%
Eskisehir,Central Anatolia,Medium City,2020,8,Summer,28.2,59.93,882456,403.1,13052.24,Medium,3.0,308931.0,,7.43,70.24,09:00,0.6323,"41,2",93.5 mm,₺0.94,"556,098",  5.0  ,78%
Denizli,Aegean,Medium City,2023,2,Winter,6.52,79.6,1062840,286.75,12756.38,Medium,3.0,395131.0,39.69,13.95,48.05,20:00,0.8503,"64,6",290.0 mm,₺1.54,"648,175",  7.9  ,46%
Izmir,Aegean,Megacity,2020,7,Summer,37.34,67.49,4394694,1718.33,21082.28,High,13.0,1250188.0,20.48,14.71,13.51,09:00,3.7946,"67,3",167.6 mm,₺0.72,"839,263",  2.1  ,61%
Samsun,Black Sea,Large City,2023,1,Winter,-0.67,47.04,1361505,393.84,8520.97,Low,4.0,468122.0,12.31,19.02,43.59,10:00,0.8389,"43,8",87.3 mm,₺0.77,"126,855",  5.2  ,62%
Gaziantep,Southeastern Anatolia,Large City,2023,4,Spring,23.28,77.13,2101263,1104.51,17003.25,High,6.0,783467.0,22.08,12.04,51.67,19:00,1.2376,,243.8 mm,₺0.8,"156,858",  11.8  ,88%
Mugla,Aegean,Medium City,2021,9,Autumn,18.8,75.96,1012321,224.91,,Low,2.0,370035.0,16.66,6.93,48.18,20:00,0.3497,"17,1",41.5 mm,₺1.22,"16,225",  9.1  ,98%
Trabzon,Black Sea,Medium City,2023,2,Winter,5.04,46.4,811874,516.22,8674.56,Low,4.0,280310.0,28.35,10.49,29.87,08:00,0.4474,"16,0",220.6 mm,₺2.17,"502,282",  8.3  ,73%
Kayseri,Central Anatolia,Large City,2022,10,Autumn,14.26,45.58,1441523,638.86,9330.43,Medium,4.0,448352.0,28.19,7.19,24.39,10:00,0.835,"59,9",273.6 mm,₺0.54,"462,907",  6.9  ,59%
Konya,Central Anatolia,Large City,2022,1,Winter,-0.66,47.41,2320259,3311.98,11768.26,Medium,6.0,737819.0,9.18,8.56,40.93,10:00,1.7877,"63,8",107.9 mm,₺1.52,"715,944",  9.7  ,83%
Eskisehir,Central Anatolia,Medium City,2017,2,Winter,-0.04,80.19,882456,202.23,,Medium,3.0,258546.0,19.1,6.89,53.95,21:00,0.5998,"36,6",89.0 mm,₺0.9,"652,633",  2.6  ,98%
Izmir,Aegean,Megacity,2022,6,Summer,33.37,43.99,4394694,2213.45,17161.46,High,11.0,1623495.0,26.38,10.34,18.37,18:00,3.5695,"45,8",169.8 mm,₺1.98,"257,422",  6.7  ,67%
Bursa,Marmara,Large City,2021,9,Autumn,17.77,46.73,3056120,654.72,17984.14,High,9.0,937053.0,43.1,8.79,,21:00,1.8758,"39,6",31.8 mm,₺1.75,,  8.9  ,67%
Kocaeli,Marmara,Large City,2019,5,Spring,20.7,54.87,2031963,570.37,14902.67,High,7.0,730792.0,42.48,19.76,59.19,21:00,1.0002,"36,5",249.7 mm,₺0.87,"320,144",  3.5  ,64%
Kayseri,Central Anatolia,Large City,2020,8,Summer,27.8,59.88,1441523,467.38,14373.09,Medium,5.0,,7.28,11.28,57.13,19:00,0.9096,"67,0",246.0 mm,₺2.45,"69,942",  7.1  ,68%
Van,Eastern Anatolia,Medium City,2018,5,Spring,8.89,40.24,1126384,279.34,9660.52,Low,4.0,339520.0,6.06,13.43,32.16,21:00,0.4409,"34,7",172.1 mm,₺1.39,"482,604",  3.8  ,79%
Canakkale,Marmara,Small City,2023,7,Summer,27.81,62.76,542000,154.21,11039.57,Low,2.0,191248.0,43.68,14.17,32.42,20:00,0.2927,"55,7",232.1 mm,₺1.73,"46,487",  9.3  ,71%
Erzurum,Eastern Anatolia,Medium City,2015,2,Winter,-8.13,45.46,762321,227.6,8383.6,Low,2.0,266173.0,,7.67,50.17,21:00,0.3875,"9,4",195.2 mm,₺0.55,"167,488",  10.5  ,94%
Sivas,Central Anatolia,Medium City,2016,3,Spring,12.05,55.57,634149,976.49,8865.46,Low,2.0,183133.0,18.06,12.77,32.79,10:00,0.2295,"14,3",75.3 mm,₺1.65,"115,206",  3.9  ,42%
Canakkale,Marmara,Small City,2020,3,Spring,18.58,55.71,542000,120.58,10132.74,Low,2.0,175083.0,30.58,6.94,27.86,21:00,0.2057,"22,3",262.3 mm,₺2.27,"448,990",  10.6  ,
Mugla,Aegean,Medium City,2022,8,Summer,37.07,59.3,1012321,499.5,9838.98,Low,4.0,325833.0,17.79,7.97,28.64,08:00,0.6512,"50,2",203.7 mm,₺1.82,"241,182",  9.9  ,97%
Manisa,Aegean,Medium City,2023,1,Winter,5.77,76.05,1452881,1594.91,10457.58,Medium,5.0,445304.0,8.52,19.51,,08:00,1.0295,"35,7",48.4 mm,₺0.95,"412,885",  9.6  ,76%
Sakarya,Marmara,Medium City,2023,10,Autumn,16.15,46.23,1003000,294.97,11449.46,Medium,3.0,377003.0,,19.38,38.73,19:00,0.5272,"59,4",196.9 mm,₺1.27,"192,853",  6.4  ,98%
Denizli,Aegean,Medium City,2016,11,Autumn,17.36,73.26,1062840,413.03,13155.16,Medium,4.0,298648.0,39.46,17.99,60.57,18:00,0.5751,"22,8",106.2 mm,₺1.37,"94,067",  11.1  ,98%
Izmir,Aegean,Megacity,2017,2,Winter,2.17,74.12,4394694,3159.65,17146.72,High,13.0,1298050.0,36.86,10.95,66.06,09:00,3.7265,"77,7",241.4 mm,₺1.83,"528,716",  6.9  ,
Erzurum,Eastern Anatolia,Medium City,2020,4,Spring,12.44,62.85,762321,359.51,7621.57,Low,3.0,231826.0,9.41,10.84,,19:00,0.2965,"50,0",238.1 mm,₺1.35,"665,683",  10.8  ,81%
Gaziantep,Southeastern Anatolia,Large City,2020,12,Winter,8.51,78.16,2101263,2166.47,19877.29,High,8.0,634983.0,,8.97,53.81,19:00,1.8004,"72,2",264.7 mm,₺1.8,"366,249",,62%
Sakarya,Marmara,Medium City,2020,4,Spring,17.61,46.3,1003000,372.36,14631.41,Medium,4.0,356395.0,12.72,17.03,55.23,21:00,0.4061,"14,5",190.4 mm,₺2.35,"722,837",  5.3  ,95%
Mugla,Aegean,Medium City,2022,12,Winter,1.47,63.23,1012321,293.41,10224.8,Low,3.0,290958.0,18.44,7.01,,20:00,0.7008,"23,5",251.1 mm,₺1.99,"589,376",  8.7  ,51%
Mersin,Mediterranean,Large City,2021,7,Summer,37.54,46.22,1936586,448.36,13347.62,Medium,6.0,685768.0,29.99,15.57,23.47,10:00,1.1554,"40,8",234.7 mm,₺1.71,"646,754",  10.6  ,34%
Denizli,Aegean,Medium City,2019,3,Spring,,51.01,1062840,260.4,13097.54,Medium,2.0,324408.0,,15.19,48.14,10:00,0.5534,,111.2 mm,₺0.65,"623,275",  6.2  ,52%
Konya,Central Anatolia,Large City,2019,5,Spring,17.05,80.66,2320259,1040.92,12851.46,Medium,7.0,761673.0,15.34,18.37,18.82,20:00,1.0654,"48,9",156.1 mm,₺1.96,"887,048",  9.3  ,53%
Mersin,Mediterranean,Large City,2017,3,Spring,27.71,80.03,1936586,615.41,12376.9,Medium,5.0,550840.0,43.67,6.89,30.13,19:00,0.8777,"54,7",164.7 mm,₺2.46,"836,716",  11.6  ,77%
Tekirdag,Marmara,Medium City,2022,2,Winter,0.82,62.66,1085000,229.24,12716.46,Medium,2.0,319553.0,36.98,12.17,54.64,18:00,0.7878,"6,2",144.9 mm,₺0.51,"756,396",  5.6  ,50%
Hatay,Mediterranean,Large City,2022,3,Spring,26.44,72.45,1609856,354.46,10545.99,Low,,524449.0,32.22,9.49,16.21,20:00,0.6262,"66,8",77.8 mm,₺0.91,"890,924",  5.7  ,52%
Sivas,Central Anatolia,Medium City,2021,10,Autumn,10.33,75.69,634149,1170.66,11953.99,Low,,204068.0,27.78,9.78,56.33,08:00,0.2548,"61,5",74.5 mm,₺2.27,"866,932",  11.6  ,87%
Hatay,Mediterranean,Large City,2020,10,Autumn,16.91,52.54,1609856,1466.33,11216.89,Low,5.0,501604.0,30.46,10.28,49.76,20:00,0.7707,"78,7",,₺1.92,"318,108",  2.1  ,78%
Canakkale,Marmara,Small City,2018,8,Summer,32.71,76.67,542000,407.31,10806.0,Low,1.0,153151.0,42.84,,55.36,08:00,0.3043,"24,2",259.3 mm,₺1.45,"289,628",  3.5  ,92%
Malatya,Eastern Anatolia,Medium City,2016,1,Winter,-6.65,50.25,781118,195.97,9368.6,Low,1.0,228194.0,20.28,8.09,49.98,08:00,0.4459,,53.8 mm,₺1.9,,  2.9  ,46%
Balıkesir,Marmara,Medium City,2021,10,Autumn,14.42,77.1,1264958,342.65,10747.65,Low,5.0,398348.0,29.92,16.05,71.39,09:00,0.5261,"56,0",276.3 mm,₺0.51,"169,060",  2.1  ,
Tekirdag,Marmara,Medium City,2017,6,Summer,31.77,77.32,1085000,2105.86,,Medium,3.0,316974.0,27.13,9.93,40.31,20:00,1.8875,"56,5",162.5 mm,₺1.46,"128,672",  3.8  ,33%
Mardin,Southeastern Anatolia,Small City,2021,1,Winter,4.91,75.39,833645,574.75,8572.63,Low,4.0,285506.0,31.81,7.82,,10:00,0.53,"42,7",19.7 mm,₺2.49,,  7.5  ,88%
Sakarya,Marmara,Medium City,2017,10,Autumn,15.17,73.25,1003000,277.74,13488.53,Medium,2.0,364389.0,44.92,10.23,55.35,21:00,0.498,"14,6",128.9 mm,₺1.33,"471,792",,73%
Samsun,Black Sea,Large City,2023,1,Winter,0.32,73.22,1361505,610.55,10841.17,Low,,457338.0,22.95,6.82,27.23,10:00,0.8502,,276.1 mm,₺1.54,"726,703",  10.5  ,76%
Mardin,Southeastern Anatolia,Small City,2015,2,Winter,4.36,48.58,833645,291.7,8967.07,Low,2.0,257498.0,27.97,16.53,36.59,10:00,0.4638,"24,5",267.1 mm,₺1.13,,  9.1  ,78%
Kayseri,Central Anatolia,Large City,2020,5,Spring,16.15,64.47,1441523,910.43,11866.94,Medium,3.0,543627.0,38.25,16.55,74.74,18:00,0.6091,"79,9",283.3 mm,₺1.09,"640,067",  10.1  ,50%
Ankara,Central Anatolia,Megacity,2022,12,Winter,0.27,68.41,5639076,1285.67,17603.04,High,17.0,1671133.0,6.42,18.33,67.59,20:00,4.7091,"76,0",76.7 mm,₺2.39,"439,906",  10.2  ,83%
Malatya,Eastern Anatolia,Medium City,2015,12,Winter,-7.37,82.4,781118,496.46,7732.13,Low,,269046.0,,14.6,20.42,10:00,0.3761,"61,0",99.2 mm,₺2.38,"759,882",  7.5  ,34%
Afyonkarahisar,Aegean,Small City,2016,11,Autumn,,56.81,734000,1154.33,7352.72,Low,1.0,258806.0,44.79,6.72,13.36,09:00,0.2734,"56,4",45.7 mm,₺2.21,"456,687",  4.3  ,98%
Antalya,Mediterranean,Large City,2018,2,Winter,4.99,60.36,2619832,1377.68,8608.9,Low,8.0,776914.0,14.93,,12.2,21:00,1.4134,"71,7",258.4 mm,₺2.29,"333,274",  6.1  ,55%
Erzurum,Eastern Anatolia,Medium City,2015,12,Winter,-7.04,45.18,762321,221.49,10052.91,Low,1.0,272573.0,34.07,15.63,18.1,21:00,0.4449,"24,8",85.5 mm,₺0.68,"683,524",  4.8  ,93%
Mugla,Aegean,Medium City,2020,12,Winter,5.74,70.32,1012321,652.61,7702.18,Low,2.0,,9.97,15.49,11.29,18:00,0.6433,"15,9",239.0 mm,₺2.35,"862,997",  4.3  ,53%
Diyarbakir,Southeastern Anatolia,Large City,2018,11,Autumn,22.08,74.71,1801268,579.09,8487.57,Low,5.0,622034.0,16.0,19.07,73.08,18:00,0.7523,"15,0",12.8 mm,₺1.73,,  2.4  ,47%
Mardin,Southeastern Anatolia,Small City,2018,2,Winter,,57.09,833645,283.42,9808.26,Low,2.0,301541.0,11.46,5.92,24.03,08:00,0.5088,"41,6",265.7 mm,₺1.53,"363,016",  4.1  ,54%
Canakkale,Marmara,Small City,2016,7,Summer,33.14,55.35,542000,130.62,8027.22,Low,3.0,176613.0,43.37,16.98,22.99,21:00,0.267,"76,7",298.9 mm,₺2.09,"518,949",  8.6  ,69%
Diyarbakir,Southeastern Anatolia,Large City,2016,9,Autumn,,45.62,1801268,1488.84,8035.27,Low,6.0,531765.0,31.2,11.97,43.51,10:00,0.7319,"41,5",80.6 mm,₺0.82,"235,662",  5.4  ,69%
Gaziantep,Southeastern Anatolia,Large City,2023,3,Spring,27.33,41.89,2101263,738.98,16828.47,High,7.0,690478.0,23.97,6.71,69.82,20:00,1.2772,"64,6",195.2 mm,₺1.94,"523,820",  11.6  ,55%
Mardin,Southeastern Anatolia,Small City,2019,5,Spring,20.54,,833645,219.12,9146.7,Low,2.0,,30.21,19.83,14.01,09:00,0.3202,"66,0",228.1 mm,₺0.61,"754,118",  11.4  ,32%
Denizli,Aegean,Medium City,2022,7,Summer,35.04,,1062840,595.26,13485.47,Medium,,375608.0,8.92,11.7,21.26,10:00,0.6989,"28,3",263.0 mm,₺0.95,"162,573",  4.4  ,65%
Istanbul,Marmara,Megacity,2019,1,Winter,3.54,74.97,15840900,17647.72,18513.85,High,41.0,4587299.0,,11.46,14.85,09:00,11.7365,"34,8",207.6 mm,₺0.86,"745,669",  9.7  ,35%
Kayseri,Central Anatolia,Large City,2023,4,Spring,17.31,42.86,1441523,324.52,10640.55,Medium,5.0,463631.0,44.57,8.91,54.27,09:00,1.7813,"13,9",289.5 mm,₺1.21,"651,985",  10.9  ,49%
Denizli,Aegean,Medium City,2021,7,Summer,37.71,79.13,1062840,966.17,,Medium,3.0,360627.0,31.14,9.11,,20:00,0.8094,"57,1",234.1 mm,₺0.66,"760,149",  9.5  ,49%
Balıkesir,Marmara,Medium City,2016,2,Winter,1.67,51.71,1264958,589.53,,Low,4.0,,16.98,9.85,58.93,08:00,0.6781,"78,4",99.2 mm,₺1.86,"340,650",  9.0  ,59%
Bursa,Marmara,Large City,2021,4,Spring,16.81,51.78,3056120,981.79,18849.77,High,8.0,1000500.0,18.22,17.91,61.97,08:00,1.7452,"26,9",165.6 mm,₺2.13,"782,559",  7.7  ,53%
Balıkesir,Marmara,Medium City,2021,7,Summer,31.82,45.34,1264958,664.68,,Low,4.0,430298.0,8.06,11.31,70.91,10:00,0.7517,"61,0",87.1 mm,₺2.1,"149,954",  8.9  ,48%
Mardin,Southeastern Anatolia,Small City,2022,12,Winter,5.82,54.4,833645,434.51,10465.98,Low,2.0,289483.0,17.23,11.04,54.34,21:00,0.5271,"47,2",288.8 mm,₺0.89,"472,782",  11.6  ,58%
Sivas,Central Anatolia,Medium City,2021,4,Spring,16.38,72.24,634149,148.8,9166.34,Low,2.0,216566.0,37.56,15.83,19.8,09:00,0.2912,"16,4",239.2 mm,₺2.08,"392,022",  5.0  ,98%
Balıkesir,Marmara,Medium City,2021,3,Spring,19.82,60.73,1264958,1861.65,9354.0,Low,4.0,435426.0,35.81,13.55,16.77,19:00,0.5014,"68,3",174.9 mm,₺2.02,"499,948",  11.0  ,91%
Mersin,Mediterranean,Large City,2021,7,Summer,35.37,70.32,1936586,1504.49,11441.53,Medium,6.0,560805.0,27.5,11.94,61.8,20:00,1.3305,"21,7",152.0 mm,₺0.61,"434,167",  6.3  ,53%
Samsun,Black Sea,Large City,2019,6,Summer,28.27,72.13,1361505,2165.75,10634.64,Low,4.0,470756.0,34.9,12.77,43.26,,0.686,"26,3",66.8 mm,₺2.14,"858,037",  7.5  ,62%
Eskisehir,Central Anatolia,Medium City,2021,10,Autumn,13.43,78.55,882456,264.38,15874.61,Medium,3.0,271690.0,31.75,13.9,54.73,21:00,0.1314,"37,5",12.4 mm,₺2.29,"82,181",  10.1  ,48%
Ankara,Central Anatolia,Megacity,2021,9,Autumn,12.66,80.44,5639076,2848.84,18989.1,High,15.0,2133522.0,38.91,6.21,33.29,18:00,3.6503,"45,2",22.8 mm,₺1.35,"628,832",  9.0  ,50%
Hatay,Mediterranean,Large City,2019,5,Spring,27.85,50.76,1609856,404.87,7236.28,Low,5.0,523862.0,37.94,9.7,37.87,08:00,0.6184,"68,1",105.1 mm,₺0.91,,  6.0  ,91%
Tekirdag,Marmara,Medium City,2016,6,Summer,30.01,67.28,1085000,561.03,12973.82,Medium,3.0,355829.0,31.97,17.36,41.29,21:00,0.6957,"38,7",196.2 mm,₺2.46,"252,196",  6.3  ,98%
Canakkale,Marmara,Small City,2021,4,Spring,14.82,63.41,542000,158.23,8329.17,Low,3.0,189966.0,11.84,18.1,15.54,19:00,0.1883,"40,8",100.3 mm,,"367,281",  7.0  ,91%
Trabzon,Black Sea,Medium City,2023,4,Spring,13.99,40.71,811874,379.41,10215.04,Low,2.0,275714.0,43.28,15.45,39.93,20:00,0.3194,"13,5",252.1 mm,₺2.27,"306,293",  4.2  ,58%
Bursa,Marmara,Large City,2016,9,Autumn,12.41,74.15,3056120,651.36,16548.52,High,8.0,952223.0,39.83,5.35,22.01,18:00,1.7337,"73,3",291.5 mm,₺1.81,"896,910",  6.0  ,46%
Manisa,Aegean,Medium City,2022,8,Summer,33.78,77.07,1452881,1320.35,14134.78,Medium,4.0,449325.0,8.26,11.53,45.45,20:00,1.0728,"28,4",217.7 mm,₺2.46,"119,468",  8.2  ,38%
Izmir,Aegean,Megacity,2020,8,Summer,37.37,49.71,4394694,897.37,20450.15,High,12.0,1669726.0,9.26,14.87,13.13,20:00,3.2931,"36,5",184.3 mm,₺0.66,"288,646",  2.5  ,35%
Erzurum,Eastern Anatolia,Medium City,2020,8,Summer,24.35,,762321,178.99,9376.06,Low,2.0,229721.0,8.71,12.75,44.87,08:00,0.471,"62,8",281.4 mm,₺0.55,"877,233",  3.2  ,48%
Mersin,Mediterranean,Large City,2023,5,Spring,26.89,66.61,1936586,552.05,12936.09,Medium,6.0,682826.0,24.67,8.0,44.22,20:00,1.0037,"28,3",187.4 mm,₺1.5,"807,960",  9.6  ,75%
Mardin,Southeastern Anatolia,Small City,2022,10,Autumn,18.05,69.72,833645,484.68,11357.73,Low,3.0,289985.0,17.99,18.98,63.73,10:00,0.3746,"20,4",78.9 mm,₺1.0,"125,222",  7.0  ,47%
Sivas,Central Anatolia,Medium City,2023,1,Winter,1.07,73.19,634149,554.31,8931.33,Low,2.0,235624.0,27.41,7.07,40.65,20:00,0.428,"46,3",294.5 mm,₺1.41,"655,895",  9.7  ,43%
Kahramanmaras,Mediterranean,Medium City,2015,4,Spring,24.83,55.23,1178234,343.96,9364.64,Low,4.0,377970.0,44.92,17.87,73.72,20:00,1.0868,"46,3",266.5 mm,₺1.47,"258,861",  11.3  ,98%
Gaziantep,Southeastern Anatolia,Large City,2018,12,Winter,5.07,42.13,2101263,677.05,19787.8,High,6.0,752395.0,9.85,19.79,35.37,20:00,1.8204,"13,0",288.5 mm,₺2.31,"514,991",  6.8  ,55%
Adana,Mediterranean,Large City,2016,9,Autumn,23.48,64.89,2237940,477.57,16524.7,High,6.0,725398.0,20.22,18.63,58.51,,1.2893,"69,8",22.7 mm,₺0.59,"782,925",  11.6  ,40%
Denizli,Aegean,Medium City,2016,5,Spring,21.37,44.46,1062840,407.63,11588.47,Medium,2.0,329735.0,23.35,7.72,13.3,08:00,0.4562,"11,6",299.5 mm,₺1.82,"248,966",  8.3  ,96%
Mersin,Mediterranean,Large City,2020,7,Summer,36.29,44.71,1936586,611.48,14707.42,Medium,,570852.0,16.99,7.5,30.47,19:00,1.2744,"74,9",180.0 mm,₺2.0,"187,249",  5.1  ,72%
Samsun,Black Sea,Large City,2019,9,Autumn,11.19,49.32,1361505,280.94,8989.43,Low,3.0,507304.0,,,20.51,18:00,0.5491,"75,7",81.3 mm,₺1.54,"482,775",  7.0  ,50%
Adana,Mediterranean,Large City,2019,11,Autumn,23.29,50.53,2237940,1877.67,18230.84,High,7.0,,30.48,7.42,43.56,10:00,1.3902,"73,5",53.4 mm,₺1.05,"322,199",  7.0  ,77%
Manisa,Aegean,Medium City,2015,5,Spring,20.39,48.22,1452881,542.36,14260.54,Medium,5.0,,,10.03,38.13,08:00,0.7299,"69,3",227.5 mm,₺1.67,"53,448",  5.2  ,85%
Kocaeli,Marmara,Large City,2015,5,Spring,11.8,68.64,2031963,1047.1,19179.71,High,8.0,590081.0,5.39,8.71,60.03,20:00,1.0917,"61,0",224.7 mm,₺2.13,"535,345",  6.2  ,76%
Kocaeli,Marmara,Large City,2018,8,Summer,31.57,57.7,2031963,856.62,19501.67,High,6.0,640041.0,44.95,17.09,45.27,19:00,1.5285,,154.0 mm,₺1.42,"695,963",  3.6  ,35%
Eskisehir,Central Anatolia,Medium City,2019,4,Spring,17.48,68.17,882456,279.12,11816.57,Medium,3.0,250263.0,12.4,5.58,64.05,21:00,0.4378,"64,9",86.4 mm,₺0.72,"883,925",  8.9  ,86%
Denizli,Aegean,Medium City,2019,12,Winter,8.7,83.71,1062840,232.16,13810.03,Medium,3.0,,41.05,6.89,65.34,09:00,0.8972,"28,8",53.1 mm,₺2.4,"631,353",  10.4  ,98%
Diyarbakir,Southeastern Anatolia,Large City,2019,4,Spring,20.61,42.91,1801268,374.44,9273.8,Low,4.0,648851.0,42.31,12.95,47.44,18:00,0.67,"12,8",75.0 mm,₺2.09,"204,260",  6.3  ,
Mardin,Southeastern Anatolia,Small City,2017,8,Summer,39.71,82.58,833645,372.17,6743.9,Low,4.0,247800.0,21.47,,41.02,18:00,0.4601,"33,8",27.2 mm,₺1.05,"474,693",  8.0  ,82%
Balıkesir,Marmara,Medium City,2021,1,Winter,-0.61,48.86,1264958,311.3,9259.06,Low,4.0,378595.0,23.99,,19.53,19:00,0.8412,"15,1",267.2 mm,₺2.09,"31,686",  8.1  ,51%
Manisa,Aegean,Medium City,2023,4,Spring,19.1,49.09,1452881,665.08,12651.75,Medium,5.0,457577.0,18.21,,23.82,21:00,0.703,"66,0",222.9 mm,₺1.93,"105,294",  5.1  ,87%
Balıkesir,Marmara,Medium City,2017,10,Autumn,16.38,49.8,1264958,817.18,9631.05,Low,3.0,372734.0,25.02,18.68,51.99,08:00,0.4768,"8,6",19.2 mm,₺0.53,"24,501",  5.2  ,86%
Afyonkarahisar,Aegean,Small City,2016,5,Spring,20.37,72.16,734000,182.41,8575.67,Low,3.0,267609.0,7.56,13.06,36.43,18:00,0.279,"79,8",47.4 mm,₺0.88,"379,528",  9.5  ,41%
Eskisehir,Central Anatolia,Medium City,2017,4,Spring,12.69,73.83,882456,263.26,13024.0,Medium,4.0,291077.0,43.91,13.06,22.18,21:00,0.452,"38,1",299.9 mm,₺2.08,"289,122",  6.3  ,44%
Tekirdag,Marmara,Medium City,2016,12,Winter,-0.41,49.54,1085000,527.35,13650.95,Medium,3.0,322627.0,8.24,11.04,55.17,21:00,0.72,"79,3",148.2 mm,₺1.57,"741,860",  3.1  ,75%
Balıkesir,Marmara,Medium City,2023,2,Winter,2.0,,1264958,357.58,10279.75,Low,4.0,420969.0,29.23,,25.08,10:00,0.7483,"55,0",237.1 mm,₺1.38,"264,980",  11.0  ,30%
Kayseri,Central Anatolia,Large City,2018,3,Spring,14.41,56.0,1441523,435.23,11184.64,Medium,3.0,528233.0,42.42,18.03,55.06,09:00,0.6731,"76,4",219.5 mm,₺2.25,"828,338",  5.8  ,38%
Van,Eastern Anatolia,Medium City,2017,6,Summer,24.08,61.85,1126384,319.57,7793.53,Low,4.0,332031.0,41.05,17.37,74.95,08:00,0.6145,"47,5",219.2 mm,₺2.08,"332,522",  9.9  ,44%
Eskisehir,Central Anatolia,Medium City,2016,7,Summer,25.38,47.46,882456,254.52,12732.03,Medium,4.0,311315.0,38.31,9.89,16.1,10:00,0.5145,"55,0",232.2 mm,₺1.17,"647,735",  7.0  ,52%
Gaziantep,Southeastern Anatolia,Large City,2021,3,Spring,22.54,78.16,2101263,2798.66,16589.98,High,8.0,724085.0,28.64,12.56,73.24,20:00,1.3799,"71,5",14.9 mm,₺1.7,"873,053",,50%
Tekirdag,Marmara,Medium City,2020,9,Autumn,17.1,67.55,1085000,371.34,12921.1,Medium,2.0,390639.0,10.28,19.34,53.42,18:00,0.4603,,252.5 mm,₺1.44,"827,766",  11.8  ,42%
Afyonkarahisar,Aegean,Small City,2023,2,Winter,7.85,63.43,734000,248.18,10443.48,Low,3.0,236187.0,27.99,15.51,28.15,09:00,0.4306,"24,8",73.2 mm,₺2.4,"22,769",  10.6  ,90%
Ankara,Central Anatolia,Megacity,2019,5,Spring,14.6,83.61,5639076,2112.61,17244.2,High,15.0,1857118.0,31.08,14.83,61.71,21:00,3.3801,"17,2",73.0 mm,₺2.03,"572,723",  8.8  ,50%
Mugla,Aegean,Medium City,2023,3,Spring,21.33,79.24,1012321,770.58,8075.31,Low,2.0,348374.0,,10.83,28.08,19:00,0.4506,"74,9",210.5 mm,₺1.57,"194,070",  3.8  ,78%
Denizli,Aegean,Medium City,2023,7,Summer,34.77,82.32,1062840,623.01,11632.49,Medium,2.0,324467.0,39.99,16.06,14.37,21:00,0.7535,,199.4 mm,₺2.4,"70,517",  7.8  ,71%
Kayseri,Central Anatolia,Large City,2015,3,Spring,15.73,82.45,1441523,1121.28,13183.87,Medium,5.0,412388.0,6.72,11.05,30.12,09:00,0.6871,"42,4",76.0 mm,₺2.5,"432,715",  8.3  ,93%
Adana,Mediterranean,Large City,2018,8,Summer,38.42,81.84,2237940,682.75,18563.69,High,6.0,677830.0,5.88,10.54,,10:00,1.952,"8,0",31.0 mm,₺0.96,"644,372",  9.5  ,73%
Sivas,Central Anatolia,Medium City,2020,12,Winter,-2.06,65.79,634149,161.32,8310.96,Low,1.0,179688.0,14.94,16.16,47.04,09:00,0.3511,"26,4",10.4 mm,,,  5.4  ,95%
Kahramanmaras,Mediterranean,Medium City,2015,2,Winter,6.48,83.85,1178234,329.0,9225.59,Low,4.0,366375.0,32.93,13.04,62.9,10:00,0.674,"26,7",181.4 mm,₺1.01,"764,603",  10.2  ,44%
Antalya,Mediterranean,Large City,2017,11,Autumn,26.89,65.6,2619832,998.4,10085.11,Low,7.0,937516.0,26.69,5.26,31.34,09:00,1.0078,"14,4",162.3 mm,₺2.23,"120,520",  11.5  ,89%
Balıkesir,Marmara,Medium City,2016,3,Spring,19.64,50.53,1264958,451.47,8120.38,Low,4.0,472024.0,32.04,11.08,15.79,21:00,0.4415,,164.0 mm,₺1.02,"300,295",  3.5  ,78%
Balıkesir,Marmara,Medium City,2016,10,Autumn,14.07,66.42,1264958,390.06,10119.56,Low,5.0,470657.0,14.62,9.11,14.99,20:00,0.4889,"75,7",244.4 mm,₺0.69,,  7.2  ,
Adana,Mediterranean,Large City,2019,12,Winter,8.63,50.72,2237940,493.85,,High,8.0,746468.0,31.17,7.7,58.6,08:00,1.8932,"19,9",226.0 mm,₺1.3,"239,332",  11.1  ,54%
Diyarbakir,Southeastern Anatolia,Large City,2020,7,Summer,34.66,65.44,1801268,398.63,9504.75,Low,6.0,623630.0,30.58,11.71,55.93,19:00,0.9922,"44,9",247.5 mm,₺1.05,"870,212",  7.2  ,62%
Mardin,Southeastern Anatolia,Small City,2015,7,Summer,34.36,40.68,833645,279.06,10153.78,Low,4.0,304058.0,37.11,14.71,35.4,09:00,0.4305,"8,9",183.0 mm,₺1.98,"293,511",  6.1  ,44%
Afyonkarahisar,Aegean,Small City,2017,3,Spring,19.5,55.57,734000,309.21,9557.58,Low,3.0,208756.0,36.46,7.39,35.61,,0.3028,"55,4",181.7 mm,₺0.97,"233,733",,75%
Kahramanmaras,Mediterranean,Medium City,2015,2,Winter,11.21,55.78,1178234,398.64,10947.02,Low,4.0,432752.0,37.32,19.41,44.13,10:00,0.518,"75,3",135.1 mm,,"563,397",  10.7  ,45%
Gaziantep,Southeastern Anatolia,Large City,2022,6,Summer,39.26,58.45,2101263,730.25,18742.93,High,7.0,624361.0,44.0,14.18,74.73,10:00,1.6715,"44,9",66.7 mm,₺1.29,"329,772",  9.6  ,39%
Van,Eastern Anatolia,Medium City,2018,9,Autumn,7.67,,1126384,1145.14,9538.01,Low,2.0,317881.0,20.42,7.24,24.22,20:00,0.5268,"53,0",134.1 mm,₺1.23,"110,755",  8.0  ,53%
Bursa,Marmara,Large City,2019,12,Winter,-1.27,50.41,3056120,699.99,19086.07,High,9.0,1030020.0,14.29,19.61,68.95,09:00,2.9335,"68,2",201.3 mm,₺1.31,"647,557",  8.7  ,80%
Antalya,Mediterranean,Large City,2015,11,Autumn,22.28,54.82,2619832,760.15,7558.67,Low,6.0,794909.0,33.67,15.59,27.53,08:00,1.0378,"59,2",249.3 mm,₺1.21,"880,096",  6.0  ,64%
Van,Eastern Anatolia,Medium City,2017,11,Autumn,7.01,59.09,1126384,410.24,12806.34,Low,3.0,410202.0,34.2,8.89,71.95,09:00,0.4665,"20,0",239.6 mm,₺1.98,"259,771",  2.9  ,99%
Sakarya,Marmara,Medium City,2021,12,Winter,1.89,60.81,1003000,437.92,14057.93,Medium,2.0,377354.0,8.26,8.49,,08:00,0.7706,"8,0",277.7 mm,₺1.51,"630,198",  9.1  ,34%
Bursa,Marmara,Large City,2023,5,Spring,16.91,70.58,3056120,623.63,18960.6,High,8.0,1038079.0,,,56.61,21:00,1.8199,"78,4",50.8 mm,₺1.49,"794,021",  11.2  ,76%
Kahramanmaras,Mediterranean,Medium City,2019,1,Winter,7.66,56.86,1178234,483.24,12783.62,Low,4.0,383828.0,34.44,5.09,51.12,18:00,0.7046,"47,0",94.3 mm,₺1.24,"294,822",  2.3  ,43%
Diyarbakir,Southeastern Anatolia,Large City,2019,10,Autumn,21.94,50.81,1801268,622.43,9581.2,Low,4.0,561940.0,18.26,19.7,58.37,21:00,0.8685,"63,3",118.5 mm,₺2.37,"841,047",  9.1  ,36%
Mugla,Aegean,Medium City,2018,4,Spring,26.51,69.96,1012321,885.29,10319.42,Low,2.0,294486.0,28.74,9.25,54.47,08:00,0.423,,23.5 mm,₺1.83,"541,880",  4.4  ,64%
Malatya,Eastern Anatolia,Medium City,2015,10,Autumn,7.76,74.71,781118,908.69,8934.13,Low,3.0,,6.96,5.42,45.51,18:00,0.3179,"36,7",142.6 mm,₺0.74,"529,121",  2.7  ,61%
Istanbul,Marmara,Megacity,2020,4,Spring,22.17,73.93,15840900,26801.67,14566.16,High,40.0,4669285.0,17.52,15.7,32.16,20:00,9.8723,"33,8",287.4 mm,₺0.91,"692,999",  5.6  ,60%
Mugla,Aegean,Medium City,2015,7,Summer,34.08,59.29,1012321,212.63,8071.14,Low,3.0,285292.0,27.62,17.53,62.14,09:00,0.5596,"18,9",284.8 mm,₺1.57,"437,720",  8.3  ,57%
Denizli,Aegean,Medium City,2017,10,Autumn,19.44,53.05,1062840,586.15,13655.46,Medium,3.0,361561.0,31.55,6.77,73.99,08:00,0.436,,268.1 mm,₺1.91,"408,619",  5.9  ,98%
Trabzon,Black Sea,Medium City,2022,12,Winter,1.81,58.4,811874,398.88,9775.13,Low,3.0,280886.0,36.73,7.25,31.03,20:00,0.1449,"69,2",158.3 mm,₺1.89,"205,667",  8.7  ,99%
Malatya,Eastern Anatolia,Medium City,2018,3,Spring,10.74,70.02,781118,164.41,7962.84,Low,3.0,294860.0,39.38,10.78,17.83,20:00,0.2862,"67,2",161.6 mm,₺1.75,"466,717",  3.1  ,73%
Kocaeli,Marmara,Large City,2017,4,Spring,15.56,70.65,2031963,879.49,,High,6.0,639848.0,6.6,5.83,50.35,10:00,1.1391,"12,9",,₺0.96,"58,943",  5.2  ,32%
Denizli,Aegean,Medium City,2017,7,Summer,37.14,72.8,1062840,240.87,12778.68,Medium,2.0,,28.99,19.02,19.91,08:00,0.5583,"40,5",94.3 mm,₺2.24,"116,723",  8.2  ,79%
Eskisehir,Central Anatolia,Medium City,2018,11,Autumn,12.05,,882456,189.85,15608.92,Medium,2.0,316570.0,43.1,12.93,58.95,21:00,0.3913,"51,8",39.0 mm,₺1.48,"421,976",  8.8  ,45%
Konya,Central Anatolia,Large City,2018,9,Autumn,,,2320259,1921.63,,Medium,5.0,842932.0,26.31,5.16,43.33,21:00,1.1211,"74,2",237.2 mm,₺1.18,"105,185",  10.6  ,36%
Adana,Mediterranean,Large City,2021,9,Autumn,24.03,81.5,2237940,782.95,18458.29,High,7.0,819589.0,44.73,6.3,35.38,21:00,1.4031,"29,5",66.6 mm,₺2.25,"246,269",  9.0  ,80%
Adana,Mediterranean,Large City,2017,1,Winter,8.09,62.73,2237940,4187.18,15996.46,High,6.0,844367.0,44.26,19.19,71.86,18:00,1.7525,"45,1",218.8 mm,₺0.88,,  2.7  ,82%
Hatay,Mediterranean,Large City,2015,7,Summer,37.78,45.89,1609856,342.92,11162.71,Low,5.0,581065.0,42.43,13.96,62.01,19:00,0.8534,"35,6",130.8 mm,₺0.74,"719,272",  11.0  ,48%
Mersin,Mediterranean,Large City,2020,11,Autumn,20.46,53.65,1936586,476.95,13322.79,Medium,4.0,546623.0,34.15,6.06,,,0.8997,"20,4",164.8 mm,,"585,123",  2.4  ,40%
Manisa,Aegean,Medium City,2020,1,Winter,4.57,63.16,1452881,318.3,11764.85,Medium,,531775.0,10.71,17.19,56.51,,1.0282,"38,6",78.0 mm,₺1.86,"679,065",,93%
Balıkesir,Marmara,Medium City,2020,8,Summer,29.74,67.47,1264958,282.71,9202.58,Low,3.0,454375.0,42.44,7.64,13.89,19:00,0.748,"10,0",25.1 mm,₺1.86,"859,826",  6.4  ,99%
Mardin,Southeastern Anatolia,Small City,2018,5,Spring,23.95,70.11,833645,211.91,11421.85,Low,3.0,281905.0,,6.7,61.59,20:00,0.3398,"71,2",198.8 mm,₺1.92,"489,306",  9.8  ,64%
Malatya,Eastern Anatolia,Medium City,2016,4,Spring,9.27,,781118,166.47,9875.7,Low,1.0,221479.0,6.78,17.78,,21:00,0.266,"66,6",137.8 mm,₺0.93,"198,223",  10.9  ,40%
Diyarbakir,Southeastern Anatolia,Large City,2015,10,Autumn,20.17,57.34,1801268,593.59,9709.82,Low,5.0,675515.0,31.18,6.27,16.95,19:00,0.7448,"34,0",151.6 mm,₺1.62,"108,524",  11.2  ,65%
Trabzon,Black Sea,Medium City,2021,10,Autumn,10.16,81.91,811874,548.17,8609.1,Low,4.0,280001.0,28.56,14.94,13.8,,0.3467,"36,9",26.1 mm,₺1.28,"697,109",  8.1  ,94%
Izmir,Aegean,Megacity,2019,10,Autumn,17.5,72.82,4394694,2118.18,17859.58,High,13.0,1392890.0,,10.62,12.95,19:00,2.6657,"43,1",85.1 mm,₺1.04,"768,844",  10.2  ,76%
Kocaeli,Marmara,Large City,2019,3,Spring,14.91,82.3,2031963,3471.37,20757.51,High,6.0,633679.0,13.79,19.64,44.61,18:00,1.1415,"63,9",62.5 mm,,"643,180",  4.4  ,35%
Ankara,Central Anatolia,Megacity,2020,1,Winter,-1.06,79.68,5639076,1972.16,18326.94,High,15.0,1821253.0,10.82,16.98,74.14,09:00,5.3779,"79,0",232.4 mm,₺1.11,"482,883",  7.0  ,54%
Manisa,Aegean,Medium City,2023,2,Winter,5.69,56.32,1452881,386.81,14099.01,Medium,3.0,430403.0,32.81,10.37,,09:00,1.0255,"17,4",255.1 mm,₺1.87,"435,617",  9.3  ,68%
Kahramanmaras,Mediterranean,Medium City,2023,12,Winter,6.2,78.8,1178234,290.78,11111.99,Low,4.0,362967.0,26.03,7.72,44.07,18:00,0.8438,"70,7",202.4 mm,₺1.3,"899,133",  3.1  ,79%
Adana,Mediterranean,Large City,2015,12,Winter,7.23,80.48,2237940,708.46,19321.3,High,8.0,641309.0,19.0,18.93,45.71,19:00,1.6301,"22,9",189.2 mm,₺1.4,"87,283",  9.9  ,63%
Trabzon,Black Sea,Medium City,2015,12,Winter,1.12,54.16,811874,748.53,8287.61,Low,3.0,229350.0,39.18,7.28,42.15,08:00,0.4306,"71,2",37.8 mm,₺2.26,"412,313",  4.1  ,38%
Afyonkarahisar,Aegean,Small City,2018,10,Autumn,19.7,80.07,734000,273.57,9100.6,Low,1.0,238226.0,44.24,17.59,54.76,21:00,0.297,"18,2",249.7 mm,,"48,685",  3.1  ,71%
Trabzon,Black Sea,Medium City,2019,8,Summer,,49.62,811874,185.87,9922.41,Low,2.0,268634.0,8.65,7.21,69.92,21:00,0.4411,"46,6",149.1 mm,₺0.98,"9,383",  10.6  ,65%
Izmir,Aegean,Megacity,2020,4,Spring,21.97,44.94,4394694,5961.66,19105.72,High,13.0,1383005.0,30.24,12.12,50.79,21:00,2.6188,"58,6",298.2 mm,₺2.32,"557,521",,85%
Manisa,Aegean,Medium City,2021,3,Spring,18.79,48.17,1452881,359.08,14939.86,Medium,3.0,524580.0,12.79,14.16,48.08,18:00,0.6525,"58,8",83.6 mm,₺0.95,"888,599",  11.9  ,46%
Diyarbakir,Southeastern Anatolia,Large City,2017,9,Autumn,21.45,,1801268,972.11,10224.33,Low,6.0,558029.0,21.38,18.14,10.77,18:00,0.6516,"46,0",11.0 mm,₺2.33,"711,334",  3.9  ,71%
Gaziantep,Southeastern Anatolia,Large City,2016,6,Summer,36.35,69.56,2101263,781.07,19198.12,High,6.0,678620.0,29.24,6.06,,09:00,1.7606,"79,6",127.4 mm,₺1.27,"263,226",  11.9  ,60%
Canakkale,Marmara,Small City,2018,10,Autumn,13.86,42.49,542000,118.15,10612.77,Low,2.0,191112.0,28.52,19.02,69.66,09:00,0.2294,"52,6",142.4 mm,₺1.44,"398,373",  9.1  ,70%
Malatya,Eastern Anatolia,Medium City,2017,1,Winter,-4.56,,781118,160.0,10350.0,Low,1.0,283855.0,14.38,17.13,17.25,10:00,0.4003,"66,0",150.8 mm,₺1.51,"771,230",  11.5  ,81%
Kahramanmaras,Mediterranean,Medium City,2021,12,Winter,9.98,72.66,1178234,641.09,9713.62,Low,2.0,419154.0,13.77,16.01,37.25,18:00,0.6613,"21,7",252.7 mm,₺0.99,"408,795",  9.4  ,99%
Kocaeli,Marmara,Large City,2019,5,Spring,19.69,71.93,2031963,1242.28,19189.44,High,8.0,590237.0,41.15,6.48,61.77,10:00,1.239,"12,4",164.3 mm,₺1.81,"229,817",  7.5  ,43%
Bursa,Marmara,Large City,2022,12,Winter,-2.05,49.41,3056120,2582.14,19808.87,High,10.0,,14.61,6.14,18.32,10:00,2.9048,"57,1",171.1 mm,₺1.49,"816,195",  9.8  ,55%
Istanbul,Marmara,Megacity,2023,10,Autumn,14.44,47.51,15840900,4807.48,14395.14,High,42.0,5421845.0,25.74,9.87,16.04,10:00,10.8457,"46,3",266.0 mm,₺1.34,"227,105",  4.9  ,42%
Manisa,Aegean,Medium City,2020,11,Autumn,17.02,76.19,1452881,532.1,14045.22,Medium,4.0,411423.0,44.07,17.46,52.37,08:00,0.7493,"19,4",,₺1.32,"762,771",  6.2  ,
Bursa,Marmara,Large City,2016,6,Summer,,44.2,3056120,1946.51,17880.21,High,8.0,918581.0,12.81,7.43,42.03,08:00,2.1591,"17,6",176.5 mm,₺0.86,"869,297",  12.0  ,60%
Erzurum,Eastern Anatolia,Medium City,2021,10,Autumn,8.55,67.98,762321,775.27,11891.08,Low,1.0,248421.0,7.91,19.08,71.0,09:00,0.3248,"75,0",217.0 mm,₺0.88,"749,908",  3.0  ,60%
Balıkesir,Marmara,Medium City,2020,7,Summer,29.06,66.84,1264958,683.93,,Low,3.0,379068.0,20.28,6.98,25.44,09:00,0.7616,"7,1",56.0 mm,₺1.36,"892,974",  11.7  ,
Mersin,Mediterranean,Large City,2017,12,Winter,5.38,80.85,1936586,3818.1,13233.49,Medium,4.0,561518.0,19.0,16.84,23.33,19:00,1.1542,"32,3",140.6 mm,₺1.29,"496,577",  5.6  ,41%
Erzurum,Eastern Anatolia,Medium City,2023,7,Summer,22.2,79.94,762321,271.16,9334.95,Low,2.0,263698.0,31.97,17.06,35.87,10:00,0.4769,"5,5",183.1 mm,₺1.46,"488,043",  10.0  ,85%
Sivas,Central Anatolia,Medium City,2018,4,Spring,14.7,67.47,634149,257.22,,Low,3.0,231984.0,27.89,18.99,21.09,10:00,0.183,"26,4",45.3 mm,₺1.69,"273,741",  2.2  ,55%
Adana,Mediterranean,Large City,2018,12,Winter,7.87,70.31,2237940,1805.93,,High,6.0,756903.0,23.79,11.83,33.19,08:00,1.8892,"67,5",36.6 mm,₺1.56,"793,573",  10.3  ,77%
Mardin,Southeastern Anatolia,Small City,2021,5,Spring,20.88,83.4,833645,167.62,5522.11,Low,4.0,240209.0,30.58,11.69,34.56,10:00,0.3388,"25,2",282.6 mm,₺1.46,"452,258",  5.0  ,69%
Denizli,Aegean,Medium City,2015,8,Summer,35.03,42.09,1062840,240.27,12444.23,Medium,3.0,374565.0,21.96,18.73,63.02,20:00,0.6259,"27,3",145.1 mm,₺0.77,"218,184",  10.2  ,52%
Van,Eastern Anatolia,Medium City,2023,2,Winter,,83.33,1126384,231.89,8564.94,Low,2.0,377384.0,44.74,12.33,55.14,08:00,0.623,"33,2",261.7 mm,₺1.79,"712,511",  9.9  ,67%
Van,Eastern Anatolia,Medium City,2020,7,Summer,22.38,49.2,1126384,299.69,8479.88,Low,,378890.0,32.14,17.28,44.14,21:00,0.6273,"58,4",28.0 mm,₺1.16,"325,586",  10.3  ,64%
Samsun,Black Sea,Large City,2017,10,Autumn,15.97,44.71,1361505,443.42,9188.83,Low,4.0,509879.0,34.27,10.76,,10:00,0.5144,"21,4",39.5 mm,₺0.64,,  11.5  ,74%
Samsun,Black Sea,Large City,2018,8,Summer,34.87,58.53,1361505,291.6,8160.39,Low,,409132.0,42.32,19.86,34.65,19:00,0.8085,"39,3",32.5 mm,₺0.72,"98,546",  3.6  ,49%
Samsun,Black Sea,Large City,2019,8,Summer,33.71,59.91,1361505,964.77,11944.0,Low,3.0,472804.0,39.41,8.19,61.1,09:00,0.8111,"7,1",68.8 mm,₺1.63,"263,960",  11.8  ,91%
Konya,Central Anatolia,Large City,2021,1,Winter,-4.4,78.63,2320259,987.51,11857.87,Medium,5.0,692639.0,16.5,14.22,69.07,,1.6195,"35,9",287.2 mm,₺1.2,"286,854",  10.5  ,60%
Kahramanmaras,Mediterranean,Medium City,2016,6,Summer,35.37,,1178234,323.69,5851.0,Low,4.0,408661.0,43.36,7.52,69.34,,0.5678,"9,4",89.0 mm,,"429,770",  2.9  ,52%
Afyonkarahisar,Aegean,Small City,2022,5,Spring,26.25,59.19,734000,501.72,10997.01,Low,1.0,218132.0,8.26,6.32,43.68,20:00,0.2839,"29,3",136.6 mm,₺1.58,"186,431",,44%
Manisa,Aegean,Medium City,2023,3,Spring,22.76,44.45,1452881,1208.5,14233.5,Medium,4.0,416765.0,21.72,10.06,37.06,19:00,0.7556,"12,6",149.2 mm,₺1.5,"703,317",,94%
Adana,Mediterranean,Large City,2023,12,Winter,5.79,69.12,2237940,490.18,21677.57,High,7.0,813328.0,21.14,17.91,43.96,20:00,2.1705,"78,1",18.4 mm,₺1.0,"783,004",  3.0  ,77%
Balıkesir,Marmara,Medium City,2017,8,Summer,32.09,,1264958,929.66,7740.18,Low,4.0,468712.0,33.76,11.3,58.08,21:00,0.5977,"6,1",,₺0.62,"202,118",  6.6  ,78%
Izmir,Aegean,Megacity,2015,2,Winter,5.43,60.05,4394694,917.66,18289.67,High,13.0,1559411.0,40.68,,59.32,18:00,3.5963,"50,3",134.9 mm,₺1.39,"7,387",  7.0  ,47%
Istanbul,Marmara,Megacity,2021,11,Autumn,,43.12,15840900,11162.21,15682.59,High,40.0,5145259.0,39.68,15.04,41.71,09:00,9.6765,"10,9",,,"161,574",  4.0  ,97%
Mersin,Mediterranean,Large City,2017,9,Autumn,25.86,,1936586,695.33,13650.23,Medium,6.0,715699.0,13.25,10.88,23.28,18:00,0.8592,"33,3",133.7 mm,₺0.8,"203,098",  11.0  ,73%
Manisa,Aegean,Medium City,2021,7,Summer,30.62,67.88,1452881,1993.41,12891.4,Medium,3.0,473935.0,25.79,7.86,68.7,09:00,1.0565,"64,4",236.0 mm,₺0.69,"355,264",  4.5  ,39%
Canakkale,Marmara,Small City,2020,4,Spring,18.46,79.98,542000,184.5,6690.5,Low,2.0,160114.0,18.62,13.12,45.99,20:00,0.1891,"25,2",269.6 mm,₺1.63,"471,243",  10.7  ,52%
Mugla,Aegean,Medium City,2018,8,Summer,35.85,76.19,1012321,269.75,6820.36,Low,2.0,356730.0,29.76,5.28,60.26,19:00,0.5198,"68,5",198.3 mm,₺1.87,"20,926",  5.3  ,64%
Tekirdag,Marmara,Medium City,2015,2,Winter,1.71,40.24,1085000,260.65,10954.7,Medium,4.0,361007.0,44.0,5.5,28.92,21:00,0.6651,"39,8",47.6 mm,₺1.7,"886,095",  4.6  ,33%
Mersin,Mediterranean,Large City,2023,6,Summer,36.78,65.9,1936586,396.04,11065.78,Medium,6.0,592196.0,31.52,17.79,41.95,08:00,1.3542,"16,0",134.4 mm,₺1.35,"438,448",  5.3  ,79%
Mardin,Southeastern Anatolia,Small City,2019,9,Autumn,20.14,43.73,833645,236.58,7973.92,Low,2.0,312707.0,43.77,7.96,44.99,08:00,0.3355,"22,6",298.7 mm,₺1.76,"555,323",  6.1  ,43%
Kocaeli,Marmara,Large City,2023,1,Winter,4.46,79.07,2031963,557.4,17600.64,High,6.0,757940.0,18.36,8.58,16.88,20:00,1.8682,"38,8",18.4 mm,₺2.46,"243,846",  9.4  ,90%
Tekirdag,Marmara,Medium City,2023,4,Spring,16.87,73.02,1085000,825.09,13274.46,Medium,2.0,377812.0,23.08,7.35,58.85,08:00,0.5053,"70,4",143.8 mm,₺1.27,"137,959",,61%
Samsun,Black Sea,Large City,2020,10,Autumn,15.2,64.9,1361505,327.95,11217.6,Low,4.0,483975.0,42.17,12.22,53.5,20:00,0.5465,"15,1",197.7 mm,₺0.54,"746,667",  8.1  ,87%
Kahramanmaras,Mediterranean,Medium City,2017,4,Spring,24.84,73.45,1178234,432.3,7631.67,Low,2.0,366681.0,36.95,16.41,55.68,18:00,0.5096,"19,7",,₺2.32,"79,713",  2.9  ,38%
Sivas,Central Anatolia,Medium City,2020,8,Summer,25.71,62.18,634149,449.06,7391.85,Low,2.0,185261.0,7.51,14.94,58.56,20:00,0.3674,"43,4",214.0 mm,₺1.7,"701,278",  7.3  ,
Trabzon,Black Sea,Medium City,2019,6,Summer,31.47,71.95,811874,431.84,9488.59,Low,3.0,274043.0,19.87,14.27,35.63,08:00,0.4684,"65,4",175.3 mm,₺0.67,"539,499",  8.0  ,86%
Afyonkarahisar,Aegean,Small City,2022,2,Winter,6.33,64.6,734000,395.35,7789.29,Low,3.0,,16.29,6.21,57.38,20:00,0.4052,"63,9",220.5 mm,₺0.68,"394,822",  5.4  ,85%
Antalya,Mediterranean,Large City,2023,2,Winter,,62.51,2619832,943.04,9930.75,Low,7.0,916614.0,35.82,17.32,54.99,18:00,1.8597,"55,2",238.5 mm,₺2.28,"618,666",  11.9  ,62%
Sivas,Central Anatolia,Medium City,2020,8,Summer,31.13,59.89,634149,959.21,8122.07,Low,1.0,190429.0,25.38,9.49,37.37,09:00,0.3288,"17,5",,₺1.45,"859,840",  4.5  ,68%
Bursa,Marmara,Large City,2020,1,Winter,,50.22,3056120,1644.63,17714.65,High,10.0,887126.0,21.33,10.3,45.3,10:00,2.3396,"52,9",289.8 mm,,"641,178",  4.7  ,
Trabzon,Black Sea,Medium City,2015,8,Summer,30.11,77.41,811874,506.9,7799.0,Low,3.0,241639.0,41.49,7.09,26.39,20:00,0.4288,"65,1",299.0 mm,₺1.51,"887,792",  5.2  ,52%
Sivas,Central Anatolia,Medium City,2016,11,Autumn,14.14,63.95,634149,300.17,10638.94,Low,2.0,237138.0,13.54,11.4,37.86,10:00,0.2462,"49,2",244.3 mm,₺1.9,"526,725",  7.2  ,75%
Mersin,Mediterranean,Large City,2021,9,Autumn,22.52,46.32,1936586,769.53,12278.1,Medium,4.0,671677.0,42.86,,58.11,20:00,0.9945,"50,4",172.0 mm,₺2.41,"15,332",  6.7  ,45%
Malatya,Eastern Anatolia,Medium City,2018,11,Autumn,6.55,58.9,781118,166.56,6290.67,Low,1.0,266129.0,34.54,16.61,11.47,,0.0844,"71,9",39.8 mm,₺1.05,,  6.4  ,75%
Balıkesir,Marmara,Medium City,2019,2,Winter,-0.93,63.89,1264958,260.53,,Low,4.0,443230.0,5.41,14.39,52.3,,0.7978,"8,3",16.5 mm,₺0.63,"567,329",  3.0  ,59%
Konya,Central Anatolia,Large City,2015,10,Autumn,12.72,55.65,2320259,644.48,9924.18,Medium,5.0,775207.0,19.09,6.89,29.02,09:00,1.1044,"12,9",134.2 mm,₺0.67,"899,144",  12.0  ,86%
Samsun,Black Sea,Large City,2015,6,Summer,30.33,81.42,1361505,491.81,6862.54,Low,4.0,393125.0,5.34,17.5,51.0,20:00,0.6277,"67,5",54.8 mm,₺1.69,"805,577",  7.1  ,98%
Erzurum,Eastern Anatolia,Medium City,2020,11,Autumn,6.77,51.23,762321,442.61,10398.29,Low,3.0,237377.0,40.82,18.64,54.92,09:00,0.3126,,143.6 mm,₺1.84,"422,050",  3.2  ,89%
Erzurum,Eastern Anatolia,Medium City,2023,8,Summer,22.01,,762321,207.48,7055.25,Low,3.0,254120.0,29.22,10.35,60.82,20:00,0.3886,"28,9",290.5 mm,₺1.08,"335,242",  8.7  ,95%
Hatay,Mediterranean,Large City,2016,1,Winter,7.21,58.31,1609856,873.19,7762.56,Low,6.0,523101.0,22.66,12.94,42.06,10:00,0.8015,"48,7",122.6 mm,₺0.55,"71,860",  3.8  ,44%
Konya,Central Anatolia,Large City,2017,7,Summer,28.62,62.59,2320259,1726.28,14018.68,Medium,6.0,657591.0,28.9,5.11,19.59,10:00,1.3628,"32,2",197.5 mm,₺0.68,"424,809",  2.6  ,34%
Balıkesir,Marmara,Medium City,2019,11,Autumn,16.48,69.2,1264958,511.45,7118.4,Low,3.0,400331.0,17.64,13.69,46.45,20:00,0.4915,"31,0",184.9 mm,₺0.82,"484,162",  7.2  ,43%
Denizli,Aegean,Medium City,2021,3,Spring,20.2,66.29,1062840,248.78,13903.08,Medium,3.0,395630.0,26.36,14.49,43.33,21:00,0.5006,"59,7",190.5 mm,₺1.38,"466,888",  7.0  ,41%
Mardin,Southeastern Anatolia,Small City,2020,6,Summer,36.85,44.65,833645,346.49,12121.15,Low,3.0,280209.0,36.58,16.22,26.01,21:00,0.4329,"25,5",195.7 mm,,"861,801",  7.6  ,39%
Istanbul,Marmara,Megacity,2016,4,Spring,15.46,60.19,15840900,14907.09,16534.84,High,42.0,5835606.0,39.76,7.43,32.25,20:00,9.8057,"43,5",80.1 mm,₺0.82,"742,418",  5.2  ,46%
Malatya,Eastern Anatolia,Medium City,2015,9,Autumn,4.46,43.84,781118,210.22,8438.22,Low,1.0,229082.0,32.98,7.08,73.02,21:00,0.2662,"65,3",130.3 mm,₺2.03,"203,483",  2.4  ,56%
Istanbul,Marmara,Megacity,2021,10,Autumn,14.44,47.29,15840900,6152.29,17975.85,High,41.0,4767602.0,11.36,9.29,45.13,20:00,11.0014,"78,6",30.6 mm,₺1.87,"533,867",  3.2  ,56%
Hatay,Mediterranean,Large City,2020,4,Spring,24.98,80.77,1609856,1167.75,9620.03,Low,6.0,543632.0,36.79,12.54,,20:00,0.5884,"8,3",65.1 mm,₺0.76,"555,809",  2.7  ,64%
Erzurum,Eastern Anatolia,Medium City,2023,10,Autumn,7.57,70.96,762321,302.06,8077.58,Low,3.0,248136.0,39.16,13.57,19.73,18:00,0.3138,"39,7",169.5 mm,₺1.66,"54,827",  9.8  ,94%
Van,Eastern Anatolia,Medium City,2018,12,Winter,-7.05,53.5,1126384,2142.46,11198.29,Low,2.0,410247.0,23.95,11.22,24.95,08:00,0.5863,,,₺0.74,"806,592",  8.9  ,63%
Balıkesir,Marmara,Medium City,2023,4,Spring,17.81,81.19,1264958,283.84,7522.44,Low,3.0,466918.0,12.78,8.46,23.31,21:00,0.5589,"47,3",27.1 mm,₺1.5,,  7.2  ,42%
Afyonkarahisar,Aegean,Small City,2021,7,Summer,37.06,54.94,734000,452.13,10435.21,Low,2.0,234697.0,41.25,5.6,71.61,19:00,0.4165,,217.7 mm,₺0.67,"228,884",  6.9  ,50%
Izmir,Aegean,Megacity,2018,8,Summer,36.39,43.6,4394694,1377.2,16288.49,High,11.0,1556729.0,5.49,7.14,25.87,20:00,3.7817,"19,0",268.1 mm,₺2.33,"123,620",  7.2  ,74%
Mersin,Mediterranean,Large City,2020,7,Summer,36.8,61.42,1936586,769.65,13596.6,Medium,5.0,671597.0,11.31,11.51,20.57,10:00,1.2767,"50,1",49.6 mm,₺0.94,"672,074",  2.1  ,80%
Manisa,Aegean,Medium City,2015,5,Spring,22.47,53.11,1452881,380.5,11011.31,Medium,5.0,548825.0,19.53,11.58,62.51,18:00,0.6892,"55,5",204.4 mm,₺2.24,"516,030",  7.8  ,62%
Kayseri,Central Anatolia,Large City,2016,10,Autumn,12.16,66.16,1441523,1646.04,14731.53,Medium,3.0,512227.0,42.89,19.79,34.46,08:00,0.6449,"70,0",199.0 mm,₺2.5,"804,078",  10.2  ,80%
Mugla,Aegean,Medium City,2021,12,Winter,3.2,43.91,1012321,458.35,6495.33,Low,3.0,318052.0,40.71,17.26,26.86,08:00,0.6987,"71,5",196.1 mm,₺2.28,"576,122",  7.3  ,61%
Malatya,Eastern Anatolia,Medium City,2018,9,Autumn,6.96,59.14,781118,238.7,7335.82,Low,1.0,219701.0,5.65,13.88,10.08,20:00,0.3577,"62,7",89.2 mm,,"391,139",  3.3  ,76%
Gaziantep,Southeastern Anatolia,Large City,2017,1,Winter,4.99,46.67,2101263,598.17,14310.79,High,,626874.0,42.89,9.8,33.76,10:00,1.6793,"37,0",286.8 mm,₺1.2,"49,342",  7.5  ,
Kahramanmaras,Mediterranean,Medium City,2018,4,Spring,26.89,78.65,1178234,451.48,9123.44,Low,4.0,357327.0,6.49,7.72,52.6,18:00,0.414,"52,1",256.8 mm,₺1.57,"233,018",  2.9  ,98%
Balıkesir,Marmara,Medium City,2023,3,Spring,18.32,76.72,1264958,275.23,7297.26,Low,3.0,444626.0,40.64,17.2,26.17,08:00,0.4604,"46,9",216.6 mm,₺1.68,"780,177",  7.1  ,32%
Erzurum,Eastern Anatolia,Medium City,2017,8,Summer,,82.71,762321,273.23,8559.31,Low,3.0,221264.0,33.58,16.39,43.4,08:00,0.4156,,293.4 mm,₺0.94,"325,906",  4.0  ,88%
Ankara,Central Anatolia,Megacity,2018,8,Summer,23.94,56.18,5639076,5641.01,17342.67,High,17.0,1875984.0,5.18,9.7,31.08,08:00,5.0194,"7,7",15.2 mm,₺1.76,"93,459",  4.6  ,81%
Van,Eastern Anatolia,Medium City,2018,5,Spring,11.64,72.23,1126384,262.67,10225.96,Low,2.0,411123.0,33.85,7.35,57.2,09:00,0.3937,"13,2",53.2 mm,₺2.34,"125,613",  11.2  ,57%
Denizli,Aegean,Medium City,2019,9,Autumn,21.75,78.68,1062840,332.47,14144.21,Medium,4.0,301845.0,21.79,6.45,41.14,21:00,0.1543,"70,6",147.4 mm,₺1.13,"312,288",  10.2  ,98%
Balıkesir,Marmara,Medium City,2015,2,Winter,,61.26,1264958,546.92,8597.42,Low,5.0,365453.0,23.83,17.7,35.34,21:00,0.7401,"34,8",37.8 mm,₺1.97,"128,253",  3.9  ,40%
Ankara,Central Anatolia,Megacity,2021,12,Winter,-5.83,53.67,5639076,4066.29,19839.42,High,15.0,2087272.0,15.19,,39.54,09:00,5.0757,"38,2",187.4 mm,₺0.54,"254,596",  8.9  ,93%
Canakkale,Marmara,Small City,2019,2,Winter,2.29,47.35,542000,220.28,8468.16,Low,2.0,,25.97,15.0,69.19,09:00,0.3826,"46,9",142.8 mm,₺1.06,"837,598",  11.0  ,33%
Ankara,Central Anatolia,Megacity,2020,9,Autumn,13.57,50.15,5639076,1873.65,17685.21,High,15.0,1658229.0,37.37,19.11,14.63,18:00,3.7741,"22,8",84.7 mm,₺2.28,"215,289",  4.3  ,70%
Diyarbakir,Southeastern Anatolia,Large City,2021,10,Autumn,19.65,41.95,1801268,465.88,10026.31,Low,4.0,529483.0,,5.37,17.15,20:00,0.8266,"56,6",143.9 mm,₺1.89,"883,215",  9.5  ,52%
Eskisehir,Central Anatolia,Medium City,2020,4,Spring,14.18,83.62,882456,611.67,13246.75,Medium,4.0,304957.0,26.29,9.38,51.71,19:00,0.4118,"47,2",74.0 mm,₺1.43,"617,256",  6.7  ,43%
Denizli,Aegean,Medium City,2017,1,Winter,4.05,68.35,1062840,270.92,15515.67,Medium,2.0,314770.0,26.29,11.03,17.69,18:00,0.7119,"8,8",53.3 mm,₺0.92,"463,625",  10.4  ,57%
Mugla,Aegean,Medium City,2015,4,Spring,,40.38,1012321,790.77,10393.97,Low,4.0,284410.0,33.64,8.33,40.63,20:00,0.3215,"59,2",193.6 mm,,"807,057",  7.8  ,46%
Bursa,Marmara,Large City,2022,12,Winter,2.83,49.81,3056120,4250.8,19342.49,High,8.0,862378.0,18.86,18.18,28.73,21:00,2.6541,"45,8",119.3 mm,₺1.05,"311,338",  10.5  ,89%
Denizli,Aegean,Medium City,2019,8,Summer,35.78,66.08,1062840,306.23,,Medium,4.0,339025.0,37.7,16.52,70.97,19:00,0.6442,"45,0",11.4 mm,₺1.32,"609,781",  5.8  ,93%
Kocaeli,Marmara,Large City,2016,7,Summer,30.84,40.78,2031963,3639.37,,High,,771220.0,36.6,10.64,71.46,20:00,1.8048,"79,5",263.7 mm,₺0.71,"489,401",,46%
Diyarbakir,Southeastern Anatolia,Large City,2018,2,Winter,9.04,40.56,1801268,372.72,11504.93,Low,5.0,681852.0,39.8,7.35,68.94,18:00,1.1223,,109.6 mm,₺2.43,"616,543",  5.5  ,70%
Mersin,Mediterranean,Large City,2019,1,Winter,6.3,51.03,1936586,1948.22,14544.88,Medium,4.0,680348.0,29.43,11.88,24.57,18:00,1.2906,"20,5",286.7 mm,₺0.8,"864,281",  3.9  ,69%
Canakkale,Marmara,Small City,2015,7,Summer,34.53,66.0,542000,424.76,13179.07,Low,3.0,166225.0,25.91,9.37,70.42,08:00,0.3028,"29,2",45.9 mm,₺2.24,"835,302",  10.4  ,
Bursa,Marmara,Large City,2022,7,Summer,28.05,44.12,3056120,732.16,19231.71,High,10.0,1061321.0,11.37,10.58,70.1,10:00,3.2529,"56,0",284.8 mm,₺0.91,"510,807",  6.1  ,46%
Canakkale,Marmara,Small City,2020,11,Autumn,14.49,69.96,542000,168.9,12349.79,Low,2.0,188490.0,15.23,11.11,24.74,18:00,0.2105,"24,6",35.4 mm,₺2.22,"153,820",  3.8  ,37%
Malatya,Eastern Anatolia,Medium City,2020,8,Summer,22.95,45.4,781118,462.34,9057.44,Low,2.0,264991.0,42.87,17.71,36.08,09:00,0.4689,"77,4",206.4 mm,₺2.46,"473,589",  6.9  ,52%
Mugla,Aegean,Medium City,2023,1,Winter,4.35,71.01,1012321,219.91,7786.83,Low,3.0,357418.0,40.86,14.54,69.67,19:00,0.5863,"66,3",245.7 mm,₺2.48,"54,768",  11.4  ,75%
Canakkale,Marmara,Small City,2018,8,Summer,29.12,82.06,542000,145.48,10336.71,Low,3.0,193046.0,26.12,12.92,33.32,19:00,0.2988,"27,2",258.4 mm,₺0.9,"864,833",  8.8  ,43%
Malatya,Eastern Anatolia,Medium City,2015,8,Summer,27.57,54.89,781118,289.48,7747.49,Low,1.0,,23.23,11.87,21.31,08:00,0.3731,,176.2 mm,₺1.01,"730,656",  8.3  ,46%
Ankara,Central Anatolia,Megacity,2022,5,Spring,12.95,81.5,5639076,1530.38,16835.85,High,16.0,1678099.0,17.16,10.72,56.99,09:00,3.3419,"76,8",,,"539,509",  2.6  ,97%
Diyarbakir,Southeastern Anatolia,Large City,2018,4,Spring,24.67,81.94,1801268,1229.48,7743.93,Low,6.0,589950.0,27.87,18.41,71.43,20:00,1.8416,"56,7",99.9 mm,,"411,253",  4.6  ,54%
Izmir,Aegean,Megacity,2021,4,Spring,,56.85,4394694,893.12,,High,,1511643.0,39.1,14.38,71.87,18:00,2.3816,"35,1",217.7 mm,₺0.99,"165,881",  8.9  ,61%
Bursa,Marmara,Large City,2016,10,Autumn,15.1,46.49,3056120,2198.72,19614.99,High,8.0,1044079.0,29.76,5.83,54.53,09:00,1.6939,"77,2",53.9 mm,₺2.43,"96,194",  11.8  ,64%
Sakarya,Marmara,Medium City,2018,8,Summer,29.66,63.25,1003000,438.84,13446.88,Medium,3.0,324825.0,16.4,11.94,24.2,10:00,0.6526,"24,9",210.2 mm,₺1.91,"704,148",  7.0  ,73%
Ankara,Central Anatolia,Megacity,2023,2,Winter,-3.19,76.88,5639076,1319.76,15329.31,High,15.0,1827477.0,44.79,19.5,26.93,09:00,5.443,"62,3",21.0 mm,₺1.36,"324,172",  2.3  ,
Van,Eastern Anatolia,Medium City,2019,2,Winter,-8.78,65.41,1126384,545.26,7487.66,Low,2.0,359827.0,28.45,18.79,14.49,18:00,0.5708,"52,4",199.9 mm,₺1.06,"203,215",  5.9  ,91%
Adana,Mediterranean,Large City,2021,10,Autumn,19.94,82.3,2237940,2499.78,19001.3,High,7.0,655150.0,7.99,5.75,17.57,18:00,1.3977,"63,3",169.2 mm,,"658,896",  5.8  ,95%
Mugla,Aegean,Medium City,2023,2,Winter,6.48,69.53,1012321,405.95,7889.26,Low,2.0,359760.0,,15.8,24.24,,0.678,"40,3",122.6 mm,₺0.8,"869,753",  5.6  ,89%
Eskisehir,Central Anatolia,Medium City,2019,12,Winter,-1.82,54.02,882456,737.58,,Medium,4.0,296539.0,32.21,7.28,20.98,19:00,0.5805,"43,9",291.2 mm,₺1.44,"450,157",  3.0  ,82%
Van,Eastern Anatolia,Medium City,2023,8,Summer,,,1126384,1846.77,8440.99,Low,3.0,395380.0,30.16,7.29,54.03,,0.5621,"6,0",250.0 mm,₺2.21,"113,451",  3.6  ,33%
Denizli,Aegean,Medium City,2016,3,Spring,19.62,68.65,1062840,299.36,14260.31,Medium,2.0,325173.0,20.2,17.58,28.8,19:00,0.4434,"62,5",,₺0.6,"845,307",  9.4  ,97%
Adana,Mediterranean,Large City,2019,6,Summer,37.56,47.33,2237940,858.61,18441.54,High,,743858.0,20.26,6.47,43.44,19:00,1.9172,"10,7",298.5 mm,₺0.93,"566,221",  7.5  ,66%
Canakkale,Marmara,Small City,2017,9,Autumn,12.03,67.74,542000,197.61,,Low,2.0,186130.0,28.25,15.13,33.23,09:00,0.2027,"32,9",150.7 mm,₺2.18,,  10.3  ,88%
Mardin,Southeastern Anatolia,Small City,2017,11,Autumn,20.03,,833645,439.05,8406.83,Low,4.0,316099.0,31.88,11.89,24.75,10:00,0.3186,"32,4",79.0 mm,₺1.97,"650,210",  4.3  ,93%
Kocaeli,Marmara,Large City,2022,12,Winter,1.25,54.54,2031963,1568.01,18159.76,High,6.0,599391.0,,16.6,38.87,19:00,1.7949,"73,7",220.2 mm,₺1.39,"450,898",  2.2  ,60%
Mugla,Aegean,Medium City,2023,6,Summer,33.93,43.69,1012321,289.87,4866.53,Low,4.0,347926.0,19.66,5.97,64.24,09:00,0.5398,"19,9",125.6 mm,₺1.43,"255,909",  8.8  ,30%
Sakarya,Marmara,Medium City,2018,11,Autumn,16.46,78.38,1003000,1146.26,14735.63,Medium,4.0,348132.0,39.59,5.39,49.11,20:00,0.4862,,221.7 mm,₺2.34,"583,888",  9.6  ,40%
Istanbul,Marmara,Megacity,2023,1,Winter,1.33,65.32,15840900,3366.94,18865.19,High,41.0,5974459.0,27.66,6.18,70.87,10:00,15.2927,"73,9",168.9 mm,₺1.28,"883,924",,53%
Kahramanmaras,Mediterranean,Medium City,2019,7,Summer,37.96,69.81,1178234,432.21,8270.13,Low,3.0,446560.0,41.06,7.31,72.07,20:00,0.4886,"13,5",48.8 mm,₺1.27,"566,093",  5.3  ,94%
Hatay,Mediterranean,Large City,2023,8,Summer,38.54,52.31,1609856,850.6,6639.83,Low,4.0,502393.0,17.63,12.37,22.5,18:00,0.8425,"61,1",91.0 mm,₺0.93,"81,117",  10.0  ,99%
Van,Eastern Anatolia,Medium City,2018,10,Autumn,6.86,60.01,1126384,260.45,9545.96,Low,3.0,361018.0,30.64,,10.18,08:00,0.4508,"15,9",36.7 mm,₺2.05,"508,012",  4.4  ,90%
Eskisehir,Central Anatolia,Medium City,2021,11,Autumn,8.5,74.14,882456,200.02,14686.53,Medium,2.0,261078.0,41.72,7.57,64.64,20:00,0.4781,"70,4",275.0 mm,₺0.62,"325,147",,75%
Trabzon,Black Sea,Medium City,2021,6,Summer,28.3,74.44,811874,371.61,8751.24,Low,4.0,277685.0,5.41,15.43,51.92,20:00,0.4416,"56,3",118.8 mm,₺1.05,"275,262",,52%
Adana,Mediterranean,Large City,2022,2,Winter,5.68,60.37,2237940,829.12,18223.96,High,7.0,816305.0,38.39,5.8,50.92,08:00,2.2251,"76,9",209.3 mm,₺1.22,"630,519",  10.9  ,38%
Samsun,Black Sea,Large City,2019,6,Summer,,68.06,1361505,531.33,9791.85,Low,4.0,483370.0,36.7,14.41,19.88,09:00,0.6932,"9,8",100.3 mm,₺1.62,"342,784",  7.7  ,66%
Trabzon,Black Sea,Medium City,2019,8,Summer,29.15,75.82,811874,315.13,6514.28,Low,2.0,272659.0,31.3,17.52,12.02,09:00,0.517,"23,7",297.0 mm,₺1.57,"385,680",  5.9  ,37%
Manisa,Aegean,Medium City,2023,8,Summer,36.85,55.81,1452881,553.92,11869.72,Medium,4.0,502530.0,39.32,9.63,46.82,09:00,1.1528,"45,7",183.6 mm,,"349,001",  3.5  ,39%
Hatay,Mediterranean,Large City,2016,8,Summer,36.15,80.0,1609856,354.28,7907.59,Low,4.0,531377.0,44.4,14.12,34.84,18:00,0.8467,"21,2",246.8 mm,₺1.09,,  8.0  ,94%
Diyarbakir,Southeastern Anatolia,Large City,2020,4,Spring,20.34,56.13,1801268,454.27,8445.99,Low,6.0,609285.0,28.11,18.78,69.78,09:00,0.6823,"16,9",279.6 mm,₺2.14,"447,047",  10.1  ,74%
Bursa,Marmara,Large City,2018,7,Summer,27.6,46.22,3056120,741.25,18930.22,High,8.0,1123046.0,17.64,15.94,71.02,18:00,1.7334,"68,5",,₺2.49,"614,973",  6.1  ,39%
Trabzon,Black Sea,Medium City,2018,10,Autumn,,58.1,811874,263.02,8894.93,Low,4.0,233795.0,5.82,16.75,19.17,09:00,0.3692,"57,5",55.6 mm,₺0.79,"29,665",  4.9  ,72%
Izmir,Aegean,Megacity,2021,12,Winter,5.37,49.83,4394694,6965.13,19944.39,High,13.0,,9.62,10.2,57.0,10:00,3.9916,"25,5",271.0 mm,₺1.7,"300,534",  8.7  ,65%
Bursa,Marmara,Large City,2023,3,Spring,17.6,58.98,3056120,957.38,16058.37,High,8.0,973717.0,36.71,17.27,26.74,10:00,1.9698,"34,1",25.3 mm,₺0.71,"526,492",  11.9  ,80%
Diyarbakir,Southeastern Anatolia,Large City,2016,7,Summer,34.88,43.22,1801268,523.24,9837.09,Low,4.0,550343.0,6.55,12.33,54.87,08:00,0.7649,"63,5",237.9 mm,₺0.97,"167,367",  4.5  ,
Malatya,Eastern Anatolia,Medium City,2019,5,Spring,7.68,80.75,781118,1025.0,6412.63,Low,3.0,282889.0,6.14,18.63,73.22,20:00,0.3262,"49,5",79.1 mm,₺1.49,"399,146",  8.7  ,39%
Eskisehir,Central Anatolia,Medium City,2015,1,Winter,-4.42,69.27,882456,285.85,13114.57,Medium,3.0,267058.0,21.14,11.07,11.13,21:00,0.1959,"37,2",125.1 mm,,"806,836",,95%
Canakkale,Marmara,Small City,2018,1,Winter,1.61,67.23,542000,172.07,7944.68,Low,2.0,179356.0,31.79,9.86,53.8,09:00,0.8241,"64,4",42.8 mm,₺0.62,"829,205",  3.7  ,78%
Mardin,Southeastern Anatolia,Small City,2017,2,Winter,3.66,77.24,833645,349.74,6297.03,Low,2.0,254143.0,20.48,19.46,18.7,08:00,0.4827,"10,1",243.0 mm,₺1.77,"252,406",  6.7  ,77%
Kocaeli,Marmara,Large City,2022,9,Autumn,16.67,62.51,2031963,501.16,17952.94,High,6.0,587941.0,17.7,,48.06,10:00,1.266,"32,5",,₺1.58,"862,858",  9.1  ,38%
Kahramanmaras,Mediterranean,Medium City,2021,12,Winter,8.35,71.87,1178234,1698.94,7600.24,Low,3.0,365440.0,7.92,11.93,49.83,,0.7062,"39,4",100.9 mm,₺2.16,"327,441",  11.9  ,62%
Afyonkarahisar,Aegean,Small City,2017,12,Winter,1.18,51.47,734000,282.2,8129.05,Low,3.0,218249.0,44.04,15.54,40.94,08:00,0.4419,"67,5",221.8 mm,₺1.03,"297,552",  6.1  ,49%
Istanbul,Marmara,Megacity,2022,6,Summer,28.78,54.73,15840900,3518.24,16544.58,High,40.0,,34.87,17.7,29.28,09:00,12.1292,"44,2",113.6 mm,₺0.69,"295,213",  3.8  ,89%
Hatay,Mediterranean,Large City,2018,11,Autumn,19.31,,1609856,353.74,8758.7,Low,6.0,468053.0,7.06,12.91,23.05,10:00,0.7327,"75,5",251.6 mm,₺1.97,"526,150",  7.4  ,31%
Trabzon,Black Sea,Medium City,2018,5,Spring,15.04,70.47,811874,891.1,9792.34,Low,4.0,295280.0,12.96,6.2,15.13,18:00,0.3338,"10,8",144.9 mm,₺2.45,"696,620",  8.3  ,50%
Tekirdag,Marmara,Medium City,2016,5,Spring,16.97,,1085000,368.36,15304.37,Medium,2.0,348663.0,42.58,,46.88,20:00,0.4498,"79,9",73.4 mm,₺2.02,"648,533",  10.3  ,49%
Eskisehir,Central Anatolia,Medium City,2022,5,Spring,14.15,54.58,882456,284.36,14395.44,Medium,4.0,330666.0,16.96,10.81,23.09,19:00,0.4306,"79,2",171.8 mm,₺1.7,"579,280",  2.7  ,79%
Diyarbakir,Southeastern Anatolia,Large City,2021,2,Winter,7.28,75.23,1801268,523.42,9319.09,Low,6.0,527478.0,42.43,13.48,42.43,20:00,1.0126,"65,7",65.7 mm,₺0.59,"51,789",  8.8  ,
Mardin,Southeastern Anatolia,Small City,2019,4,Spring,19.98,40.5,833645,237.91,9969.12,Low,4.0,264407.0,28.16,5.75,41.59,20:00,0.3019,"70,7",288.5 mm,₺1.52,,  10.6  ,
Sivas,Central Anatolia,Medium City,2016,9,Autumn,14.22,45.93,634149,140.56,7656.0,Low,2.0,194617.0,23.92,19.76,36.45,09:00,0.2275,"69,9",170.2 mm,₺2.41,,  2.8  ,76%
Erzurum,Eastern Anatolia,Medium City,2015,6,Summer,24.51,46.49,762321,245.96,9194.25,Low,3.0,260254.0,23.32,8.4,26.44,19:00,0.372,"16,3",201.4 mm,₺0.95,"867,306",  7.8  ,77%
Eskisehir,Central Anatolia,Medium City,2021,9,Autumn,9.23,49.17,882456,435.1,16350.64,Medium,3.0,333213.0,40.05,5.01,33.35,20:00,0.4394,"74,7",,₺1.65,"462,629",  8.9  ,43%
Van,Eastern Anatolia,Medium City,2021,4,Spring,9.42,79.54,1126384,236.85,9439.91,Low,2.0,424458.0,41.28,7.53,39.44,10:00,0.4272,"55,7",298.7 mm,₺1.53,"144,660",  9.3  ,31%
Konya,Central Anatolia,Large City,2022,4,Spring,17.01,50.86,2320259,821.17,11597.89,Medium,6.0,745364.0,23.78,9.84,56.12,19:00,1.1912,"49,8",34.1 mm,₺1.42,"14,396",  5.6  ,66%
Denizli,Aegean,Medium City,2020,6,Summer,,68.67,1062840,356.93,12748.76,Medium,4.0,383555.0,28.47,,63.51,10:00,0.6837,"79,2",236.9 mm,₺0.83,"892,346",  10.4  ,
Afyonkarahisar,Aegean,Small City,2018,8,Summer,37.0,63.53,734000,201.74,9079.22,Low,2.0,237510.0,42.96,11.66,,21:00,0.4,"24,1",292.2 mm,,"251,792",  9.3  ,97%
Bursa,Marmara,Large City,2018,11,Autumn,14.48,61.88,3056120,834.73,19051.88,High,9.0,,,13.85,60.21,18:00,1.8733,"79,5",51.9 mm,₺1.34,"721,972",  8.2  ,99%
Manisa,Aegean,Medium City,2023,12,Winter,3.63,44.46,1452881,398.01,14473.78,Medium,3.0,417246.0,6.09,15.39,19.64,18:00,1.0679,"79,7",15.0 mm,₺0.63,"50,899",  12.0  ,63%
Samsun,Black Sea,Large City,2017,4,Spring,18.74,41.39,1361505,294.66,11770.01,Low,4.0,498585.0,12.57,10.42,37.58,19:00,0.4067,"73,9",123.3 mm,₺0.55,"200,540",,62%
Erzurum,Eastern Anatolia,Medium City,2017,7,Summer,23.87,59.41,762321,393.8,5959.78,Low,3.0,214345.0,28.52,16.77,54.71,20:00,0.4175,"23,6",189.7 mm,₺0.72,"871,618",  10.7  ,41%
Bursa,Marmara,Large City,2021,8,Summer,33.36,,3056120,887.88,17681.13,High,8.0,1118784.0,20.73,14.25,32.5,10:00,2.816,"5,7",163.4 mm,₺1.18,"846,724",  3.3  ,68%
Erzurum,Eastern Anatolia,Medium City,2018,8,Summer,,56.91,762321,511.14,10827.39,Low,1.0,276722.0,21.6,11.81,21.53,21:00,0.392,"37,0",142.0 mm,₺0.84,"401,463",  6.4  ,89%
Antalya,Mediterranean,Large City,2019,5,Spring,28.58,68.49,2619832,1075.88,8233.66,Low,6.0,810285.0,23.04,19.75,15.99,21:00,0.8493,"73,6",273.6 mm,₺0.84,"362,269",  11.7  ,38%
Kahramanmaras,Mediterranean,Medium City,2023,3,Spring,24.88,76.75,1178234,278.34,8242.47,Low,2.0,437505.0,8.47,13.08,35.22,08:00,0.4488,"64,3",75.4 mm,,"7,044",  5.0  ,93%
Erzurum,Eastern Anatolia,Medium City,2020,2,Winter,-4.92,41.54,762321,273.97,7339.8,Low,2.0,244923.0,21.59,16.79,55.27,21:00,0.4796,"22,7",77.1 mm,₺1.52,"17,674",  5.2  ,44%
Afyonkarahisar,Aegean,Small City,2016,5,Spring,21.07,47.87,734000,361.27,9301.74,Low,1.0,210854.0,31.21,19.88,15.01,20:00,0.2623,"31,6",73.1 mm,₺1.31,"710,806",  6.1  ,99%
Konya,Central Anatolia,Large City,2022,2,Winter,-0.12,79.8,2320259,634.22,13716.0,Medium,5.0,842427.0,23.34,18.99,42.46,09:00,1.8554,"42,5",282.3 mm,₺1.05,"683,809",  2.5  ,73%
Tekirdag,Marmara,Medium City,2021,2,Winter,0.94,80.56,1085000,308.75,12432.03,Medium,4.0,353109.0,22.34,15.57,39.9,09:00,0.8409,"34,6",113.6 mm,₺1.57,"431,309",  4.3  ,90%
Balıkesir,Marmara,Medium City,2017,1,Winter,0.31,45.08,1264958,2228.6,10156.2,Low,4.0,456242.0,6.99,14.05,20.2,08:00,0.7559,"73,9",256.4 mm,₺1.88,"363,754",  4.6  ,85%
Canakkale,Marmara,Small City,2020,8,Summer,29.71,61.87,542000,674.78,10197.38,Low,1.0,,37.32,,63.09,19:00,0.2934,"36,8",288.9 mm,₺1.35,"493,957",  3.3  ,69%
Tekirdag,Marmara,Medium City,2020,8,Summer,30.39,75.1,1085000,341.54,11304.69,Medium,3.0,327094.0,,19.71,14.37,09:00,0.8543,"25,9",75.0 mm,₺2.02,"533,845",  9.9  ,57%
Kocaeli,Marmara,Large City,2016,9,Autumn,17.07,56.77,2031963,426.89,17002.48,High,8.0,674460.0,11.29,13.24,39.23,10:00,1.0894,"39,7",100.3 mm,₺2.28,"806,312",  10.6  ,85%
Istanbul,Marmara,Megacity,2017,9,Autumn,15.23,49.2,15840900,7403.69,19474.73,High,40.0,4487425.0,16.83,13.91,51.34,21:00,9.8992,"50,6",267.2 mm,,"170,004",  7.2  ,30%
Hatay,Mediterranean,Large City,2017,5,Spring,24.43,54.42,1609856,404.95,8885.31,Low,4.0,577266.0,40.17,10.21,24.54,19:00,0.6635,"44,8",146.6 mm,₺1.84,"272,159",  10.2  ,75%
Bursa,Marmara,Large City,2016,4,Spring,18.23,46.74,3056120,838.35,19082.88,High,9.0,862762.0,8.73,11.56,32.54,10:00,1.5955,"69,6",30.5 mm,₺2.27,"523,920",  4.8  ,61%
Mugla,Aegean,Medium City,2020,9,Autumn,21.04,52.4,1012321,233.87,6838.9,Low,4.0,319525.0,39.0,17.69,64.11,20:00,0.3877,"28,3",126.4 mm,₺0.75,"270,219",  4.4  ,97%
Bursa,Marmara,Large City,2021,1,Winter,-1.02,78.61,3056120,1094.75,17288.26,High,8.0,1112159.0,25.32,17.15,69.13,10:00,2.4753,"77,6",260.1 mm,₺0.98,"570,635",  7.6  ,72%
Eskisehir,Central Anatolia,Medium City,2021,11,Autumn,12.93,72.33,882456,266.39,14535.46,Medium,,286014.0,36.79,16.22,57.69,09:00,0.4815,"62,6",22.5 mm,₺0.92,"454,357",,
Eskisehir,Central Anatolia,Medium City,2018,12,Winter,-0.5,55.18,882456,386.75,12438.73,Medium,4.0,276328.0,35.66,15.53,53.92,21:00,0.5986,"28,1",178.5 mm,₺2.3,"146,453",  6.1  ,71%
Istanbul,Marmara,Megacity,2020,8,Summer,35.69,67.42,15840900,6929.85,18984.58,High,42.0,4566027.0,34.56,12.31,57.48,08:00,11.2661,"57,3",275.6 mm,₺2.16,"600,616",  5.4  ,99%
Canakkale,Marmara,Small City,2017,7,Summer,35.04,84.14,542000,277.57,10750.83,Low,2.0,,36.51,8.81,54.72,19:00,0.3177,"79,8",121.4 mm,₺2.13,"699,173",  6.8  ,50%
Kayseri,Central Anatolia,Large City,2019,7,Summer,29.14,66.98,1441523,1561.47,12763.93,Medium,3.0,523465.0,37.17,14.19,42.74,19:00,1.0418,"74,9",116.4 mm,₺2.29,"524,480",  11.8  ,38%
Mersin,Mediterranean,Large City,2017,7,Summer,,47.06,1936586,462.2,11789.06,Medium,4.0,574008.0,,11.71,32.5,21:00,1.1721,"56,0",260.7 mm,₺1.48,"709,841",  5.2  ,38%
Sivas,Central Anatolia,Medium City,2022,7,Summer,27.47,74.19,634149,330.29,8870.72,Low,,181205.0,35.54,6.34,42.17,21:00,0.3869,"18,2",,₺2.04,"871,612",  8.9  ,74%
Kayseri,Central Anatolia,Large City,2022,3,Spring,12.94,60.49,1441523,2334.43,11608.91,Medium,5.0,413953.0,7.21,12.65,33.66,09:00,0.7354,"24,4",208.2 mm,₺0.64,"427,699",  11.2  ,47%
Afyonkarahisar,Aegean,Small City,2022,11,Autumn,14.69,52.42,734000,171.66,8077.0,Low,3.0,265963.0,8.08,16.83,54.09,18:00,0.318,"33,4",261.8 mm,₺2.36,"41,867",  11.9  ,54%
Erzurum,Eastern Anatolia,Medium City,2022,2,Winter,-5.22,72.81,762321,820.28,10047.66,Low,1.0,278250.0,31.04,18.72,39.21,21:00,0.4758,"52,7",200.5 mm,₺1.5,"784,066",  3.9  ,59%
Konya,Central Anatolia,Large City,2021,2,Winter,-4.64,66.04,2320259,3513.93,10102.82,Medium,6.0,718299.0,9.76,19.02,25.72,08:00,1.8112,"43,8",299.2 mm,₺1.06,"500,378",  8.6  ,90%
Tekirdag,Marmara,Medium City,2015,3,Spring,18.33,57.37,1085000,1023.68,13868.59,Medium,3.0,356462.0,19.67,16.41,23.07,10:00,0.4862,"34,5",119.8 mm,₺0.75,"537,956",  3.9  ,99%
Bursa,Marmara,Large City,2019,12,Winter,2.69,54.86,3056120,4315.06,16502.99,High,8.0,895092.0,17.93,9.31,58.93,18:00,2.8826,"28,2",10.1 mm,₺0.88,"695,673",  5.0  ,88%
Denizli,Aegean,Medium City,2020,2,Winter,,53.81,1062840,225.57,13839.37,Medium,4.0,352467.0,6.61,11.08,47.74,21:00,0.7083,"16,2",146.5 mm,₺0.86,"491,062",  2.5  ,78%
Antalya,Mediterranean,Large City,2021,6,Summer,36.29,80.29,2619832,821.42,6402.51,Low,6.0,958258.0,37.5,12.41,68.16,21:00,1.6439,"61,0",74.4 mm,₺1.7,,  11.2  ,60%
Van,Eastern Anatolia,Medium City,2016,5,Spring,11.29,47.65,1126384,884.55,9584.8,Low,4.0,405274.0,39.43,14.73,45.88,21:00,0.3816,"24,7",214.2 mm,₺2.1,"626,130",  6.2  ,55%
Istanbul,Marmara,Megacity,2019,12,Winter,4.14,45.11,15840900,3898.03,17180.41,High,41.0,4695864.0,25.93,18.48,62.27,09:00,13.562,"12,6",240.1 mm,₺1.79,"510,406",  11.8  ,76%
Gaziantep,Southeastern Anatolia,Large City,2022,3,Spring,20.54,74.32,2101263,894.82,17415.26,High,,755390.0,27.33,11.14,12.9,,1.3223,"23,9",202.0 mm,₺2.27,"74,984",  7.0  ,36%
Mugla,Aegean,Medium City,2016,12,Winter,6.81,60.8,1012321,1379.55,9928.73,Low,4.0,365083.0,7.49,12.69,39.85,18:00,0.6494,"12,9",234.4 mm,₺2.23,"24,308",  10.3  ,63%
Canakkale,Marmara,Small City,2016,10,Autumn,16.82,75.66,542000,177.38,10635.37,Low,1.0,171603.0,32.5,13.95,38.46,10:00,0.2478,"65,0",177.3 mm,₺1.16,"879,298",  2.4  ,58%
Afyonkarahisar,Aegean,Small City,2016,3,Spring,24.01,56.97,734000,225.89,10137.37,Low,3.0,276787.0,,16.26,33.8,10:00,0.2528,"23,9",189.7 mm,₺1.54,"306,267",  11.8  ,65%
Trabzon,Black Sea,Medium City,2021,3,Spring,15.8,76.88,811874,1181.18,8428.41,Low,2.0,239202.0,18.2,7.75,32.02,21:00,0.3805,,120.2 mm,₺0.56,"494,008",  2.8  ,60%
Mardin,Southeastern Anatolia,Small City,2023,7,Summer,,82.4,833645,1160.68,7868.83,Low,3.0,267195.0,,18.31,12.49,08:00,0.4403,"15,8",,₺0.54,,  2.5  ,47%
Antalya,Mediterranean,Large City,2016,7,Summer,37.63,77.24,2619832,1511.45,8519.0,Low,8.0,924533.0,41.84,15.42,66.01,20:00,1.528,"25,8",223.5 mm,₺1.89,"375,284",  9.4  ,91%
Antalya,Mediterranean,Large City,2019,8,Summer,42.25,42.99,2619832,1898.06,8136.24,Low,8.0,842011.0,11.79,10.01,68.74,19:00,1.3738,"74,5",123.7 mm,₺2.3,"800,048",  4.3  ,72%
Hatay,Mediterranean,Large City,2017,6,Summer,40.54,49.81,1609856,332.75,11837.08,Low,5.0,455192.0,10.62,12.28,42.85,08:00,0.8062,"50,9",76.9 mm,,"772,295",,74%
Bursa,Marmara,Large City,2018,9,Autumn,14.37,72.59,3056120,946.53,,High,8.0,1073320.0,10.01,16.34,24.07,20:00,1.7401,,221.3 mm,,,,43%
Adana,Mediterranean,Large City,2022,4,Spring,,75.68,2237940,2060.96,18443.14,High,7.0,836645.0,5.59,17.14,61.3,18:00,1.3981,"66,5",150.2 mm,₺1.35,"193,302",  4.4  ,58%
Afyonkarahisar,Aegean,Small City,2017,4,Spring,23.97,83.29,734000,165.75,8108.3,Low,1.0,219108.0,43.01,11.69,45.22,08:00,0.2928,"73,4",280.7 mm,₺1.98,"25,219",  11.6  ,76%
Mardin,Southeastern Anatolia,Small City,2022,11,Autumn,17.58,71.97,833645,181.73,8193.34,Low,2.0,265468.0,34.02,13.24,52.13,09:00,0.3111,"71,2",89.3 mm,₺0.74,"761,602",  8.0  ,85%
Kahramanmaras,Mediterranean,Medium City,2021,7,Summer,38.43,46.69,1178234,1449.28,8868.56,Low,2.0,345793.0,29.67,13.76,43.82,08:00,0.6706,"61,7",71.1 mm,₺0.52,"326,734",  3.1  ,84%
Izmir,Aegean,Megacity,2021,8,Summer,34.48,83.29,4394694,1554.26,16613.17,High,11.0,1379618.0,24.87,5.42,,19:00,3.9675,"35,0",243.1 mm,₺1.83,"569,587",  5.8  ,51%
Kayseri,Central Anatolia,Large City,2019,1,Winter,-2.49,73.57,1441523,297.95,12464.98,Medium,5.0,446200.0,16.63,6.46,37.83,21:00,1.1031,"47,0",213.8 mm,,"723,226",  5.2  ,58%
Bursa,Marmara,Large City,2017,4,Spring,,49.34,3056120,632.7,16948.21,High,9.0,1067696.0,42.3,8.55,73.38,18:00,1.6696,,62.6 mm,₺2.1,"758,078",,91%
Tekirdag,Marmara,Medium City,2022,10,Autumn,14.47,52.59,1085000,318.02,13061.57,Medium,4.0,320425.0,22.04,,40.94,18:00,0.5692,"30,1",266.5 mm,₺1.44,"268,512",  11.6  ,30%
Van,Eastern Anatolia,Medium City,2023,11,Autumn,7.04,,1126384,397.93,7986.26,Low,2.0,427352.0,33.59,12.04,57.68,19:00,0.5211,"26,8",114.3 mm,₺0.54,"147,649",  7.9  ,99%
Trabzon,Black Sea,Medium City,2019,6,Summer,30.59,66.52,811874,342.31,9881.73,Low,2.0,289099.0,27.45,19.21,54.66,10:00,0.4504,"44,3",43.8 mm,₺1.15,"234,962",  5.5  ,87%
Gaziantep,Southeastern Anatolia,Large City,2019,6,Summer,36.73,84.83,2101263,824.68,19354.8,High,6.0,787907.0,7.52,13.77,45.69,10:00,1.6606,"18,0",193.1 mm,₺2.12,"273,867",  9.3  ,99%
Ankara,Central Anatolia,Megacity,2017,8,Summer,29.94,83.1,5639076,1282.78,,High,16.0,1832325.0,32.14,18.34,68.1,18:00,4.2893,"69,4",69.2 mm,₺0.62,"124,408",  5.5  ,64%
Sakarya,Marmara,Medium City,2023,12,Winter,-1.14,82.75,1003000,313.09,14023.93,Medium,2.0,379367.0,15.36,13.83,67.47,19:00,0.7481,"43,2",123.5 mm,₺2.09,"554,016",  4.7  ,37%
Kahramanmaras,Mediterranean,Medium City,2017,7,Summer,36.36,70.43,1178234,769.58,7641.4,Low,2.0,427002.0,9.57,15.78,57.37,10:00,0.6938,"72,2",299.9 mm,₺0.61,"580,287",  3.2  ,71%
Van,Eastern Anatolia,Medium City,2019,5,Spring,10.29,46.53,1126384,639.79,8824.64,Low,3.0,326174.0,36.28,10.71,46.92,19:00,0.4821,"13,4",220.1 mm,₺2.0,"839,092",  7.6  ,93%
Bursa,Marmara,Large City,2016,7,Summer,31.74,40.14,3056120,2740.15,18186.43,High,8.0,952440.0,9.42,11.29,12.31,18:00,2.3547,"17,1",192.8 mm,₺1.46,"353,630",  4.1  ,54%
Eskisehir,Central Anatolia,Medium City,2023,10,Autumn,12.37,71.14,882456,188.84,13374.51,Medium,2.0,324843.0,9.24,18.51,58.61,19:00,0.3944,"38,8",169.2 mm,₺1.69,"519,297",  2.8  ,71%
Tekirdag,Marmara,Medium City,2020,11,Autumn,13.66,44.48,1085000,375.94,12725.8,Medium,3.0,344564.0,17.22,18.88,59.26,,0.5063,"52,0",204.3 mm,₺1.52,"338,596",  9.3  ,36%
Izmir,Aegean,Megacity,2022,10,Autumn,21.37,71.77,4394694,6764.5,14952.63,High,11.0,1238835.0,33.06,15.62,51.78,09:00,2.7634,"53,9",202.6 mm,₺1.94,"483,784",  6.2  ,95%
Manisa,Aegean,Medium City,2022,8,Summer,31.6,78.71,1452881,395.72,12751.8,Medium,4.0,491268.0,12.8,,28.68,10:00,0.949,"73,0",115.0 mm,₺1.26,"626,915",  4.8  ,56%
Mardin,Southeastern Anatolia,Small City,2018,12,Winter,3.37,41.91,833645,199.16,9280.53,Low,4.0,270697.0,6.08,14.94,73.22,09:00,0.4996,"66,9",289.3 mm,₺2.07,"597,629",  9.1  ,38%
Mugla,Aegean,Medium City,2016,10,Autumn,17.31,79.68,1012321,214.79,10324.85,Low,3.0,291644.0,27.38,5.22,47.52,20:00,0.4386,"57,6",,,"500,664",  11.0  ,80%
Diyarbakir,Southeastern Anatolia,Large City,2021,9,Autumn,21.42,67.57,1801268,620.52,9349.82,Low,6.0,666911.0,33.96,6.81,14.32,18:00,0.6625,"44,9",287.6 mm,₺2.34,"713,082",  7.8  ,32%
Balıkesir,Marmara,Medium City,2015,4,Spring,20.67,,1264958,287.19,7209.43,Low,4.0,407877.0,39.79,16.21,56.18,20:00,0.4917,"41,7",298.8 mm,₺1.62,"201,686",  9.2  ,
Tekirdag,Marmara,Medium City,2015,1,Winter,1.86,73.71,1085000,690.28,11233.78,Medium,4.0,,13.76,6.01,42.95,18:00,0.7291,,156.0 mm,₺0.68,"185,541",  8.5  ,40%
Diyarbakir,Southeastern Anatolia,Large City,2017,11,Autumn,18.37,40.28,1801268,397.79,7944.28,Low,5.0,544027.0,38.81,5.15,53.26,18:00,0.6663,,110.0 mm,₺1.72,,  6.5  ,94%
Denizli,Aegean,Medium City,2023,1,Winter,,50.54,1062840,509.05,12755.75,Medium,3.0,386485.0,35.38,6.11,31.12,,0.8243,"46,5",132.4 mm,₺1.72,"18,982",,94%
Canakkale,Marmara,Small City,2016,8,Summer,29.15,,542000,150.26,9119.27,Low,1.0,,19.16,9.82,37.82,18:00,0.2534,"65,9",279.6 mm,₺1.58,,  10.5  ,75%
Samsun,Black Sea,Large City,2020,4,Spring,20.08,62.64,1361505,278.44,9912.98,Low,4.0,436410.0,20.97,11.01,16.38,21:00,0.5243,"26,8",200.4 mm,₺0.59,"890,973",  6.1  ,57%
Sakarya,Marmara,Medium City,2015,2,Winter,-1.67,80.71,1003000,391.6,13823.55,Medium,3.0,285086.0,27.15,15.96,10.73,18:00,0.6696,"71,3",208.4 mm,₺2.15,"395,644",  11.6  ,66%
Bursa,Marmara,Large City,2016,8,Summer,30.61,49.04,3056120,794.73,19771.09,High,9.0,865403.0,22.3,19.41,48.45,18:00,2.4868,"33,0",15.1 mm,₺1.71,"894,319",  2.7  ,58%
Balıkesir,Marmara,Medium City,2016,8,Summer,31.75,51.04,1264958,1527.64,9732.55,Low,5.0,401519.0,6.61,8.54,21.87,10:00,0.6548,"27,4",207.9 mm,₺0.5,"328,144",  7.1  ,45%
Sivas,Central Anatolia,Medium City,2015,12,Winter,-3.03,69.4,634149,217.41,8223.05,Low,2.0,202687.0,27.61,11.06,22.57,09:00,0.3512,"67,8",244.3 mm,₺0.97,"67,390",,35%
Manisa,Aegean,Medium City,2017,1,Winter,6.33,43.58,1452881,424.93,10106.98,Medium,3.0,455161.0,33.82,14.66,59.07,21:00,1.027,"56,3",,,"820,508",  4.2  ,89%
Kocaeli,Marmara,Large City,2017,7,Summer,31.26,57.1,2031963,710.28,17621.57,High,8.0,698795.0,15.09,11.8,67.04,18:00,1.7055,"60,7",186.0 mm,₺1.89,"112,581",  3.2  ,69%
Samsun,Black Sea,Large City,2022,7,Summer,30.22,67.14,1361505,574.42,6203.34,Low,5.0,474652.0,12.36,15.11,52.41,18:00,0.6158,,156.4 mm,₺1.12,"130,212",  5.3  ,73%
Konya,Central Anatolia,Large City,2015,10,Autumn,10.06,60.58,2320259,2046.65,10582.13,Medium,7.0,719604.0,24.67,18.09,20.35,20:00,1.1995,"67,8",94.2 mm,₺1.96,"794,369",  7.1  ,97%
Gaziantep,Southeastern Anatolia,Large City,2017,3,Spring,23.09,57.97,2101263,1433.1,,High,7.0,744729.0,13.01,17.26,65.88,20:00,1.2236,"37,4",274.3 mm,₺1.1,"660,368",  11.5  ,36%
Gaziantep,Southeastern Anatolia,Large City,2018,8,Summer,35.78,68.23,2101263,2046.06,19264.1,High,8.0,777619.0,22.05,9.98,16.43,09:00,1.7098,"43,2",181.3 mm,₺1.74,"731,175",  9.4  ,61%
Malatya,Eastern Anatolia,Medium City,2022,9,Autumn,,76.31,781118,490.73,10296.24,Low,2.0,256391.0,10.85,9.46,54.93,21:00,0.391,"45,1",103.8 mm,,"646,152",  9.2  ,75%
Kahramanmaras,Mediterranean,Medium City,2023,3,Spring,28.28,48.74,1178234,981.06,10130.44,Low,2.0,417032.0,25.13,,51.96,19:00,0.4583,"38,4",73.3 mm,,"112,217",  11.4  ,
Sakarya,Marmara,Medium City,2017,3,Spring,17.15,50.95,1003000,734.92,15734.68,Medium,2.0,362925.0,34.72,18.5,74.37,08:00,0.4415,"19,5",48.1 mm,₺0.8,"40,671",  4.7  ,
Bursa,Marmara,Large City,2015,6,Summer,32.35,82.15,3056120,612.61,17412.43,High,10.0,921961.0,11.21,11.0,29.8,09:00,2.3199,"14,9",195.3 mm,₺1.77,"738,040",  7.6  ,66%
Afyonkarahisar,Aegean,Small City,2018,3,Spring,23.31,80.26,734000,509.69,9697.84,Low,3.0,270340.0,10.97,17.56,40.3,20:00,0.3131,"27,3",170.5 mm,₺1.27,"231,957",  9.3  ,83%
Konya,Central Anatolia,Large City,2023,8,Summer,26.99,56.47,2320259,635.97,11421.52,Medium,7.0,840129.0,30.95,,21.58,18:00,1.7194,"79,3",96.1 mm,₺1.81,"380,945",  8.5  ,68%
Izmir,Aegean,Megacity,2021,12,Winter,,44.62,4394694,2097.63,16706.54,High,11.0,,43.88,,10.85,19:00,3.7997,"9,7",122.8 mm,₺1.48,"195,725",  12.0  ,67%
Malatya,Eastern Anatolia,Medium City,2019,6,Summer,20.08,83.56,781118,345.39,10404.0,Low,3.0,269508.0,40.14,9.53,31.39,19:00,0.3939,"54,6",96.6 mm,₺1.9,"81,396",  10.1  ,35%
Konya,Central Anatolia,Large City,2018,6,Summer,31.7,79.85,2320259,934.48,11960.03,Medium,6.0,800832.0,,17.83,12.84,,1.5236,"46,3",251.7 mm,₺2.41,"383,745",  10.3  ,97%
Canakkale,Marmara,Small City,2023,7,Summer,28.1,47.75,542000,346.2,6322.1,Low,3.0,163590.0,29.68,13.01,20.68,09:00,0.2699,"14,2",,,"280,860",,68%
Tekirdag,Marmara,Medium City,2016,1,Winter,1.55,65.22,1085000,1004.8,13975.57,Medium,4.0,328400.0,20.59,10.69,34.8,10:00,0.7922,"50,3",232.2 mm,₺1.32,"530,477",  9.3  ,77%
Samsun,Black Sea,Large City,2020,8,Summer,28.26,64.03,1361505,696.63,,Low,4.0,427187.0,,6.8,71.29,19:00,0.8618,"20,4",114.5 mm,₺2.16,"753,044",  10.5  ,
Kocaeli,Marmara,Large City,2016,7,Summer,33.89,55.54,2031963,1241.68,16255.14,High,7.0,579137.0,8.5,12.37,42.75,18:00,1.2363,"53,3",51.6 mm,₺1.21,"197,478",  11.2  ,91%
Manisa,Aegean,Medium City,2022,10,Autumn,21.03,65.1,1452881,318.44,13265.48,Medium,,519813.0,9.54,18.76,63.45,09:00,0.5952,"60,6",195.2 mm,₺0.9,"349,452",  10.0  ,67%
Tekirdag,Marmara,Medium City,2016,10,Autumn,18.47,62.19,1085000,292.24,13450.82,Medium,4.0,411592.0,36.16,13.43,39.62,19:00,0.4144,"75,5",109.9 mm,₺2.1,"559,988",  6.6  ,79%
Mugla,Aegean,Medium City,2019,6,Summer,34.78,65.6,1012321,375.13,8623.85,Low,4.0,324577.0,44.0,15.4,35.33,18:00,0.5996,"50,7",63.7 mm,₺0.98,"402,779",  9.1  ,59%
Ankara,Central Anatolia,Megacity,2015,11,Autumn,9.49,55.18,5639076,5929.46,,High,15.0,1581157.0,37.33,8.95,42.2,10:00,3.4844,"71,0",128.8 mm,₺1.58,"100,574",  4.7  ,72%
Manisa,Aegean,Medium City,2019,10,Autumn,18.57,49.29,1452881,633.66,13500.95,Medium,3.0,541750.0,19.49,8.26,29.96,20:00,0.6542,"16,0",14.5 mm,₺1.76,"416,661",  2.4  ,41%
Samsun,Black Sea,Large City,2019,6,Summer,25.92,81.46,1361505,318.13,7743.32,Low,3.0,441089.0,35.28,16.92,58.63,20:00,0.8357,"70,0",170.4 mm,₺2.18,"714,482",  12.0  ,44%
Trabzon,Black Sea,Medium City,2020,11,Autumn,14.23,,811874,195.84,10054.97,Low,4.0,238782.0,26.7,12.91,10.05,21:00,0.336,"17,1",22.8 mm,₺0.51,"839,475",  6.0  ,
Mugla,Aegean,Medium City,2023,9,Autumn,20.85,50.97,1012321,218.82,6279.18,Low,2.0,311900.0,12.17,8.35,,08:00,0.5206,"25,5",,₺0.76,"254,366",  5.1  ,82%
Kayseri,Central Anatolia,Large City,2023,12,Winter,0.11,71.61,1441523,653.8,13726.08,Medium,4.0,532937.0,,16.16,70.2,21:00,1.1698,"65,6",173.5 mm,₺1.29,"872,549",  4.1  ,76%
Kayseri,Central Anatolia,Large City,2018,6,Summer,23.92,81.98,1441523,795.69,,Medium,5.0,491458.0,42.13,16.95,17.53,,0.9369,"51,2",,₺1.36,,  11.0  ,48%
Balıkesir,Marmara,Medium City,2021,7,Summer,31.23,63.52,1264958,842.23,10780.62,Low,5.0,372493.0,10.42,9.37,62.73,21:00,0.6537,"45,4",239.3 mm,,"806,015",  5.8  ,99%
Van,Eastern Anatolia,Medium City,2021,6,Summer,24.06,63.4,1126384,259.16,10823.81,Low,3.0,351043.0,32.82,19.17,31.7,18:00,0.671,"65,2",272.7 mm,,"659,569",  6.6  ,68%
Mersin,Mediterranean,Large City,2020,7,Summer,36.6,41.89,1936586,410.69,12074.08,Medium,6.0,659449.0,17.41,9.58,62.36,18:00,1.149,,212.3 mm,₺0.65,,  11.6  ,68%
Afyonkarahisar,Aegean,Small City,2020,12,Winter,4.34,55.83,734000,1031.24,7400.8,Low,3.0,261734.0,43.46,14.54,15.15,18:00,0.4381,"25,5",159.9 mm,₺2.0,"722,644",,50%
Bursa,Marmara,Large City,2021,1,Winter,-0.3,51.0,3056120,701.49,19247.74,High,8.0,1072361.0,8.94,8.48,63.54,19:00,2.5903,"74,5",150.9 mm,,"84,769",  2.3  ,81%
Sakarya,Marmara,Medium City,2019,5,Spring,18.66,71.16,1003000,430.68,13227.31,Medium,4.0,,27.63,5.23,33.5,21:00,0.4028,"25,5",66.3 mm,₺1.73,"353,741",  6.2  ,35%
Konya,Central Anatolia,Large City,2018,4,Spring,16.88,64.63,2320259,3743.42,14673.22,Medium,6.0,661159.0,38.48,17.88,35.91,21:00,1.0326,"23,0",25.2 mm,₺1.34,"319,543",  11.2  ,63%
Sakarya,Marmara,Medium City,2020,7,Summer,30.9,71.11,1003000,780.78,12683.62,Medium,4.0,316870.0,44.36,11.82,29.03,09:00,0.6918,"33,3",229.1 mm,₺1.43,"171,095",  6.1  ,98%
Izmir,Aegean,Megacity,2023,9,Autumn,20.79,41.33,4394694,3474.78,17947.87,High,,1661935.0,37.94,,71.39,18:00,2.9244,"60,9",299.6 mm,₺0.53,"797,486",  2.6  ,33%
Trabzon,Black Sea,Medium City,2021,4,Spring,15.41,57.43,811874,286.28,9492.46,Low,2.0,276950.0,22.69,,,10:00,0.2909,"35,9",164.2 mm,,"601,187",,46%
Balıkesir,Marmara,Medium City,2019,4,Spring,19.62,77.81,1264958,957.53,5801.56,Low,5.0,367429.0,39.08,17.61,71.74,18:00,0.4375,"60,1",256.3 mm,₺1.26,"230,019",  10.0  ,54%
Eskisehir,Central Anatolia,Medium City,2022,3,Spring,13.37,46.46,882456,239.71,14163.68,Medium,,321637.0,12.28,12.69,15.17,08:00,0.4644,,145.4 mm,,"502,362",  3.0  ,52%
Van,Eastern Anatolia,Medium City,2021,9,Autumn,9.1,43.6,1126384,399.64,,Low,4.0,417090.0,27.84,5.48,12.55,,0.4902,"71,6",261.9 mm,₺1.21,"264,586",  6.1  ,46%
Ankara,Central Anatolia,Megacity,2021,12,Winter,1.04,55.3,5639076,1876.12,18174.99,High,17.0,1818887.0,26.25,17.43,14.02,08:00,6.1805,,279.7 mm,₺1.92,"200,097",  9.0  ,38%
Ankara,Central Anatolia,Megacity,2019,8,Summer,26.23,80.46,5639076,2106.14,18999.4,High,16.0,1808148.0,21.01,19.21,60.17,20:00,4.7789,"79,6",71.1 mm,₺1.89,"723,522",  4.6  ,32%
Van,Eastern Anatolia,Medium City,2018,8,Summer,24.26,72.95,1126384,1184.24,8126.72,Low,4.0,372059.0,22.35,12.24,72.08,21:00,0.5701,"69,6",225.9 mm,₺1.73,"182,056",  3.9  ,70%
Sakarya,Marmara,Medium City,2019,11,Autumn,16.05,63.97,1003000,799.6,16874.7,Medium,3.0,305049.0,31.8,7.54,59.14,20:00,0.5268,"69,0",92.5 mm,₺1.98,"753,756",  8.7  ,41%
Mersin,Mediterranean,Large City,2022,3,Spring,25.59,42.37,1936586,604.27,13882.24,Medium,4.0,554614.0,8.64,12.72,33.17,20:00,0.8998,"36,6",210.6 mm,₺1.44,"813,050",  2.0  ,78%
Manisa,Aegean,Medium City,2018,9,Autumn,19.66,44.73,1452881,317.82,13265.95,Medium,3.0,480533.0,24.59,8.3,12.57,21:00,0.7022,"25,8",172.1 mm,₺1.6,"731,800",  11.9  ,95%
Eskisehir,Central Anatolia,Medium City,2018,12,Winter,-0.56,65.49,882456,255.94,13384.49,Medium,4.0,249878.0,25.14,9.98,38.15,21:00,0.6044,"70,2",97.0 mm,₺0.93,,  11.5  ,53%
Sivas,Central Anatolia,Medium City,2023,12,Winter,-0.7,50.57,634149,132.48,8170.14,Low,2.0,188555.0,15.96,16.94,68.82,10:00,0.354,"78,6",288.4 mm,₺2.29,,,61%
Adana,Mediterranean,Large City,2018,7,Summer,36.36,75.62,2237940,1042.03,19403.82,High,7.0,774520.0,12.52,6.68,53.96,21:00,1.9612,"26,1",43.5 mm,₺1.17,"597,838",  8.9  ,40%
Trabzon,Black Sea,Medium City,2023,10,Autumn,11.81,78.71,811874,1393.41,9387.0,Low,3.0,235670.0,34.97,7.19,47.11,10:00,0.3713,"74,8",70.1 mm,₺0.91,"786,945",  2.2  ,98%
Gaziantep,Southeastern Anatolia,Large City,2016,10,Autumn,19.07,43.32,2101263,960.23,17813.55,High,8.0,664450.0,5.02,14.12,58.9,09:00,1.214,"52,8",206.9 mm,,"390,063",  7.4  ,48%
Kahramanmaras,Mediterranean,Medium City,2021,5,Spring,24.71,41.68,1178234,1192.34,9249.51,Low,2.0,381643.0,27.18,14.48,54.21,21:00,0.1566,"45,0",57.7 mm,₺1.74,"519,842",  5.5  ,31%
Afyonkarahisar,Aegean,Small City,2020,6,Summer,36.61,50.75,734000,225.95,9309.07,Low,2.0,240901.0,43.86,9.97,22.75,18:00,0.3748,"41,3",102.3 mm,₺2.42,"427,574",  9.2  ,83%
Balıkesir,Marmara,Medium City,2019,3,Spring,19.73,52.97,1264958,430.38,,Low,5.0,465739.0,40.9,14.84,,08:00,0.5068,"79,1",195.0 mm,₺1.51,"22,503",  8.1  ,57%
Kayseri,Central Anatolia,Large City,2021,6,Summer,24.69,58.93,1441523,481.44,11039.23,Medium,3.0,509435.0,29.56,10.05,46.22,09:00,0.9922,"28,1",153.7 mm,₺2.0,"274,393",  10.8  ,82%
Gaziantep,Southeastern Anatolia,Large City,2016,1,Winter,9.89,64.44,2101263,1100.58,17273.91,High,8.0,646795.0,22.43,16.92,19.25,09:00,1.7387,"10,7",284.0 mm,₺0.78,"566,205",  2.3  ,93%
Istanbul,Marmara,Megacity,2021,8,Summer,,70.94,15840900,5761.62,18657.76,High,41.0,5918280.0,41.65,,22.55,08:00,13.9854,"50,4",238.1 mm,₺1.23,"351,763",  10.6  ,78%
Mugla,Aegean,Medium City,2019,6,Summer,30.3,67.7,1012321,667.78,11667.42,Low,2.0,348276.0,27.56,11.86,57.04,19:00,0.5808,"53,6",192.8 mm,₺1.82,"441,236",  11.2  ,61%
Erzurum,Eastern Anatolia,Medium City,2020,2,Winter,-5.92,44.39,762321,597.95,7091.41,Low,,214796.0,13.73,5.82,16.68,08:00,0.43,"45,3",74.2 mm,₺1.47,"571,704",  8.9  ,64%
Balıkesir,Marmara,Medium City,2021,3,Spring,16.66,49.77,1264958,558.33,10043.08,Low,5.0,355437.0,11.31,6.06,29.89,21:00,0.4385,"60,8",110.8 mm,₺1.57,"302,377",  3.0  ,39%
Diyarbakir,Southeastern Anatolia,Large City,2019,2,Winter,5.71,44.02,1801268,1568.06,6924.8,Low,5.0,663994.0,8.99,16.15,52.3,08:00,1.0403,"8,4",60.7 mm,,"347,154",  9.2  ,96%
Tekirdag,Marmara,Medium City,2019,7,Summer,30.02,74.3,1085000,273.6,14073.07,Medium,4.0,317422.0,25.85,19.64,11.1,21:00,0.7435,"75,0",203.5 mm,₺1.12,,  8.6  ,95%
Diyarbakir,Southeastern Anatolia,Large City,2020,5,Spring,21.97,79.83,1801268,1116.06,9472.39,Low,6.0,595711.0,27.09,19.29,39.21,20:00,0.7196,"46,8",96.4 mm,₺1.56,"167,408",,63%
Erzurum,Eastern Anatolia,Medium City,2015,7,Summer,18.34,81.15,762321,476.36,10155.72,Low,3.0,282130.0,23.2,5.0,18.08,21:00,0.3714,"8,7",110.3 mm,₺2.2,"45,617",  4.6  ,71%
Hatay,Mediterranean,Large City,2022,10,Autumn,21.49,67.54,1609856,457.52,10596.35,Low,6.0,538059.0,18.31,18.91,44.82,21:00,0.7677,"79,5",149.1 mm,,"198,552",  2.1  ,65%
Adana,Mediterranean,Large City,2018,10,Autumn,22.56,78.06,2237940,698.24,19223.16,High,8.0,756755.0,5.58,,69.27,09:00,1.4849,"7,4",160.7 mm,₺1.03,"194,684",  6.5  ,55%
Trabzon,Black Sea,Medium City,2020,11,Autumn,12.85,48.22,811874,180.36,7548.19,Low,2.0,233089.0,,,45.24,19:00,0.3445,"64,3",192.2 mm,₺1.62,"531,588",  4.8  ,55%
Sakarya,Marmara,Medium City,2018,5,Spring,16.44,69.77,1003000,565.8,14103.26,Medium,3.0,360478.0,7.79,8.03,68.24,,0.4643,"39,1",258.7 mm,₺2.27,"694,113",  2.3  ,55%
Izmir,Aegean,Megacity,2022,1,Winter,6.71,71.06,4394694,1405.49,17119.31,High,11.0,1574467.0,17.96,12.79,64.5,21:00,4.261,"29,8",207.7 mm,₺2.2,"564,717",  6.1  ,37%
Antalya,Mediterranean,Large City,2015,5,Spring,23.86,43.55,2619832,750.15,10671.25,Low,7.0,,40.29,19.58,35.66,21:00,0.8613,"47,8",232.9 mm,₺1.63,"788,455",  7.5  ,94%
Van,Eastern Anatolia,Medium City,2018,3,Spring,12.14,66.16,1126384,248.98,9789.7,Low,4.0,420922.0,,12.41,10.07,19:00,0.419,"36,6",214.8 mm,₺1.07,"506,096",  6.8  ,38%
Kocaeli,Marmara,Large City,2016,6,Summer,33.12,82.63,2031963,960.47,20041.95,High,,571422.0,11.23,6.92,50.97,09:00,1.5157,"16,8",13.5 mm,₺2.4,"705,721",  6.8  ,82%
Diyarbakir,Southeastern Anatolia,Large City,2017,12,Winter,7.45,41.26,1801268,371.0,7501.22,Low,4.0,606846.0,29.19,12.19,49.12,08:00,0.956,"36,8",126.2 mm,,"591,280",  6.0  ,80%
Sakarya,Marmara,Medium City,2023,2,Winter,3.83,81.91,1003000,226.36,11697.3,Medium,2.0,341415.0,25.88,12.68,31.28,18:00,0.8628,"57,3",260.5 mm,₺2.09,"558,590",  11.2  ,44%
Kayseri,Central Anatolia,Large City,2021,3,Spring,16.51,41.71,1441523,543.37,10739.8,Medium,5.0,449581.0,10.13,18.95,22.66,08:00,0.6949,"75,2",292.1 mm,₺1.11,"598,332",  8.5  ,90%
Mardin,Southeastern Anatolia,Small City,2020,1,Winter,8.91,,833645,251.78,10211.19,Low,3.0,295965.0,9.32,8.49,27.84,08:00,0.4915,"56,6",,₺2.3,"105,928",,96%
Adana,Mediterranean,Large City,2019,4,Spring,25.36,43.5,2237940,837.29,19954.92,High,8.0,657731.0,24.06,16.07,38.6,18:00,1.2715,"66,3",119.0 mm,₺0.79,"423,869",  7.8  ,74%
Trabzon,Black Sea,Medium City,2018,8,Summer,30.96,52.62,811874,646.36,10811.54,Low,4.0,284719.0,10.3,10.85,73.18,18:00,0.4012,"63,4",141.1 mm,₺1.59,"422,457",  3.7  ,49%
Istanbul,Marmara,Megacity,2020,2,Winter,-3.34,84.04,15840900,5868.07,15641.04,High,40.0,5278577.0,17.1,9.03,49.45,09:00,13.4801,"5,3",210.4 mm,₺2.35,"363,999",  10.1  ,
Hatay,Mediterranean,Large City,2015,11,Autumn,23.38,68.55,1609856,464.5,11045.45,Low,5.0,563891.0,23.74,12.02,74.65,10:00,0.5411,"78,3",76.0 mm,₺2.5,"798,749",  7.9  ,63%
Kahramanmaras,Mediterranean,Medium City,2018,12,Winter,7.0,68.62,1178234,569.11,7557.5,Low,4.0,400259.0,34.67,16.96,52.38,21:00,0.6308,"66,3",87.5 mm,₺1.87,"883,609",  5.3  ,61%
Kocaeli,Marmara,Large City,2018,10,Autumn,,79.08,2031963,650.3,17109.15,High,6.0,648784.0,6.58,13.61,11.86,09:00,1.2173,"29,1",128.0 mm,₺1.62,"81,075",  11.0  ,44%
Canakkale,Marmara,Small City,2017,12,Winter,-1.31,61.66,542000,242.34,8664.86,Low,3.0,156932.0,41.0,7.27,52.44,19:00,0.3106,"65,1",67.7 mm,₺1.92,"519,259",  9.5  ,45%
Manisa,Aegean,Medium City,2015,2,Winter,1.99,73.4,1452881,361.36,13461.12,Medium,3.0,507209.0,44.36,,46.48,19:00,0.8801,"27,1",175.4 mm,₺2.44,"468,760",  9.7  ,96%
Antalya,Mediterranean,Large City,2016,11,Autumn,23.12,70.36,2619832,1012.49,9213.93,Low,8.0,,20.75,12.88,35.76,20:00,1.0542,,83.6 mm,₺1.7,"264,590",  5.6  ,98%
Denizli,Aegean,Medium City,2023,3,Spring,21.7,45.68,1062840,346.05,11654.11,Medium,2.0,370031.0,40.5,,32.04,18:00,0.6172,"15,1",120.6 mm,₺1.93,"653,554",  10.8  ,88%
Tekirdag,Marmara,Medium City,2023,4,Spring,18.53,,1085000,370.27,11074.22,Medium,3.0,373103.0,12.24,19.39,65.06,08:00,0.5587,,61.7 mm,₺2.43,"163,998",  3.1  ,87%
Istanbul,Marmara,Megacity,2022,4,Spring,19.01,48.24,15840900,6573.21,21293.96,High,40.0,5051730.0,8.45,16.94,15.17,08:00,10.344,"21,3",224.6 mm,₺1.09,"732,482",  7.4  ,59%
Izmir,Aegean,Megacity,2016,9,Autumn,19.08,65.46,4394694,1655.66,21286.19,High,13.0,1435332.0,38.28,16.3,59.24,09:00,2.6704,"11,0",123.0 mm,₺1.75,"656,650",  9.1  ,79%
Erzurum,Eastern Anatolia,Medium City,2019,10,Autumn,7.27,61.67,762321,1036.38,11113.38,Low,1.0,262495.0,12.98,,27.06,21:00,0.3301,"40,0",224.8 mm,₺2.22,"855,047",  4.2  ,67%
Eskisehir,Central Anatolia,Medium City,2019,6,Summer,27.45,61.65,882456,329.23,14277.03,Medium,3.0,265561.0,34.93,7.77,34.08,08:00,0.5435,"54,7",293.0 mm,₺1.03,"665,286",  7.2  ,76%
Ankara,Central Anatolia,Megacity,2021,12,Winter,-2.72,84.57,5639076,2529.32,21516.1,High,17.0,1765582.0,,16.43,42.7,20:00,4.967,"45,1",289.2 mm,₺0.8,"265,208",  9.9  ,43%
Kahramanmaras,Mediterranean,Medium City,2017,4,Spring,27.73,53.21,1178234,879.99,6418.67,Low,4.0,428501.0,11.67,15.5,,10:00,0.4834,"44,3",218.8 mm,₺1.98,,  7.9  ,48%
Mugla,Aegean,Medium City,2023,7,Summer,32.71,75.6,1012321,666.66,5456.65,Low,3.0,313872.0,5.62,17.25,19.73,19:00,0.4704,"31,9",173.6 mm,₺2.38,"241,288",  9.8  ,52%
Tekirdag,Marmara,Medium City,2017,1,Winter,1.31,43.13,1085000,377.13,15402.85,Medium,4.0,374655.0,18.14,15.68,47.16,19:00,0.7994,"44,1",219.1 mm,₺1.43,"283,089",  4.7  ,82%
Konya,Central Anatolia,Large City,2021,1,Winter,-1.47,80.68,2320259,702.9,13780.58,Medium,7.0,751573.0,33.49,15.98,15.18,20:00,1.6651,"33,6",289.7 mm,₺0.52,"453,509",  10.7  ,77%
Ankara,Central Anatolia,Megacity,2022,3,Spring,13.42,62.53,5639076,1372.34,18183.71,High,16.0,1922820.0,44.15,8.65,65.07,20:00,3.5457,"39,1",145.6 mm,₺1.89,"704,975",  11.0  ,67%
Mugla,Aegean,Medium City,2017,8,Summer,38.1,46.65,1012321,1828.98,7824.63,Low,3.0,333509.0,26.96,9.03,55.3,,0.5536,,,₺2.31,"450,908",  7.1  ,38%
Tekirdag,Marmara,Medium City,2017,3,Spring,18.18,,1085000,337.05,14543.5,Medium,4.0,336353.0,,7.08,28.31,19:00,0.5095,"31,9",122.0 mm,₺0.7,"576,216",  3.4  ,90%
Denizli,Aegean,Medium City,2022,3,Spring,22.35,77.69,1062840,264.66,16265.58,Medium,4.0,396597.0,7.87,8.4,,,0.4763,"76,3",,₺2.19,"827,154",  4.7  ,69%
Mardin,Southeastern Anatolia,Small City,2016,1,Winter,6.51,83.36,833645,244.3,9770.46,Low,3.0,290161.0,38.63,12.67,36.89,10:00,1.1722,"67,9",11.7 mm,₺1.46,"64,429",  10.2  ,70%
Antalya,Mediterranean,Large City,2023,10,Autumn,19.5,58.48,2619832,1419.76,7136.73,Low,8.0,938774.0,16.7,16.97,32.9,20:00,1.2548,"19,2",122.6 mm,₺2.35,"410,239",  9.8  ,76%
Balıkesir,Marmara,Medium City,2016,12,Winter,1.4,66.21,1264958,2185.7,8521.25,Low,3.0,428542.0,12.37,5.86,64.62,08:00,0.7021,"45,4",180.5 mm,₺1.94,"454,707",  10.2  ,89%
Adana,Mediterranean,Large City,2021,1,Winter,6.86,83.81,2237940,551.75,19449.26,High,8.0,840151.0,19.6,12.98,68.65,18:00,2.2563,"75,6",47.9 mm,₺1.57,"486,344",  3.1  ,
Istanbul,Marmara,Megacity,2019,7,Summer,31.65,66.07,15840900,8858.79,19241.94,High,,5430488.0,28.89,19.81,70.38,,12.9363,"48,8",20.7 mm,₺0.63,"893,855",  4.6  ,77%
Samsun,Black Sea,Large City,2023,10,Autumn,13.8,57.19,1361505,284.3,9206.16,Low,4.0,513042.0,39.11,12.98,61.94,18:00,0.6287,"24,7",119.9 mm,₺1.1,"481,863",  3.3  ,99%
Denizli,Aegean,Medium City,2017,9,Autumn,23.93,75.14,1062840,265.85,11619.63,Medium,2.0,352444.0,24.95,9.37,53.5,10:00,0.4719,,,₺1.58,"850,702",  6.5  ,72%
Konya,Central Anatolia,Large City,2016,7,Summer,,72.5,2320259,637.68,13603.54,Medium,6.0,,24.76,5.83,18.36,20:00,1.3679,"53,1",202.5 mm,₺1.22,"642,116",  8.7  ,36%
Eskisehir,Central Anatolia,Medium City,2020,9,Autumn,10.27,67.61,882456,211.88,13319.24,Medium,3.0,320770.0,34.16,19.29,68.69,21:00,0.4423,"25,4",98.1 mm,₺2.13,"150,029",  4.4  ,49%
Bursa,Marmara,Large City,2023,9,Autumn,16.84,41.1,3056120,1545.0,17170.98,High,10.0,924728.0,13.46,14.74,41.57,18:00,1.6441,"67,3",218.5 mm,₺2.46,"181,593",  3.2  ,
Antalya,Mediterranean,Large City,2020,3,Spring,,56.72,2619832,2479.66,11019.32,Low,7.0,792799.0,32.18,7.3,28.57,21:00,1.029,"65,7",240.6 mm,₺2.45,"732,108",  6.7  ,45%
Denizli,Aegean,Medium City,2019,4,Spring,22.53,47.11,1062840,232.09,12921.03,Medium,2.0,346696.0,21.43,13.19,68.55,09:00,0.4784,"53,6",227.6 mm,₺2.11,"696,862",  11.0  ,99%
Diyarbakir,Southeastern Anatolia,Large City,2015,9,Autumn,18.08,57.62,1801268,559.09,6569.16,Low,5.0,659962.0,37.04,11.42,10.01,09:00,0.8064,"63,7",67.3 mm,₺2.33,"818,853",  4.1  ,60%
Malatya,Eastern Anatolia,Medium City,2022,11,Autumn,5.08,51.22,781118,260.32,9011.45,Low,2.0,255214.0,32.74,15.07,34.49,10:00,0.3351,"17,2",254.5 mm,₺1.86,"324,649",  2.5  ,62%
Kayseri,Central Anatolia,Large City,2016,6,Summer,25.11,56.28,1441523,451.46,13667.44,Medium,5.0,474494.0,14.81,11.84,41.02,21:00,0.8415,"22,7",17.9 mm,₺0.88,,  4.9  ,49%
Gaziantep,Southeastern Anatolia,Large City,2022,10,Autumn,23.79,42.69,2101263,977.65,17491.66,High,7.0,795575.0,19.0,8.47,19.92,10:00,1.4231,"29,7",264.5 mm,₺1.19,"807,589",  7.2  ,82%
Erzurum,Eastern Anatolia,Medium City,2022,2,Winter,-8.47,51.92,762321,158.61,7261.67,Low,2.0,232280.0,7.22,14.39,25.84,20:00,0.4681,"12,2",62.5 mm,₺1.24,,  6.5  ,45%
Trabzon,Black Sea,Medium City,2023,7,Summer,29.95,54.48,811874,177.92,9461.11,Low,2.0,305310.0,43.16,11.99,70.98,18:00,0.492,,112.0 mm,₺2.24,"717,958",  5.1  ,70%
Erzurum,Eastern Anatolia,Medium City,2021,6,Summer,21.83,73.47,762321,610.4,8691.79,Low,2.0,277470.0,15.43,10.93,51.17,20:00,0.4634,"66,4",14.1 mm,₺0.93,"92,797",  2.9  ,94%
Mardin,Southeastern Anatolia,Small City,2020,12,Winter,7.94,80.23,833645,242.49,5623.48,Low,2.0,307700.0,18.46,5.0,60.55,20:00,0.4385,"51,6",23.2 mm,₺1.47,"466,029",  9.4  ,76%
Bursa,Marmara,Large City,2019,7,Summer,26.24,47.29,3056120,661.83,14027.69,High,8.0,1153861.0,9.42,8.18,57.22,21:00,2.6872,"5,1",197.6 mm,₺1.89,"283,855",,31%
Istanbul,Marmara,Megacity,2018,2,Winter,0.05,52.13,15840900,5751.49,18787.77,High,42.0,4834868.0,32.13,9.29,34.78,21:00,11.0655,"29,9",174.9 mm,₺0.56,"242,967",,45%
Mardin,Southeastern Anatolia,Small City,2023,5,Spring,21.2,45.46,833645,503.61,8500.44,Low,3.0,285826.0,22.42,13.39,70.76,20:00,0.304,"53,1",125.6 mm,₺1.56,"384,560",  3.6  ,36%
Afyonkarahisar,Aegean,Small City,2022,2,Winter,5.78,59.34,734000,390.66,9216.52,Low,2.0,220100.0,12.23,9.03,26.05,19:00,0.4817,"56,0",163.3 mm,₺2.28,"419,037",,66%
Kayseri,Central Anatolia,Large City,2021,7,Summer,27.53,84.4,1441523,409.53,12401.34,Medium,,484608.0,34.97,14.9,37.09,09:00,1.0305,"58,2",179.8 mm,₺1.01,,  2.1  ,34%
Mugla,Aegean,Medium City,2015,5,Spring,25.12,55.91,1012321,865.54,8457.36,Low,4.0,372239.0,36.77,9.14,71.36,08:00,0.3726,"73,9",60.2 mm,₺1.06,"35,619",  3.0  ,73%
Kahramanmaras,Mediterranean,Medium City,2016,9,Autumn,20.97,67.55,1178234,618.11,8995.09,Low,3.0,342613.0,29.72,5.95,,10:00,0.4498,"14,0",16.5 mm,₺2.06,"305,366",  5.4  ,40%
Istanbul,Marmara,Megacity,2019,4,Spring,16.22,42.46,15840900,9461.95,18240.66,High,41.0,5670772.0,41.82,10.39,,19:00,8.8453,"33,7",89.3 mm,₺0.91,"530,893",,70%
Afyonkarahisar,Aegean,Small City,2020,3,Spring,23.95,51.37,734000,871.12,10326.15,Low,2.0,221681.0,24.84,6.22,,09:00,0.2686,"20,3",,,"139,467",  4.4  ,37%
Denizli,Aegean,Medium City,2018,11,Autumn,19.83,41.87,1062840,259.03,12751.69,Medium,2.0,397422.0,18.61,7.66,30.55,09:00,0.5513,"67,0",158.7 mm,₺1.72,"77,181",  6.8  ,76%
Afyonkarahisar,Aegean,Small City,2021,2,Winter,5.88,45.15,734000,154.74,8650.35,Low,3.0,265987.0,15.09,13.01,16.7,08:00,0.4634,"7,8",227.1 mm,,"748,915",  3.6  ,94%
Mersin,Mediterranean,Large City,2021,12,Winter,3.8,45.15,1936586,513.99,13606.13,Medium,6.0,,30.51,12.16,28.8,18:00,1.307,"17,8",238.5 mm,₺1.51,"293,603",  3.6  ,57%
Mersin,Mediterranean,Large City,2020,9,Autumn,22.34,77.01,1936586,1003.99,10046.28,Medium,4.0,716200.0,29.25,,63.91,18:00,0.9544,"41,5",90.9 mm,₺0.74,"113,158",  11.7  ,
Mugla,Aegean,Medium City,2018,12,Winter,5.75,75.85,1012321,304.37,10214.79,Low,4.0,369566.0,17.51,19.03,73.82,20:00,0.5487,"8,0",274.6 mm,₺1.83,"76,493",  8.3  ,55%
Sakarya,Marmara,Medium City,2022,9,Autumn,14.79,77.07,1003000,254.39,10748.98,Medium,4.0,328316.0,14.77,11.46,58.37,18:00,0.4622,"42,7",216.2 mm,₺1.19,"799,800",  9.5  ,94%
Izmir,Aegean,Megacity,2019,1,Winter,5.53,62.22,4394694,2673.1,17125.86,High,11.0,1527528.0,42.21,17.66,19.04,18:00,3.7927,"78,9",39.5 mm,₺1.07,"558,509",  10.5  ,89%
Mersin,Mediterranean,Large City,2021,6,Summer,36.49,68.04,1936586,3132.09,11340.03,Medium,4.0,561796.0,,,66.2,20:00,1.2739,"74,5",290.2 mm,₺0.56,"624,850",  11.0  ,94%
Izmir,Aegean,Megacity,2018,11,Autumn,20.54,53.16,4394694,2935.21,16419.46,High,11.0,1239305.0,6.07,15.79,73.27,09:00,2.4949,"19,3",166.3 mm,₺1.04,"802,273",  11.1  ,75%
Van,Eastern Anatolia,Medium City,2018,11,Autumn,6.09,80.74,1126384,258.29,7613.88,Low,2.0,402946.0,8.83,6.38,39.36,10:00,0.5305,"37,5",259.4 mm,₺1.19,"683,404",  2.2  ,73%
Mugla,Aegean,Medium City,2015,5,Spring,23.79,68.17,1012321,429.18,8264.91,Low,3.0,360486.0,19.57,17.74,24.36,10:00,0.3615,"36,5",118.3 mm,₺1.95,"699,831",  6.7  ,95%
Kayseri,Central Anatolia,Large City,2023,11,Autumn,10.64,60.49,1441523,621.1,14550.74,Medium,3.0,546489.0,17.14,10.18,,21:00,0.8175,"15,9",262.8 mm,₺0.84,"22,500",,51%
Trabzon,Black Sea,Medium City,2016,3,Spring,19.97,82.61,811874,367.77,7725.42,Low,2.0,228610.0,11.96,16.41,46.26,10:00,0.2866,"69,8",46.4 mm,₺2.46,"693,805",  2.4  ,70%
Mardin,Southeastern Anatolia,Small City,2023,10,Autumn,19.68,75.13,833645,429.61,7795.04,Low,4.0,309963.0,9.0,10.77,45.45,21:00,0.3891,"56,5",223.7 mm,₺1.11,"746,923",  4.9  ,45%
Mersin,Mediterranean,Large City,2018,4,Spring,24.48,80.54,1936586,545.45,12335.25,Medium,5.0,715449.0,12.35,10.68,10.64,18:00,0.9394,"75,7",47.5 mm,₺2.02,"718,429",  2.7  ,38%
Antalya,Mediterranean,Large City,2018,11,Autumn,25.29,62.95,2619832,604.55,8221.89,Low,6.0,736001.0,17.47,14.57,12.14,08:00,0.9598,"66,2",129.7 mm,₺1.81,"870,364",  7.8  ,82%
Mardin,Southeastern Anatolia,Small City,2016,4,Spring,25.44,45.43,833645,171.33,11608.2,Low,4.0,285826.0,30.21,11.63,19.54,20:00,0.2837,"39,9",47.4 mm,₺1.5,"767,852",  3.6  ,68%
Konya,Central Anatolia,Large City,2022,9,Autumn,9.19,68.11,2320259,686.37,13793.59,Medium,6.0,668475.0,16.42,18.17,62.03,09:00,1.2427,"28,5",101.1 mm,₺1.91,"857,521",  8.5  ,83%
Balıkesir,Marmara,Medium City,2019,11,Autumn,14.55,72.38,1264958,781.32,9973.72,Low,5.0,455860.0,19.25,10.87,67.61,19:00,0.5128,"44,1",151.0 mm,₺1.0,"342,375",  8.8  ,51%
Mardin,Southeastern Anatolia,Small City,2021,5,Spring,23.25,77.86,833645,192.25,10581.19,Low,4.0,253485.0,43.36,9.69,67.72,21:00,0.3094,"55,1",176.5 mm,₺1.03,"126,967",  11.2  ,93%
Kayseri,Central Anatolia,Large City,2017,7,Summer,28.75,84.37,1441523,345.3,15831.91,Medium,,411403.0,21.37,9.42,43.85,10:00,0.8685,"33,9",213.8 mm,₺1.73,"453,839",  10.0  ,91%
Trabzon,Black Sea,Medium City,2015,6,Summer,31.95,57.51,811874,202.42,10057.15,Low,,244690.0,30.83,19.79,48.86,,0.3775,"25,1",82.5 mm,₺1.57,"404,689",  6.1  ,30%
Malatya,Eastern Anatolia,Medium City,2015,4,Spring,11.0,55.29,781118,168.86,9334.48,Low,2.0,264823.0,23.52,7.36,58.3,09:00,0.282,"71,3",290.2 mm,₺1.74,"660,888",  2.3  ,48%
Adana,Mediterranean,Large City,2015,1,Winter,10.21,72.4,2237940,3405.72,16293.21,High,6.0,769106.0,40.9,8.26,67.25,10:00,1.7281,"51,4",73.4 mm,₺1.3,"661,154",  9.8  ,82%
Samsun,Black Sea,Large City,2018,2,Winter,0.87,81.88,1361505,474.99,9659.27,Low,3.0,423563.0,9.72,5.92,18.88,18:00,0.7915,"52,0",,₺2.25,"329,127",  4.5  ,57%
Bursa,Marmara,Large City,2016,9,Autumn,14.02,78.61,3056120,891.09,21265.94,High,10.0,1151054.0,24.92,,33.55,10:00,1.6335,"48,5",103.0 mm,₺1.64,"7,763",  11.6  ,85%
Diyarbakir,Southeastern Anatolia,Large City,2020,5,Spring,29.83,46.49,1801268,431.24,8563.78,Low,5.0,616399.0,7.58,13.61,42.87,19:00,0.6915,"69,4",240.4 mm,₺1.97,"318,145",  7.2  ,56%
Diyarbakir,Southeastern Anatolia,Large City,2021,9,Autumn,16.16,67.94,1801268,2944.97,11130.28,Low,4.0,644248.0,41.07,18.73,24.84,10:00,0.8029,"57,6",227.0 mm,₺1.28,"162,060",  10.4  ,49%
Balıkesir,Marmara,Medium City,2020,1,Winter,-2.7,55.91,1264958,2145.61,9673.35,Low,5.0,450015.0,34.26,16.08,58.4,18:00,0.7754,"47,1",249.7 mm,₺0.74,"195,610",  2.6  ,33%
Erzurum,Eastern Anatolia,Medium City,2020,7,Summer,23.27,55.27,762321,227.08,7415.51,Low,2.0,273151.0,17.82,7.46,17.96,19:00,0.3838,"46,4",126.5 mm,₺0.62,"397,163",  8.1  ,50%
Denizli,Aegean,Medium City,2019,8,Summer,34.76,71.63,1062840,1154.58,12184.92,Medium,,387134.0,33.25,5.51,40.29,08:00,0.7003,,118.2 mm,₺1.6,"802,909",  7.5  ,42%
Tekirdag,Marmara,Medium City,2015,5,Spring,14.96,64.53,1085000,576.17,,Medium,4.0,375837.0,24.92,16.94,57.44,10:00,0.4927,"79,3",24.5 mm,₺1.61,"889,076",  4.8  ,62%
Sakarya,Marmara,Medium City,2015,3,Spring,15.34,84.8,1003000,714.28,11942.48,Medium,4.0,298422.0,27.49,19.36,54.85,19:00,0.4314,"40,3",90.5 mm,₺1.8,"897,563",  5.7  ,46%
Kayseri,Central Anatolia,Large City,2020,5,Spring,14.69,42.83,1441523,641.65,14655.17,Medium,3.0,510810.0,22.48,10.95,47.75,21:00,0.6574,"45,2",171.4 mm,₺0.62,"303,238",  6.9  ,85%
Erzurum,Eastern Anatolia,Medium City,2022,1,Winter,-7.76,43.91,762321,184.2,9186.61,Low,3.0,247089.0,12.57,15.89,64.36,20:00,0.4624,"58,5",87.4 mm,,"862,669",  9.9  ,40%
Kayseri,Central Anatolia,Large City,2015,12,Winter,-3.23,80.53,1441523,342.95,12238.85,Medium,4.0,486569.0,11.71,6.38,73.58,10:00,1.0178,"79,9",220.4 mm,₺1.5,"168,699",  7.5  ,82%
Konya,Central Anatolia,Large City,2022,12,Winter,-2.05,76.12,2320259,692.18,9820.54,Medium,6.0,715508.0,23.4,5.23,38.38,,1.8833,"46,0",237.6 mm,₺1.14,"204,382",  7.2  ,44%
Erzurum,Eastern Anatolia,Medium City,2018,5,Spring,15.57,54.94,762321,788.69,10472.73,Low,1.0,250601.0,37.61,6.59,51.24,,0.352,"61,1",239.0 mm,₺2.17,"486,205",  11.0  ,66%
Van,Eastern Anatolia,Medium City,2015,4,Spring,9.63,50.91,1126384,635.22,8774.12,Low,3.0,379646.0,,10.42,67.13,18:00,0.3845,"18,2",246.2 mm,₺1.59,"530,760",  11.0  ,39%
Kocaeli,Marmara,Large City,2022,12,Winter,1.75,61.75,2031963,517.29,17956.11,High,7.0,627019.0,28.55,10.63,23.21,08:00,1.9124,"68,8",43.3 mm,₺2.25,"633,569",  11.6  ,88%
Sakarya,Marmara,Medium City,2015,8,Summer,31.74,76.01,1003000,351.93,12584.08,Medium,3.0,318483.0,33.87,6.23,14.1,18:00,0.613,"32,7",126.4 mm,₺1.07,"204,729",  5.5  ,97%
Mardin,Southeastern Anatolia,Small City,2020,9,Autumn,21.67,67.27,833645,211.79,4998.56,Low,3.0,266867.0,12.68,12.32,61.71,20:00,0.3731,"54,4",187.9 mm,₺2.37,"842,156",  11.6  ,31%
Izmir,Aegean,Megacity,2021,12,Winter,6.71,40.64,4394694,1061.18,19813.9,High,11.0,1642337.0,7.76,5.08,63.43,08:00,3.5277,"39,8",248.6 mm,₺2.23,"480,397",  8.2  ,56%
Kahramanmaras,Mediterranean,Medium City,2022,9,Autumn,22.16,59.85,1178234,609.1,10519.97,Low,4.0,393470.0,7.61,9.73,61.4,19:00,0.5458,"60,8",264.7 mm,₺1.32,"549,996",  9.6  ,64%
Samsun,Black Sea,Large City,2021,3,Spring,18.15,71.38,1361505,486.68,10596.17,Low,3.0,420093.0,13.14,6.91,,08:00,1.6338,"9,8",37.3 mm,₺1.27,"518,003",  7.7  ,80%
Trabzon,Black Sea,Medium City,2021,10,Autumn,13.61,69.25,811874,163.19,7919.11,Low,2.0,,13.25,8.77,52.72,19:00,0.3771,"20,9",243.6 mm,₺2.13,"326,255",  6.4  ,98%
Ankara,Central Anatolia,Megacity,2023,3,Spring,15.52,56.82,5639076,5605.29,17535.51,High,16.0,2134027.0,34.61,11.93,39.66,19:00,3.005,"47,2",39.7 mm,₺1.04,"659,648",  7.6  ,81%
Denizli,Aegean,Medium City,2020,6,Summer,35.02,63.39,1062840,298.87,14050.75,Medium,3.0,301189.0,33.84,18.56,39.09,18:00,0.6591,"63,9",53.4 mm,₺2.14,"229,816",  2.3  ,57%
Trabzon,Black Sea,Medium City,2023,9,Autumn,14.04,68.16,811874,170.1,9668.76,Low,2.0,293416.0,33.35,7.02,49.4,09:00,0.3086,"55,0",144.4 mm,₺2.42,"504,667",  8.0  ,45%
Kocaeli,Marmara,Large City,2016,10,Autumn,12.64,83.46,2031963,634.13,,High,8.0,703516.0,27.43,13.8,58.2,19:00,1.1332,"42,0",109.8 mm,₺1.21,"55,038",  9.1  ,
Antalya,Mediterranean,Large City,2020,12,Winter,9.57,64.68,2619832,2209.94,9779.8,Low,8.0,,38.19,14.09,23.46,09:00,1.7981,"36,0",238.6 mm,₺1.14,"84,616",,73%
Balıkesir,Marmara,Medium City,2020,7,Summer,31.29,47.52,1264958,1754.28,8535.74,Low,3.0,358413.0,39.45,17.2,15.92,18:00,0.7064,"16,0",173.2 mm,,"206,025",  8.5  ,36%
Mardin,Southeastern Anatolia,Small City,2023,2,Winter,6.42,79.54,833645,359.13,10032.33,Low,4.0,272120.0,28.87,10.31,31.33,09:00,0.5369,"68,3",298.3 mm,₺0.59,"767,744",  9.9  ,33%
Sakarya,Marmara,Medium City,2018,4,Spring,19.77,55.63,1003000,237.37,14180.45,Medium,4.0,369318.0,26.93,6.92,35.57,21:00,0.4266,"14,1",,₺2.04,"735,735",  10.2  ,33%
Malatya,Eastern Anatolia,Medium City,2023,12,Winter,-7.56,59.22,781118,416.5,8882.23,Low,3.0,248608.0,6.97,13.54,59.22,21:00,0.464,"75,8",102.0 mm,₺1.23,"411,696",  12.0  ,82%
Mersin,Mediterranean,Large City,2017,7,Summer,42.12,76.54,1936586,1333.67,13835.65,Medium,6.0,605607.0,39.2,8.79,44.91,21:00,1.1029,"28,4",169.6 mm,₺1.35,"874,627",  6.3  ,45%
Mardin,Southeastern Anatolia,Small City,2021,7,Summer,35.75,41.09,833645,403.83,10509.0,Low,3.0,307626.0,,10.94,43.82,20:00,0.501,"71,0",178.1 mm,₺0.68,"860,166",  9.6  ,38%
Mugla,Aegean,Medium City,2017,5,Spring,22.3,50.83,1012321,227.15,8931.18,Low,2.0,351422.0,5.51,19.89,30.6,10:00,0.441,"43,5",164.5 mm,₺2.44,"443,750",  6.5  ,42%
Kayseri,Central Anatolia,Large City,2019,8,Summer,28.88,77.06,1441523,436.13,12600.56,Medium,3.0,539504.0,33.03,15.9,64.09,09:00,0.851,"5,2",,₺1.1,"891,290",  9.4  ,58%
Mugla,Aegean,Medium City,2017,3,Spring,25.18,51.62,1012321,255.94,8788.61,Low,4.0,368622.0,,15.3,36.97,19:00,0.366,"51,8",298.4 mm,₺1.97,"201,135",  3.4  ,72%
Sakarya,Marmara,Medium City,2022,4,Spring,17.36,41.05,1003000,255.79,15093.56,Medium,2.0,344866.0,12.38,11.97,67.17,08:00,0.502,"5,3",267.5 mm,₺1.7,"5,050",  6.1  ,43%
Ankara,Central Anatolia,Megacity,2023,2,Winter,-3.63,61.33,5639076,1214.12,18702.94,High,17.0,2120775.0,37.06,,64.85,08:00,4.5463,"20,1",198.4 mm,₺0.87,"845,317",  5.5  ,51%
Kayseri,Central Anatolia,Large City,2022,12,Winter,1.43,80.68,1441523,429.98,13635.34,Medium,3.0,506309.0,41.27,16.84,25.28,20:00,0.9686,"57,6",200.5 mm,₺1.36,"350,790",  7.2  ,95%
Denizli,Aegean,Medium City,2023,3,Spring,19.19,56.79,1062840,540.48,10869.61,Medium,3.0,382274.0,,17.01,46.86,10:00,0.4727,"5,0",149.8 mm,₺0.56,"777,641",  7.7  ,48%
Hatay,Mediterranean,Large City,2017,5,Spring,19.52,52.9,1609856,381.73,9582.32,Low,,542957.0,11.21,14.44,46.26,19:00,0.6305,"70,3",223.5 mm,₺1.89,"104,179",  9.4  ,78%
Adana,Mediterranean,Large City,2021,2,Winter,4.6,75.92,2237940,1043.24,,High,7.0,631215.0,30.22,8.3,63.73,08:00,1.8103,,291.2 mm,₺2.2,"269,038",  9.0  ,47%
Kocaeli,Marmara,Large City,2023,7,Summer,31.5,44.92,2031963,1120.13,17374.96,High,6.0,694093.0,25.61,5.02,74.83,09:00,1.6136,"21,2",152.8 mm,₺1.26,"352,557",  2.7  ,43%
Bursa,Marmara,Large City,2020,12,Winter,0.02,51.86,3056120,3113.85,17076.39,High,10.0,952047.0,9.92,19.8,17.49,20:00,2.8808,"59,7",109.5 mm,₺1.78,"821,613",  2.7  ,76%
Malatya,Eastern Anatolia,Medium City,2019,10,Autumn,7.24,42.99,781118,181.03,5598.37,Low,1.0,249508.0,11.83,18.0,70.12,08:00,0.3212,"32,1",180.7 mm,₺1.46,"153,217",  10.9  ,48%
Mardin,Southeastern Anatolia,Small City,2019,1,Winter,,43.08,833645,611.71,7000.83,Low,3.0,284617.0,9.33,17.63,,08:00,0.5683,"71,4",208.2 mm,₺2.07,"818,109",  6.7  ,33%
Balıkesir,Marmara,Medium City,2017,7,Summer,29.52,41.36,1264958,517.32,12206.62,Low,5.0,409932.0,43.34,18.5,71.24,08:00,0.6873,"45,4",185.2 mm,₺1.68,"843,252",  3.9  ,54%
Samsun,Black Sea,Large City,2017,5,Spring,16.19,54.03,1361505,2100.09,8314.74,Low,5.0,,26.6,7.94,68.31,21:00,0.4691,"26,8",193.4 mm,₺1.25,"636,825",  6.6  ,54%
Sivas,Central Anatolia,Medium City,2015,4,Spring,13.34,46.36,634149,330.74,11673.93,Low,3.0,204064.0,27.52,15.67,14.31,19:00,0.6061,"70,3",125.1 mm,₺1.53,"613,448",  8.4  ,32%
Manisa,Aegean,Medium City,2015,3,Spring,21.28,56.34,1452881,918.73,12815.82,Medium,5.0,501369.0,44.47,14.29,22.93,10:00,0.6325,"28,8",60.9 mm,₺1.84,"479,803",  7.2  ,79%
Mersin,Mediterranean,Large City,2016,5,Spring,26.31,47.3,1936586,1849.69,,Medium,5.0,612840.0,15.24,14.91,61.1,08:00,0.8384,"14,9",35.6 mm,₺2.19,"688,118",  5.5  ,
Eskisehir,Central Anatolia,Medium City,2015,11,Autumn,8.86,69.69,882456,211.19,13573.2,Medium,4.0,,40.61,18.68,21.45,08:00,0.3705,"69,6",198.1 mm,₺1.4,"447,972",  5.6  ,32%
Gaziantep,Southeastern Anatolia,Large City,2015,1,Winter,5.81,70.34,2101263,462.12,19123.48,High,8.0,639957.0,20.83,12.44,10.01,19:00,1.7403,"64,6",39.7 mm,₺0.51,"464,735",  11.0  ,51%
Kayseri,Central Anatolia,Large City,2015,5,Spring,18.46,42.01,1441523,419.96,13993.55,Medium,3.0,484592.0,20.85,8.96,37.36,10:00,0.7183,,46.8 mm,₺0.56,"381,947",  8.6  ,
Kahramanmaras,Mediterranean,Medium City,2016,5,Spring,22.94,56.72,1178234,282.73,9718.68,Low,3.0,388268.0,41.73,18.72,18.76,09:00,0.482,"55,3",194.4 mm,₺0.88,"709,064",  8.7  ,94%
Hatay,Mediterranean,Large City,2016,8,Summer,37.76,52.87,1609856,339.45,11123.87,Low,4.0,518950.0,41.61,11.2,55.67,20:00,0.7864,"65,9",188.1 mm,₺1.52,"611,040",,70%
Kayseri,Central Anatolia,Large City,2016,7,Summer,27.83,84.38,1441523,307.24,12838.06,Medium,5.0,422306.0,13.19,14.28,10.14,18:00,0.9364,"55,9",135.4 mm,₺2.19,"593,710",  9.4  ,78%
Diyarbakir,Southeastern Anatolia,Large City,2018,7,Summer,35.93,50.12,1801268,603.15,10604.54,Low,,655466.0,25.65,9.37,43.95,19:00,0.804,"72,4",122.1 mm,₺1.3,"370,791",  7.8  ,80%
Kahramanmaras,Mediterranean,Medium City,2016,3,Spring,26.05,65.88,1178234,471.89,10331.25,Low,4.0,343907.0,29.13,5.47,30.27,08:00,0.4503,"15,2",38.4 mm,₺2.26,"198,887",  8.5  ,41%
Antalya,Mediterranean,Large City,2022,5,Spring,25.73,77.4,2619832,1056.46,7448.43,Low,6.0,934307.0,24.43,13.13,35.56,09:00,1.0036,"57,8",120.9 mm,₺0.54,"671,249",  11.5  ,79%
Sivas,Central Anatolia,Medium City,2017,4,Spring,15.73,73.63,634149,155.95,10489.38,Low,3.0,191872.0,44.23,7.34,23.77,21:00,0.2294,"56,8",13.1 mm,₺2.48,"395,715",  6.4  ,43%
Denizli,Aegean,Medium City,2015,3,Spring,24.01,83.66,1062840,392.42,,Medium,2.0,,10.27,17.82,65.53,08:00,0.4945,"56,1",160.4 mm,₺2.19,"373,112",  4.3  ,76%
Sakarya,Marmara,Medium City,2018,10,Autumn,9.67,68.03,1003000,1033.63,14315.15,Medium,2.0,312926.0,31.71,8.08,61.21,08:00,0.4737,"22,8",190.1 mm,₺2.2,"783,146",  12.0  ,90%
Sakarya,Marmara,Medium City,2022,12,Winter,-1.17,57.57,1003000,580.95,11887.77,Medium,3.0,372848.0,18.21,18.08,71.62,19:00,0.8368,"38,7",101.5 mm,,"125,694",  2.2  ,83%
Canakkale,Marmara,Small City,2016,4,Spring,20.28,77.41,542000,500.03,6938.33,Low,,191119.0,25.24,10.05,43.15,18:00,0.186,,114.4 mm,₺1.41,"504,316",  4.7  ,46%
Gaziantep,Southeastern Anatolia,Large City,2020,7,Summer,32.4,79.84,2101263,993.27,15625.03,High,6.0,765419.0,14.01,5.51,27.21,09:00,1.6864,"56,5",173.4 mm,₺0.94,"749,574",  7.2  ,83%
Sivas,Central Anatolia,Medium City,2019,3,Spring,13.42,75.14,634149,145.7,9339.44,Low,2.0,192610.0,26.25,15.24,38.44,08:00,0.2362,"59,1",216.1 mm,₺1.62,"271,338",  5.6  ,72%
Kocaeli,Marmara,Large City,2021,1,Winter,1.44,60.73,2031963,3116.26,19523.91,High,7.0,697825.0,21.74,11.61,60.34,08:00,1.7839,"48,9",137.2 mm,₺0.74,"593,513",  10.3  ,37%
Diyarbakir,Southeastern Anatolia,Large City,2019,12,Winter,6.59,67.88,1801268,928.88,7620.82,Low,4.0,603818.0,27.04,19.4,65.01,10:00,0.9483,"17,2",131.0 mm,₺2.44,"41,941",  11.5  ,35%
Sakarya,Marmara,Medium City,2018,5,Spring,18.51,58.46,1003000,773.04,12067.35,Medium,4.0,305903.0,33.76,9.3,33.16,21:00,0.4927,"78,8",,₺1.08,,  3.0  ,47%
Kahramanmaras,Mediterranean,Medium City,2020,1,Winter,4.55,48.37,1178234,286.73,7562.97,Low,3.0,338933.0,37.8,,40.75,21:00,0.7513,"23,9",290.8 mm,₺2.23,"640,107",  10.2  ,67%
Erzurum,Eastern Anatolia,Medium City,2016,10,Autumn,6.7,70.12,762321,159.29,7430.47,Low,3.0,279117.0,17.48,17.04,18.92,10:00,0.2962,"64,3",205.5 mm,₺1.44,"578,158",  10.0  ,91%
Istanbul,Marmara,Megacity,2022,7,Summer,31.76,73.09,15840900,13134.4,18459.66,High,42.0,4850918.0,23.61,5.87,38.34,19:00,13.5474,"65,0",23.7 mm,₺1.24,"634,367",  4.9  ,36%
Sakarya,Marmara,Medium City,2017,1,Winter,-2.62,70.13,1003000,1231.06,11965.52,Medium,3.0,367718.0,12.46,13.41,67.38,18:00,0.6731,"39,7",253.8 mm,₺1.39,"621,771",  10.2  ,80%
Afyonkarahisar,Aegean,Small City,2016,11,Autumn,19.7,45.42,734000,302.37,9717.47,Low,1.0,226723.0,10.39,16.14,67.43,08:00,0.2905,"60,9",135.4 mm,₺1.75,"783,474",  6.2  ,59%
Gaziantep,Southeastern Anatolia,Large City,2015,6,Summer,35.29,68.65,2101263,1799.27,,High,6.0,,28.36,8.24,63.77,20:00,1.6669,"25,3",230.1 mm,₺1.45,"781,732",  8.5  ,47%
Ankara,Central Anatolia,Megacity,2019,3,Spring,17.56,53.94,5639076,3570.74,16746.0,High,15.0,1772858.0,33.27,9.92,51.39,,3.1301,"55,1",222.7 mm,₺1.91,"692,051",  2.4  ,70%
Kocaeli,Marmara,Large City,2023,4,Spring,15.24,,2031963,451.28,15728.75,High,6.0,614417.0,25.06,10.61,46.23,19:00,1.35,"65,2",76.2 mm,₺0.57,"362,574",  3.3  ,33%
Van,Eastern Anatolia,Medium City,2016,4,Spring,10.86,59.89,1126384,952.04,12184.98,Low,3.0,322703.0,,,72.74,,0.3969,"54,0",269.5 mm,,"638,964",  9.6  ,49%
Samsun,Black Sea,Large City,2018,3,Spring,15.61,78.19,1361505,919.44,5113.52,Low,5.0,484895.0,18.68,6.6,69.68,09:00,0.4347,"72,7",85.8 mm,₺1.46,"560,723",  5.1  ,89%
Diyarbakir,Southeastern Anatolia,Large City,2018,6,Summer,31.74,67.68,1801268,385.07,11301.55,Low,4.0,554515.0,9.94,14.39,65.44,19:00,0.9411,"19,9",243.3 mm,₺0.6,"453,336",  7.1  ,86%
Balıkesir,Marmara,Medium City,2016,4,Spring,18.22,42.42,1264958,420.58,10073.6,Low,4.0,412327.0,6.11,8.7,50.85,08:00,0.5535,"76,1",186.9 mm,₺1.12,"321,685",  5.1  ,44%
Adana,Mediterranean,Large City,2021,2,Winter,,47.24,2237940,985.36,19554.91,High,6.0,844534.0,28.12,5.26,40.69,19:00,1.8093,"57,8",190.3 mm,₺1.41,"661,784",  6.1  ,90%
Kocaeli,Marmara,Large City,2019,12,Winter,1.59,58.61,2031963,869.2,20287.3,High,6.0,570457.0,6.68,6.04,69.36,08:00,1.9489,"74,8",290.5 mm,₺1.5,"822,603",  10.9  ,92%
Bursa,Marmara,Large City,2022,11,Autumn,16.23,45.86,3056120,1421.43,16996.28,High,8.0,899271.0,24.78,12.0,61.98,,2.0398,"20,6",237.0 mm,₺1.14,"811,603",  11.6  ,87%
Balıkesir,Marmara,Medium City,2015,11,Autumn,,48.18,1264958,1003.77,8905.98,Low,3.0,378511.0,31.7,7.58,12.66,21:00,0.5174,"45,0",129.8 mm,₺1.76,"687,982",  6.6  ,77%
Afyonkarahisar,Aegean,Small City,2015,4,Spring,20.57,,734000,160.82,8086.49,Low,2.0,275214.0,27.47,6.16,49.22,,0.2904,"9,5",19.0 mm,₺2.33,"387,002",  8.6  ,79%
Hatay,Mediterranean,Large City,2017,3,Spring,23.58,58.99,1609856,406.6,9897.38,Low,5.0,513285.0,38.43,14.12,42.71,20:00,0.6187,"21,7",56.1 mm,₺2.18,"757,334",  8.9  ,70%
Malatya,Eastern Anatolia,Medium City,2017,6,Summer,22.18,43.47,781118,161.24,9645.26,Low,3.0,250529.0,29.84,17.12,44.73,21:00,0.345,"73,2",154.1 mm,,"95,654",  4.5  ,56%
Mersin,Mediterranean,Large City,2020,6,Summer,37.41,70.66,1936586,422.44,14171.0,Medium,5.0,664680.0,17.64,5.68,34.27,10:00,1.3515,"48,0",227.2 mm,₺1.51,"178,859",  3.9  ,76%
Bursa,Marmara,Large City,2023,2,Winter,3.93,81.48,3056120,697.09,18541.29,High,9.0,862327.0,33.91,6.3,48.61,18:00,2.9912,"6,8",49.2 mm,₺1.39,"248,880",  7.2  ,69%
Erzurum,Eastern Anatolia,Medium City,2022,4,Spring,9.76,63.68,762321,551.19,9751.74,Low,1.0,249702.0,32.72,12.56,54.95,21:00,0.3441,"40,2",16.6 mm,₺2.27,"826,244",  2.3  ,51%
Adana,Mediterranean,Large City,2017,2,Winter,10.57,48.54,2237940,608.65,18007.83,High,6.0,827316.0,7.39,10.89,25.7,21:00,1.7961,"22,1",252.5 mm,₺1.56,"227,017",  10.6  ,73%
Ankara,Central Anatolia,Megacity,2015,12,Winter,-2.39,65.0,5639076,6374.01,15633.05,High,15.0,1945537.0,26.67,8.3,68.78,20:00,4.5695,"52,4",299.2 mm,₺1.97,"241,936",  4.3  ,85%
Kayseri,Central Anatolia,Large City,2022,6,Summer,30.09,,1441523,360.9,14240.48,Medium,3.0,491677.0,5.39,5.15,61.3,19:00,0.9352,"43,5",90.3 mm,₺0.82,"91,773",  3.6  ,98%
Mardin,Southeastern Anatolia,Small City,2022,3,Spring,26.4,54.24,833645,225.1,9927.83,Low,4.0,239448.0,9.88,6.69,58.34,10:00,0.3965,"31,3",173.3 mm,₺2.29,"41,610",  8.4  ,78%
Kayseri,Central Anatolia,Large City,2023,11,Autumn,12.32,84.27,1441523,495.95,12063.62,Medium,5.0,413817.0,19.45,14.56,33.5,,0.762,"24,8",197.7 mm,₺0.5,"607,788",  6.2  ,55%
Kocaeli,Marmara,Large City,2016,12,Winter,1.52,67.19,2031963,736.68,16917.41,High,6.0,707820.0,19.51,8.76,54.45,18:00,1.6105,"32,7",192.0 mm,₺2.24,"396,455",  11.5  ,51%
Balıkesir,Marmara,Medium City,2016,6,Summer,32.68,71.74,1264958,383.5,12102.65,Low,,463199.0,21.58,5.27,21.33,08:00,0.6415,"19,4",224.4 mm,₺1.5,"715,150",  11.5  ,98%
Adana,Mediterranean,Large City,2023,1,Winter,10.21,42.11,2237940,636.33,19382.56,High,7.0,643801.0,20.29,13.32,10.27,10:00,1.9155,"15,0",85.1 mm,₺2.34,"660,616",  3.5  ,63%
Afyonkarahisar,Aegean,Small City,2017,1,Winter,4.63,74.39,734000,147.75,10626.3,Low,1.0,255371.0,24.08,19.92,14.81,19:00,0.4191,"45,9",191.6 mm,₺1.91,"640,419",  6.4  ,59%
Hatay,Mediterranean,Large City,2016,8,Summer,40.57,61.44,1609856,434.8,7656.08,Low,6.0,509736.0,38.71,19.89,39.49,19:00,0.8388,"68,7",279.4 mm,,"367,295",  7.7  ,98%
Konya,Central Anatolia,Large City,2020,8,Summer,27.14,61.79,2320259,531.89,12884.06,Medium,6.0,,21.2,7.55,69.69,19:00,1.3146,"15,0",234.4 mm,₺1.84,"145,701",,83%
Bursa,Marmara,Large City,2017,2,Winter,,48.66,3056120,678.75,18224.72,High,,1097999.0,24.19,7.13,71.45,20:00,2.7133,"7,1",155.9 mm,₺0.83,"706,864",  3.2  ,99%
Diyarbakir,Southeastern Anatolia,Large City,2022,7,Summer,36.23,69.73,1801268,418.61,6004.43,Low,,564205.0,38.21,13.18,71.58,08:00,1.0348,"61,6",22.2 mm,₺1.62,"614,016",  6.5  ,52%
Manisa,Aegean,Medium City,2019,10,Autumn,20.89,45.47,1452881,332.03,13775.49,Medium,4.0,453632.0,36.21,9.95,46.26,18:00,0.6659,"61,0",225.1 mm,₺1.9,"46,108",  10.4  ,79%
Mardin,Southeastern Anatolia,Small City,2018,11,Autumn,21.25,48.61,833645,230.93,8584.42,Low,2.0,,33.85,8.46,73.82,20:00,0.3867,"70,0",109.8 mm,₺1.04,"641,121",  9.5  ,52%
Mugla,Aegean,Medium City,2023,6,Summer,35.03,55.09,1012321,279.96,8452.3,Low,2.0,296797.0,16.15,,,09:00,0.6427,"63,1",77.8 mm,₺2.29,"498,192",  3.2  ,98%
Afyonkarahisar,Aegean,Small City,2020,8,Summer,33.72,44.82,734000,238.28,9426.74,Low,3.0,221502.0,22.93,12.34,15.09,08:00,0.414,"6,9",65.2 mm,₺1.32,"553,987",  10.5  ,56%
Hatay,Mediterranean,Large City,2023,8,Summer,37.68,67.13,1609856,794.98,8545.91,Low,6.0,552566.0,8.62,19.57,74.08,19:00,0.8709,"23,0",151.7 mm,₺0.71,"273,588",  2.4  ,54%
Denizli,Aegean,Medium City,2018,4,Spring,23.96,59.62,1062840,321.33,14266.1,Medium,2.0,332047.0,20.67,16.9,42.62,10:00,0.5166,"24,1",31.5 mm,₺1.06,"566,398",  9.8  ,35%
Denizli,Aegean,Medium City,2015,3,Spring,20.6,59.48,1062840,890.84,,Medium,4.0,363856.0,37.91,,32.34,21:00,0.4261,"11,7",192.1 mm,₺2.27,"407,828",  3.1  ,47%
Denizli,Aegean,Medium City,2019,1,Winter,4.82,54.12,1062840,249.64,,Medium,2.0,378901.0,25.02,15.62,62.24,20:00,0.727,"65,2",54.4 mm,₺2.33,"787,311",  7.5  ,83%
Ankara,Central Anatolia,Megacity,2021,7,Summer,26.35,51.69,5639076,1373.68,19077.85,High,15.0,1913786.0,29.46,18.12,46.17,08:00,4.4565,"70,3",120.7 mm,,"440,578",  6.9  ,81%
Bursa,Marmara,Large City,2020,5,Spring,18.31,52.01,3056120,1820.89,17137.8,High,10.0,915354.0,19.22,7.18,60.4,21:00,1.913,"42,9",285.3 mm,₺1.32,"107,896",  6.3  ,43%
Denizli,Aegean,Medium City,2015,8,Summer,33.8,72.93,1062840,331.13,10737.82,Medium,2.0,,18.9,15.69,68.77,18:00,0.6035,"44,9",32.5 mm,₺1.47,"656,493",  8.5  ,
Kocaeli,Marmara,Large City,2016,12,Winter,0.55,57.99,2031963,644.03,20607.22,High,8.0,615312.0,35.96,16.77,22.51,08:00,1.6651,"20,6",116.1 mm,₺2.45,"323,621",  8.8  ,48%
Canakkale,Marmara,Small City,2016,8,Summer,31.36,76.17,542000,150.04,9956.01,Low,1.0,194138.0,42.38,9.55,59.78,19:00,0.2743,"29,8",30.2 mm,₺0.75,"179,740",  2.2  ,81%
Kayseri,Central Anatolia,Large City,2018,3,Spring,13.81,54.97,1441523,1958.14,12268.49,Medium,,469465.0,37.82,5.11,31.4,18:00,0.574,"51,9",106.0 mm,₺0.59,"323,577",  9.7  ,43%
Afyonkarahisar,Aegean,Small City,2021,7,Summer,34.09,55.09,734000,571.88,7549.08,Low,3.0,232050.0,5.14,,35.8,21:00,0.4508,"33,2",288.3 mm,₺1.74,"17,611",  3.6  ,71%
Canakkale,Marmara,Small City,2020,11,Autumn,17.98,53.5,542000,564.29,7747.92,Low,3.0,155959.0,35.25,13.09,11.17,09:00,0.2003,"59,8",177.7 mm,₺0.65,"369,012",  8.9  ,90%
Kayseri,Central Anatolia,Large City,2020,7,Summer,25.15,62.37,1441523,452.75,13792.82,Medium,3.0,425779.0,17.77,10.87,50.03,10:00,0.8674,"23,8",148.1 mm,₺0.6,"176,923",  2.9  ,44%
Van,Eastern Anatolia,Medium City,2017,4,Spring,11.7,42.84,1126384,728.91,8554.41,Low,2.0,417410.0,16.41,16.89,73.38,09:00,0.4116,"23,9",,₺0.96,"628,891",  7.6  ,56%
Denizli,Aegean,Medium City,2020,12,Winter,3.47,43.61,1062840,885.67,10631.96,Medium,2.0,398562.0,27.45,6.89,65.89,20:00,0.7475,"61,7",284.7 mm,₺2.38,"632,164",  5.5  ,46%
Eskisehir,Central Anatolia,Medium City,2017,1,Winter,-3.19,45.7,882456,623.7,14388.21,Medium,3.0,305876.0,32.19,19.96,,08:00,0.5595,"63,1",258.9 mm,₺1.37,"712,645",  8.9  ,97%
Gaziantep,Southeastern Anatolia,Large City,2023,11,Autumn,18.84,79.77,2101263,1411.63,17376.28,High,6.0,698004.0,18.41,19.78,19.15,19:00,1.4925,"7,4",187.8 mm,₺1.37,"841,833",  2.8  ,43%
Afyonkarahisar,Aegean,Small City,2019,5,Spring,23.69,64.22,734000,250.18,6139.13,Low,2.0,235058.0,23.18,15.72,22.22,19:00,0.2938,"68,0",253.3 mm,₺1.83,"436,365",  6.6  ,32%
Hatay,Mediterranean,Large City,2019,4,Spring,23.26,79.34,1609856,324.99,8565.49,Low,6.0,499681.0,15.09,19.75,31.04,21:00,0.6875,"53,4",104.4 mm,₺0.74,"708,446",,78%
Antalya,Mediterranean,Large City,2019,12,Winter,6.02,65.96,2619832,1287.28,8169.46,Low,6.0,,12.6,17.28,52.64,09:00,1.5677,"47,5",214.3 mm,₺1.05,"580,602",  9.5  ,51%
Diyarbakir,Southeastern Anatolia,Large City,2016,11,Autumn,18.94,57.18,1801268,568.29,7909.9,Low,6.0,539394.0,34.46,13.47,14.97,09:00,0.7396,"28,2",112.1 mm,₺0.93,"53,077",  8.1  ,90%
Kayseri,Central Anatolia,Large City,2017,9,Autumn,16.37,48.84,1441523,308.1,13855.76,Medium,3.0,524214.0,25.72,16.22,55.78,08:00,0.6356,"11,5",111.8 mm,₺2.24,"796,551",  11.0  ,67%
Eskisehir,Central Anatolia,Medium City,2016,1,Winter,-3.25,,882456,567.33,14743.29,Medium,4.0,271523.0,13.52,6.18,26.18,08:00,0.6253,"8,1",224.5 mm,₺1.33,"580,023",  7.1  ,55%
Diyarbakir,Southeastern Anatolia,Large City,2023,1,Winter,4.73,60.72,1801268,2314.0,,Low,6.0,553319.0,20.36,11.92,27.82,20:00,1.0401,"40,3",11.6 mm,₺1.7,"533,033",  11.2  ,69%
Antalya,Mediterranean,Large City,2018,10,Autumn,23.58,59.61,2619832,894.26,8586.01,Low,8.0,863574.0,9.58,17.51,50.38,18:00,0.998,,208.0 mm,₺1.94,"825,542",  9.1  ,64%
Afyonkarahisar,Aegean,Small City,2017,10,Autumn,16.68,63.31,734000,310.44,9670.0,Low,2.0,243156.0,30.31,,45.85,19:00,0.2531,"68,0",40.3 mm,₺2.3,"691,606",  3.3  ,45%
Denizli,Aegean,Medium City,2019,1,Winter,5.55,42.28,1062840,793.28,11030.61,Medium,4.0,305995.0,6.68,7.08,48.28,18:00,1.817,"20,7",105.4 mm,₺0.69,,  9.4  ,82%
Bursa,Marmara,Large City,2016,5,Spring,19.02,84.72,3056120,1896.5,16693.19,High,9.0,928923.0,11.68,15.93,40.86,21:00,1.6023,"17,4",266.0 mm,,"95,656",  10.2  ,35%
Mardin,Southeastern Anatolia,Small City,2022,2,Winter,8.01,81.82,833645,269.24,8544.77,Low,2.0,,39.56,,25.97,08:00,0.546,"40,5",204.4 mm,₺0.64,"11,190",  4.4  ,57%
Antalya,Mediterranean,Large City,2017,5,Spring,25.65,42.53,2619832,2024.2,10496.3,Low,6.0,765312.0,39.83,9.03,46.32,08:00,0.8394,"36,3",285.7 mm,₺0.53,"69,942",  10.1  ,50%
Izmir,Aegean,Megacity,2023,1,Winter,1.38,81.83,4394694,3995.98,17323.87,High,,1343944.0,25.17,9.84,40.16,08:00,3.9301,"69,9",276.1 mm,₺1.95,"554,051",  2.2  ,69%
Denizli,Aegean,Medium City,2017,3,Spring,24.07,45.78,1062840,622.17,12340.05,Medium,2.0,320699.0,17.36,17.66,10.96,19:00,0.4789,"10,4",112.3 mm,₺2.01,"381,931",  9.4  ,36%
Mersin,Mediterranean,Large City,2019,5,Spring,27.95,58.82,1936586,874.7,12889.58,Medium,5.0,571373.0,37.42,19.81,48.62,09:00,0.8831,"20,6",117.8 mm,,"451,859",  7.9  ,64%
Malatya,Eastern Anatolia,Medium City,2018,4,Spring,11.03,69.46,781118,254.35,7285.08,Low,1.0,264948.0,27.27,14.92,57.86,10:00,0.261,"49,5",179.5 mm,₺2.11,"242,153",  7.3  ,61%
Canakkale,Marmara,Small City,2021,4,Spring,15.98,71.97,542000,736.2,8507.9,Low,2.0,167688.0,16.0,,13.7,09:00,0.2311,"23,9",,₺0.69,"337,009",  9.3  ,88%
Diyarbakir,Southeastern Anatolia,Large City,2017,11,Autumn,,67.16,1801268,1661.65,8402.24,Low,4.0,654381.0,31.75,13.14,18.13,09:00,0.7395,"78,2",83.0 mm,₺1.97,"91,152",  7.0  ,70%
Mugla,Aegean,Medium City,2018,2,Winter,4.07,48.11,1012321,412.89,8186.24,Low,3.0,331167.0,11.8,12.42,72.16,18:00,0.5156,"72,7",159.3 mm,₺0.97,"840,387",  10.8  ,67%
Diyarbakir,Southeastern Anatolia,Large City,2020,11,Autumn,19.6,53.68,1801268,2644.72,7768.7,Low,4.0,594668.0,30.14,16.42,67.34,18:00,0.6863,"40,5",218.7 mm,₺0.62,"481,012",  10.1  ,60%
Samsun,Black Sea,Large City,2019,4,Spring,16.68,78.4,1361505,667.64,10516.94,Low,4.0,459150.0,28.38,6.46,71.98,20:00,0.5634,"72,3",219.3 mm,₺1.77,"100,052",,57%
Kocaeli,Marmara,Large City,2023,11,Autumn,17.01,49.76,2031963,445.11,19346.01,High,7.0,699428.0,,13.29,36.95,10:00,1.374,"36,7",181.1 mm,₺0.52,"81,790",  11.3  ,48%
Diyarbakir,Southeastern Anatolia,Large City,2015,1,Winter,4.81,56.76,1801268,2730.17,9101.21,Low,4.0,602891.0,10.11,10.29,44.64,20:00,1.0061,"35,7",70.7 mm,,"470,504",  9.8  ,93%
Canakkale,Marmara,Small City,2015,12,Winter,-0.05,55.04,542000,513.5,9857.41,Low,,197796.0,11.84,13.44,11.27,21:00,0.2735,"17,7",,₺1.81,"234,069",  10.8  ,82%
Balıkesir,Marmara,Medium City,2018,10,Autumn,18.98,59.49,1264958,269.04,7969.02,Low,4.0,437950.0,44.82,11.42,25.22,18:00,0.4712,"32,6",176.4 mm,₺0.9,"622,670",  3.8  ,35%
Balıkesir,Marmara,Medium City,2023,7,Summer,32.17,58.66,1264958,407.03,7474.12,Low,3.0,416763.0,37.27,16.96,40.72,21:00,0.7419,,48.4 mm,₺1.29,"443,004",  11.8  ,59%
Eskisehir,Central Anatolia,Medium City,2015,8,Summer,27.78,,882456,620.43,9465.88,Medium,3.0,291702.0,17.33,14.27,31.02,10:00,0.5125,"58,5",233.1 mm,₺1.49,"495,333",  9.3  ,76%
Ankara,Central Anatolia,Megacity,2015,9,Autumn,13.4,54.36,5639076,2093.3,17829.03,High,17.0,1931045.0,21.07,7.8,54.16,09:00,3.2114,"5,6",108.0 mm,₺0.8,"23,097",  9.5  ,56%
Kayseri,Central Anatolia,Large City,2021,2,Winter,-0.28,43.93,1441523,1212.17,13304.19,Medium,5.0,516213.0,42.84,12.83,27.42,19:00,0.8435,"69,4",278.5 mm,₺1.4,"24,024",  3.7  ,44%
Antalya,Mediterranean,Large City,2015,10,Autumn,20.56,83.96,2619832,695.46,8338.02,Low,8.0,804678.0,37.42,17.83,36.57,09:00,1.0696,"43,6",162.3 mm,₺0.79,"12,030",  11.3  ,37%
Sakarya,Marmara,Medium City,2019,8,Summer,30.55,77.85,1003000,287.04,15584.06,Medium,3.0,377365.0,22.17,6.37,38.1,09:00,0.68,"42,5",270.9 mm,₺0.66,"113,816",  3.3  ,61%
Trabzon,Black Sea,Medium City,2021,2,Winter,1.69,72.59,811874,217.3,9879.97,Low,2.0,305987.0,20.65,11.3,55.15,08:00,0.4931,"49,7",189.8 mm,₺1.73,"18,360",  8.1  ,46%
Tekirdag,Marmara,Medium City,2022,2,Winter,0.82,62.66,1085000,229.24,12716.46,Medium,2.0,319553.0,36.98,12.17,54.64,18:00,0.7878,"75,2",203.2 mm,₺2.07,"814,827",  9.0  ,69%
Van,Eastern Anatolia,Medium City,2017,2,Winter,-7.75,62.96,1126384,377.74,7693.39,Low,3.0,316973.0,8.27,15.03,50.94,19:00,0.6396,"36,2",,₺1.52,"577,658",  10.7  ,53%
Hatay,Mediterranean,Large City,2020,1,Winter,9.45,82.28,1609856,2995.42,10686.53,Low,5.0,608043.0,12.54,15.09,16.62,08:00,0.9307,"23,3",270.7 mm,₺1.75,"490,501",  8.6  ,42%
Manisa,Aegean,Medium City,2021,11,Autumn,18.31,77.99,1452881,1025.74,11351.73,Medium,5.0,425951.0,12.71,9.54,34.89,21:00,0.7434,"18,6",121.1 mm,₺1.52,"185,204",  6.1  ,31%
Afyonkarahisar,Aegean,Small City,2021,4,Spring,18.8,51.76,734000,174.32,,Low,1.0,240857.0,8.53,17.03,63.36,09:00,0.2406,"34,3",78.7 mm,₺1.21,,  10.5  ,52%
Trabzon,Black Sea,Medium City,2023,4,Spring,17.28,40.54,811874,230.32,9993.95,Low,4.0,299808.0,11.09,,52.5,18:00,0.305,,206.6 mm,₺1.2,"211,570",  2.1  ,64%
Van,Eastern Anatolia,Medium City,2022,4,Spring,10.02,61.86,1126384,1492.47,10196.22,Low,2.0,365371.0,32.17,,31.16,08:00,0.3993,"57,1",33.4 mm,₺0.8,"498,222",  2.5  ,60%
Sakarya,Marmara,Medium City,2016,3,Spring,16.27,59.3,1003000,300.58,12922.48,Medium,3.0,364376.0,38.26,17.57,19.92,19:00,0.4507,"16,2",101.1 mm,₺1.49,"360,785",  3.6  ,69%
Sivas,Central Anatolia,Medium City,2016,7,Summer,28.92,82.32,634149,252.97,8290.13,Low,1.0,224057.0,8.35,7.41,38.04,08:00,0.3464,"52,1",158.0 mm,₺2.09,"454,693",  9.4  ,42%
Tekirdag,Marmara,Medium City,2018,7,Summer,30.79,43.0,1085000,538.27,11845.86,Medium,4.0,380718.0,6.93,14.8,70.37,19:00,0.6148,"13,2",173.7 mm,₺1.5,"520,442",  11.9  ,99%
Samsun,Black Sea,Large City,2015,2,Winter,-0.46,65.06,1361505,477.92,6221.51,Low,5.0,415619.0,44.54,5.38,43.8,21:00,0.7844,"34,9",249.6 mm,₺2.32,"128,004",  3.5  ,93%
Istanbul,Marmara,Megacity,2015,1,Winter,5.28,67.27,15840900,21285.41,18960.41,High,41.0,4996031.0,35.86,12.49,70.67,08:00,13.6136,"33,2",221.5 mm,₺1.71,"718,251",  9.2  ,94%
Tekirdag,Marmara,Medium City,2015,5,Spring,20.45,56.0,1085000,250.54,10722.1,Medium,3.0,328452.0,5.99,5.06,36.42,08:00,0.4345,"50,3",98.5 mm,₺0.94,"443,903",,30%
Adana,Mediterranean,Large City,2022,2,Winter,7.47,62.22,2237940,725.44,17498.09,High,8.0,819951.0,6.56,17.72,48.76,20:00,2.16,"56,4",204.0 mm,₺0.58,,  8.1  ,53%
Izmir,Aegean,Megacity,2020,10,Autumn,19.49,50.0,4394694,1295.52,15672.47,High,13.0,1587338.0,40.53,16.5,62.86,20:00,2.9989,"65,4",67.0 mm,₺1.97,"82,724",  8.4  ,60%
Ankara,Central Anatolia,Megacity,2021,8,Summer,30.02,78.24,5639076,1505.74,17396.87,High,17.0,1958046.0,19.14,6.99,43.06,18:00,4.3181,"63,5",282.2 mm,₺2.33,"605,969",  6.5  ,31%
Balıkesir,Marmara,Medium City,2018,12,Winter,1.28,71.64,1264958,1452.78,9327.71,Low,3.0,432659.0,26.83,14.81,55.82,18:00,0.6725,"70,4",220.0 mm,₺1.43,"189,854",  2.9  ,34%
Denizli,Aegean,Medium City,2018,11,Autumn,16.15,58.89,1062840,1667.86,12965.89,Medium,4.0,298778.0,42.17,7.99,31.51,20:00,0.5124,"32,1",229.6 mm,₺1.34,"711,120",  11.6  ,74%
Izmir,Aegean,Megacity,2023,11,Autumn,19.59,,4394694,1049.4,19958.99,High,11.0,1284739.0,33.98,6.92,68.22,,2.9414,"63,8",,₺1.64,"412,155",  7.0  ,48%
Tekirdag,Marmara,Medium City,2019,11,Autumn,,79.78,1085000,1014.05,12871.6,Medium,3.0,390862.0,26.5,12.38,53.58,18:00,0.4787,"24,2",208.3 mm,₺1.41,"852,613",  9.3  ,74%
Van,Eastern Anatolia,Medium City,2020,5,Spring,8.21,54.42,1126384,366.31,5876.2,Low,3.0,409635.0,26.61,11.09,14.75,18:00,0.472,"65,7",97.8 mm,₺1.21,,  7.4  ,36%
Antalya,Mediterranean,Large City,2018,5,Spring,23.66,50.38,2619832,586.87,10725.19,Low,,876667.0,7.75,7.18,14.02,18:00,0.8829,"23,0",108.3 mm,₺0.89,"137,070",  3.6  ,95%
Diyarbakir,Southeastern Anatolia,Large City,2017,6,Summer,,70.83,1801268,1020.97,7631.32,Low,6.0,594414.0,15.26,18.74,,,0.8755,"64,3",249.8 mm,₺1.05,"78,383",  3.9  ,69%
Izmir,Aegean,Megacity,2016,3,Spring,24.49,66.21,4394694,1887.66,16917.85,High,13.0,,32.34,5.04,17.21,21:00,2.3518,"68,3",19.3 mm,₺1.22,"31,169",  8.6  ,47%
Mardin,Southeastern Anatolia,Small City,2023,8,Summer,33.71,67.42,833645,850.85,10031.49,Low,,246742.0,12.16,5.25,34.5,,0.4476,"14,7",,,"382,048",  6.8  ,84%
Trabzon,Black Sea,Medium City,2023,12,Winter,-0.1,40.79,811874,173.13,9294.87,Low,3.0,273651.0,29.71,18.03,,10:00,0.5535,"14,1",118.2 mm,₺0.51,"894,865",  2.5  ,49%
Mardin,Southeastern Anatolia,Small City,2019,11,Autumn,25.72,54.1,833645,183.62,9447.41,Low,2.0,249475.0,34.34,18.07,16.35,08:00,0.3611,,250.0 mm,₺1.26,"849,007",  9.7  ,56%
Tekirdag,Marmara,Medium City,2016,10,Autumn,16.13,81.57,1085000,859.34,12266.8,Medium,2.0,395617.0,26.17,15.58,25.31,10:00,0.4792,"35,0",249.2 mm,₺1.47,"597,628",  3.7  ,97%
Samsun,Black Sea,Large City,2023,5,Spring,13.59,66.19,1361505,829.21,7749.24,Low,5.0,508881.0,,11.8,69.43,09:00,0.6457,"27,6",,₺1.89,"574,675",  8.2  ,74%
Adana,Mediterranean,Large City,2019,3,Spring,25.21,60.28,2237940,1354.61,18240.2,High,7.0,785057.0,30.79,10.09,46.23,08:00,1.2198,"74,7",49.8 mm,₺2.35,"280,673",  2.9  ,
Istanbul,Marmara,Megacity,2020,2,Winter,,73.7,15840900,3299.4,20144.28,High,42.0,4731848.0,41.94,13.99,60.84,21:00,13.772,"77,2",64.3 mm,₺1.77,"572,098",  10.8  ,81%
Canakkale,Marmara,Small City,2020,11,Autumn,14.83,78.64,542000,474.19,9083.53,Low,2.0,188739.0,22.79,15.89,,,0.2414,"35,8",84.7 mm,₺0.54,"259,609",  5.8  ,50%
Sivas,Central Anatolia,Medium City,2015,7,Summer,27.95,56.85,634149,250.88,10008.43,Low,1.0,235381.0,23.71,,63.65,09:00,0.282,"70,6",40.2 mm,₺0.92,"231,610",  5.3  ,46%
Istanbul,Marmara,Megacity,2015,10,Autumn,13.32,44.49,15840900,18611.63,16787.92,High,42.0,5037825.0,14.29,6.0,65.58,18:00,10.2711,"67,9",139.2 mm,₺2.21,"750,125",  11.8  ,76%
Antalya,Mediterranean,Large City,2018,5,Spring,27.69,68.32,2619832,3704.78,9463.23,Low,,954956.0,5.92,15.03,33.05,18:00,0.9742,"77,0",175.6 mm,₺1.8,"75,453",  11.7  ,54%
Samsun,Black Sea,Large City,2023,8,Summer,26.19,84.19,1361505,423.57,6762.15,Low,4.0,423592.0,27.82,8.76,65.25,20:00,0.7422,"10,7",52.1 mm,₺1.61,"539,566",  11.6  ,76%
Kocaeli,Marmara,Large City,2016,1,Winter,2.22,72.47,2031963,581.17,15666.94,High,,584297.0,15.09,12.36,50.16,09:00,1.743,"26,2",258.9 mm,₺0.95,"10,710",  10.8  ,54%
Antalya,Mediterranean,Large City,2015,8,Summer,41.94,51.35,2619832,2358.94,8970.8,Low,7.0,989518.0,31.12,7.31,45.41,20:00,1.4158,"47,6",202.7 mm,₺2.19,"301,976",  2.8  ,46%
Balıkesir,Marmara,Medium City,2018,12,Winter,1.98,62.66,1264958,301.72,9509.26,Low,5.0,402690.0,35.24,9.0,27.44,18:00,0.6342,"70,5",217.5 mm,₺1.22,"585,496",  11.2  ,73%
Adana,Mediterranean,Large City,2016,3,Spring,25.62,70.05,2237940,2752.29,18477.83,High,8.0,647341.0,5.62,6.61,56.32,,0.8998,"12,9",213.4 mm,₺1.31,"588,224",  3.1  ,87%
Kahramanmaras,Mediterranean,Medium City,2016,2,Winter,1.93,80.44,1178234,346.14,6492.11,Low,3.0,423847.0,14.23,14.95,30.76,08:00,0.6275,"28,3",103.2 mm,₺2.37,"715,927",  11.9  ,59%
Trabzon,Black Sea,Medium City,2019,8,Summer,31.43,50.47,811874,1379.01,8905.8,Low,4.0,227349.0,8.98,17.82,67.35,20:00,0.4141,"9,0",65.5 mm,₺1.82,"827,165",,36%
Balıkesir,Marmara,Medium City,2021,4,Spring,17.25,84.02,1264958,509.16,10179.28,Low,5.0,371424.0,25.24,19.35,73.29,21:00,0.4919,"28,3",154.6 mm,₺1.78,"550,626",  4.3  ,84%
Canakkale,Marmara,Small City,2023,8,Summer,30.35,59.93,542000,911.63,8417.48,Low,3.0,174822.0,13.14,16.54,46.75,18:00,0.3067,"46,6",243.9 mm,₺2.29,"671,585",  4.5  ,73%
Mugla,Aegean,Medium City,2023,5,Spring,23.15,76.17,1012321,1968.98,6321.2,Low,2.0,314186.0,24.14,16.71,30.26,19:00,0.4267,"71,2",82.0 mm,₺1.19,"355,227",  5.7  ,32%
Kahramanmaras,Mediterranean,Medium City,2015,1,Winter,7.81,68.18,1178234,342.34,10255.39,Low,3.0,425323.0,29.4,17.04,17.8,,0.6348,"41,3",219.4 mm,,"431,430",  4.6  ,39%
Balıkesir,Marmara,Medium City,2019,10,Autumn,17.95,,1264958,336.57,9127.28,Low,5.0,447559.0,22.77,18.11,33.37,18:00,0.5102,"42,4",11.4 mm,₺0.99,"93,908",  11.2  ,57%
Canakkale,Marmara,Small City,2018,2,Winter,-0.1,72.04,542000,226.51,9764.53,Low,2.0,203942.0,,16.75,18.23,09:00,0.2525,"77,3",143.7 mm,₺2.12,"336,211",  3.6  ,91%
Trabzon,Black Sea,Medium City,2016,9,Autumn,15.29,70.04,811874,175.09,7934.08,Low,4.0,237778.0,33.65,18.51,27.24,21:00,0.3573,"30,5",274.3 mm,₺0.93,"35,522",  5.8  ,62%
Izmir,Aegean,Megacity,2018,6,Summer,32.97,59.24,4394694,7341.5,18807.49,High,12.0,1359007.0,7.56,17.37,,18:00,3.5453,"53,8",49.6 mm,₺1.01,"654,797",  6.5  ,91%
Mersin,Mediterranean,Large City,2016,5,Spring,25.03,76.78,1936586,2398.88,13112.04,Medium,5.0,598146.0,29.8,11.06,62.61,09:00,0.7837,"29,5",255.2 mm,₺0.92,"507,454",  8.7  ,53%
Malatya,Eastern Anatolia,Medium City,2018,4,Spring,10.05,49.37,781118,570.49,8150.58,Low,2.0,253457.0,21.95,11.5,74.27,21:00,0.2464,"24,2",139.7 mm,₺0.71,"315,810",  2.2  ,49%
Samsun,Black Sea,Large City,2019,1,Winter,-0.35,78.27,1361505,403.81,9294.84,Low,5.0,469604.0,6.58,11.05,55.37,20:00,0.7541,"29,5",242.8 mm,₺1.4,"78,217",  11.8  ,60%
Eskisehir,Central Anatolia,Medium City,2019,4,Spring,14.83,80.23,882456,1224.34,12117.84,Medium,4.0,308913.0,15.9,13.67,52.55,18:00,0.4181,"27,0",291.5 mm,₺1.99,,  8.9  ,62%
Tekirdag,Marmara,Medium City,2021,4,Spring,18.01,52.52,1085000,384.44,11464.4,Medium,3.0,337836.0,7.48,17.87,22.72,,0.5677,"23,5",208.3 mm,₺2.0,"568,707",  8.7  ,54%
Kahramanmaras,Mediterranean,Medium City,2018,6,Summer,38.07,72.75,1178234,370.87,8457.85,Low,4.0,,42.47,8.56,49.63,21:00,0.6152,"11,3",81.1 mm,₺1.17,"565,158",  4.0  ,65%
Tekirdag,Marmara,Medium City,2016,8,Summer,31.61,58.4,1085000,583.74,12418.49,Medium,4.0,373857.0,11.77,10.41,62.83,18:00,0.5954,"26,7",13.1 mm,₺2.41,"83,812",  10.1  ,56%
Bursa,Marmara,Large City,2021,3,Spring,16.76,82.53,3056120,3995.22,18221.31,High,9.0,1112266.0,24.22,6.6,58.43,09:00,1.972,"8,8",28.6 mm,₺0.99,"691,994",  6.2  ,78%
Sivas,Central Anatolia,Medium City,2023,12,Winter,-1.42,82.58,634149,527.28,8617.77,Low,2.0,203481.0,15.83,14.66,11.65,10:00,0.427,"32,5",144.0 mm,₺0.76,"43,207",  5.5  ,33%
Tekirdag,Marmara,Medium City,2018,12,Winter,2.77,61.98,1085000,927.75,11290.98,Medium,4.0,342837.0,29.16,,67.41,,0.708,"33,1",38.8 mm,₺1.18,"861,338",  7.0  ,58%
Balıkesir,Marmara,Medium City,2017,4,Spring,18.44,61.66,1264958,361.96,5856.37,Low,4.0,400548.0,11.18,11.0,46.37,18:00,0.4655,"40,1",273.3 mm,₺1.39,"455,041",,59%
Sivas,Central Anatolia,Medium City,2020,1,Winter,-6.99,61.47,634149,195.82,9712.97,Low,1.0,223712.0,41.59,13.05,17.9,19:00,0.3628,"70,0",186.7 mm,₺2.06,"119,412",  2.8  ,
Trabzon,Black Sea,Medium City,2017,3,Spring,16.94,43.95,811874,759.15,9648.53,Low,3.0,238444.0,22.49,11.05,42.94,10:00,0.2865,,166.4 mm,₺1.36,"80,004",  8.2  ,83%
Kocaeli,Marmara,Large City,2015,7,Summer,32.34,72.13,2031963,1984.18,15738.15,High,6.0,640221.0,19.76,13.88,23.97,20:00,1.4727,"65,1",266.1 mm,₺1.04,"883,599",  6.7  ,39%
Ankara,Central Anatolia,Megacity,2015,6,Summer,28.47,53.09,5639076,1133.83,16500.89,High,15.0,1650441.0,37.44,5.98,17.76,21:00,4.6552,"29,4",57.5 mm,₺1.76,"154,932",  11.4  ,61%
Tekirdag,Marmara,Medium City,2017,1,Winter,0.74,53.05,1085000,695.59,14999.2,Medium,2.0,359809.0,26.15,14.17,,09:00,0.7522,"58,2",42.9 mm,₺1.88,"16,539",  2.8  ,78%
Mersin,Mediterranean,Large City,2015,12,Winter,8.5,58.45,1936586,2151.4,11998.63,Medium,6.0,639630.0,18.58,19.14,72.88,19:00,1.2967,"46,1",248.4 mm,₺1.4,"620,776",  10.8  ,41%
Tekirdag,Marmara,Medium City,2018,12,Winter,-0.46,43.78,1085000,228.42,11082.91,Medium,2.0,309939.0,32.42,9.99,34.3,09:00,0.828,"75,9",189.7 mm,,"223,695",  2.6  ,56%
Ankara,Central Anatolia,Megacity,2018,10,Autumn,7.57,67.21,5639076,1937.12,18715.66,High,17.0,1637821.0,15.7,8.5,27.34,19:00,3.4737,"79,6",142.6 mm,₺1.52,"478,952",  4.2  ,57%
Istanbul,Marmara,Megacity,2015,2,Winter,-1.24,50.26,15840900,4096.97,,High,,4569576.0,36.48,9.71,40.2,20:00,12.1236,"73,8",134.7 mm,₺1.68,"32,934",  6.0  ,55%
Hatay,Mediterranean,Large City,2022,3,Spring,23.29,53.63,1609856,360.5,9109.32,Low,6.0,502230.0,20.58,19.28,66.43,19:00,0.626,"8,5",209.5 mm,₺2.23,"194,586",  2.1  ,90%
Gaziantep,Southeastern Anatolia,Large City,2015,7,Summer,,80.98,2101263,739.98,13324.45,High,8.0,597728.0,11.37,17.66,27.38,20:00,1.6255,"72,9",126.7 mm,₺2.07,"141,771",  2.9  ,41%
Adana,Mediterranean,Large City,2023,2,Winter,7.48,43.08,2237940,2081.18,16291.19,High,8.0,803645.0,21.26,10.33,43.16,19:00,1.9951,"53,8",59.1 mm,₺0.85,"689,368",  2.4  ,97%
Trabzon,Black Sea,Medium City,2018,1,Winter,-3.83,76.1,811874,199.25,7455.71,Low,2.0,236815.0,24.51,8.25,42.43,10:00,0.4198,"60,1",145.2 mm,,"731,471",  9.9  ,52%
Mersin,Mediterranean,Large City,2022,1,Winter,7.75,48.01,1936586,560.34,12678.74,Medium,6.0,735752.0,28.94,18.16,65.23,21:00,1.2896,"46,4",197.7 mm,₺1.98,"194,655",  8.3  ,
Erzurum,Eastern Anatolia,Medium City,2016,8,Summer,22.82,62.04,762321,170.35,10045.86,Low,2.0,254884.0,32.05,10.11,64.63,19:00,0.378,"67,4",292.2 mm,₺2.18,"605,384",  5.8  ,57%
Kahramanmaras,Mediterranean,Medium City,2019,3,Spring,23.64,59.14,1178234,616.89,8078.78,Low,2.0,,,5.28,32.74,09:00,0.41,"76,4",245.1 mm,₺1.64,"38,490",  8.9  ,36%
Manisa,Aegean,Medium City,2016,8,Summer,33.18,61.53,1452881,323.0,15592.63,Medium,5.0,433610.0,13.95,7.17,14.11,08:00,0.8992,"44,2",,₺1.52,"810,683",  10.8  ,53%
Manisa,Aegean,Medium City,2021,5,Spring,22.65,83.56,1452881,798.98,13020.3,Medium,4.0,518719.0,5.83,5.17,52.02,18:00,0.6697,"6,9",224.1 mm,₺2.36,"464,682",  4.5  ,31%
Malatya,Eastern Anatolia,Medium City,2022,5,Spring,7.45,53.23,781118,195.68,8278.32,Low,2.0,281565.0,9.24,5.28,18.96,08:00,0.2981,"7,9",86.1 mm,₺1.56,"734,566",  5.3  ,71%
Izmir,Aegean,Megacity,2017,8,Summer,34.3,51.12,4394694,1836.57,18730.24,High,12.0,1241954.0,29.58,11.58,,08:00,3.5688,"42,7",287.6 mm,₺0.8,"699,507",  7.1  ,62%
Balıkesir,Marmara,Medium City,2016,11,Autumn,11.73,,1264958,2197.51,8596.3,Low,3.0,412499.0,11.73,11.37,11.33,10:00,0.5656,"66,0",75.9 mm,₺1.48,"707,748",,93%
Mersin,Mediterranean,Large City,2019,12,Winter,9.22,61.25,1936586,2540.05,10999.93,Medium,6.0,733160.0,36.92,,18.96,10:00,1.5392,"60,0",247.7 mm,₺2.17,"270,049",  7.6  ,68%
Erzurum,Eastern Anatolia,Medium City,2017,1,Winter,-6.97,51.74,762321,376.34,9566.65,Low,1.0,282090.0,8.72,18.46,51.15,19:00,0.4726,"14,9",207.5 mm,₺1.31,"16,826",  4.4  ,89%
Trabzon,Black Sea,Medium City,2021,6,Summer,30.35,42.87,811874,167.86,10398.65,Low,4.0,235409.0,27.37,12.72,,08:00,0.4396,"16,1",106.1 mm,₺1.44,"15,789",  6.2  ,84%
Canakkale,Marmara,Small City,2015,8,Summer,32.21,75.93,542000,124.29,7860.3,Low,2.0,158666.0,44.47,9.59,45.46,09:00,0.2556,"50,1",143.8 mm,,"611,981",  5.3  ,44%
Manisa,Aegean,Medium City,2023,4,Spring,24.56,79.94,1452881,293.09,10866.91,Medium,4.0,444450.0,32.81,16.12,32.37,,0.7406,"14,6",285.2 mm,₺2.23,"780,928",  10.4  ,99%
Antalya,Mediterranean,Large City,2021,1,Winter,9.99,58.44,2619832,1129.37,7854.23,Low,8.0,843985.0,17.66,17.02,49.75,18:00,1.4949,"9,0",77.1 mm,₺1.69,"294,228",  10.8  ,99%
Konya,Central Anatolia,Large City,2020,3,Spring,13.6,82.89,2320259,2964.11,13505.09,Medium,5.0,804058.0,22.23,10.85,59.31,08:00,1.0713,"31,4",204.5 mm,₺0.53,"238,631",  8.7  ,63%
Erzurum,Eastern Anatolia,Medium City,2020,8,Summer,23.72,56.1,762321,158.07,10831.07,Low,2.0,217876.0,21.3,5.4,65.66,10:00,0.4047,"16,5",279.7 mm,₺2.04,"107,713",  11.3  ,42%
Afyonkarahisar,Aegean,Small City,2017,10,Autumn,20.89,57.01,734000,158.76,9236.45,Low,3.0,217524.0,24.18,8.68,57.91,18:00,0.2753,"68,9",192.0 mm,₺2.16,"6,150",  3.6  ,97%
Denizli,Aegean,Medium City,2018,6,Summer,33.6,44.62,1062840,298.14,9972.61,Medium,4.0,387690.0,14.29,5.46,31.22,20:00,0.6022,"21,0",275.2 mm,₺1.36,"622,922",  5.4  ,65%
Ankara,Central Anatolia,Megacity,2018,12,Winter,-2.41,59.95,5639076,1688.46,17327.23,High,16.0,2014377.0,,12.73,,,5.0463,"18,3",97.6 mm,₺0.67,"273,421",  3.4  ,70%
Izmir,Aegean,Megacity,2019,5,Spring,21.51,51.69,4394694,2344.89,17693.13,High,13.0,1293735.0,36.41,17.85,19.32,09:00,2.6534,"59,9",239.7 mm,₺0.9,"630,266",  7.4  ,86%
Kayseri,Central Anatolia,Large City,2017,8,Summer,28.33,71.56,1441523,312.11,13642.78,Medium,5.0,482584.0,38.25,,15.41,18:00,0.7799,"27,5",71.7 mm,₺1.1,"810,674",  10.3  ,79%
Denizli,Aegean,Medium City,2015,10,Autumn,22.82,82.04,1062840,790.06,14801.47,Medium,2.0,335743.0,26.72,5.87,19.63,08:00,0.491,"30,2",20.3 mm,₺0.73,"550,226",  2.7  ,84%
Gaziantep,Southeastern Anatolia,Large City,2021,1,Winter,4.06,70.01,2101263,445.86,16967.66,High,8.0,,15.74,13.5,46.46,20:00,1.8436,"46,4",71.0 mm,₺0.69,"406,935",,
Antalya,Mediterranean,Large City,2017,12,Winter,11.33,44.72,2619832,920.8,9075.41,Low,7.0,783430.0,18.38,5.13,71.16,21:00,1.4307,"12,1",162.5 mm,₺2.33,"725,025",  8.5  ,95%
Sivas,Central Anatolia,Medium City,2017,9,Autumn,14.41,73.92,634149,157.4,10166.11,Low,2.0,184841.0,12.09,9.41,71.2,20:00,0.2728,"50,2",219.8 mm,₺1.82,"843,882",  10.4  ,88%
Manisa,Aegean,Medium City,2020,10,Autumn,20.47,59.17,1452881,409.89,12193.34,Medium,4.0,435771.0,16.28,14.59,63.78,21:00,0.7301,"73,8",150.8 mm,₺2.06,"123,931",  9.5  ,64%
Diyarbakir,Southeastern Anatolia,Large City,2022,11,Autumn,19.94,64.86,1801268,483.86,11634.74,Low,6.0,643086.0,33.68,8.53,11.27,20:00,0.8108,"17,3",129.6 mm,₺1.39,"602,525",  8.9  ,69%
Izmir,Aegean,Megacity,2020,10,Autumn,19.94,47.39,4394694,3094.49,17561.11,High,13.0,1549675.0,44.92,11.46,55.07,10:00,2.317,"75,8",215.9 mm,₺2.27,"873,199",  10.9  ,43%
Antalya,Mediterranean,Large City,2021,5,Spring,25.79,77.42,2619832,1189.95,9159.71,Low,8.0,990195.0,13.84,5.42,73.73,09:00,1.0748,"18,9",53.2 mm,₺1.52,"375,878",  7.6  ,97%
Bursa,Marmara,Large City,2022,1,Winter,-0.04,72.27,3056120,681.3,16449.47,High,10.0,942516.0,9.71,11.07,11.69,20:00,2.5854,"48,3",219.2 mm,₺1.37,,  10.5  ,33%
Ankara,Central Anatolia,Megacity,2017,2,Winter,0.48,72.02,5639076,1460.51,17431.42,High,15.0,1609704.0,34.42,18.55,39.64,21:00,4.285,"53,2",269.2 mm,₺1.91,"314,493",  10.0  ,53%
Denizli,Aegean,Medium City,2015,12,Winter,7.26,,1062840,224.61,14022.54,Medium,4.0,357385.0,,6.9,59.74,18:00,0.6896,"71,1",133.7 mm,₺2.34,"376,472",  10.1  ,62%
Trabzon,Black Sea,Medium City,2018,7,Summer,27.93,53.39,811874,306.32,11729.91,Low,2.0,284908.0,43.14,5.8,44.59,18:00,0.4554,"33,5",48.8 mm,₺0.71,"189,673",  11.2  ,78%
Bursa,Marmara,Large City,2023,7,Summer,30.4,82.61,3056120,1137.06,15336.75,High,9.0,1138041.0,5.48,,65.17,18:00,2.3409,"78,0",17.0 mm,₺2.19,"220,015",  9.8  ,67%
Sivas,Central Anatolia,Medium City,2018,6,Summer,29.46,67.19,634149,266.03,10175.62,Low,3.0,,24.13,14.57,13.8,20:00,0.3176,"43,6",240.6 mm,₺1.38,"114,829",  11.9  ,67%
Hatay,Mediterranean,Large City,2017,10,Autumn,23.59,52.48,1609856,858.17,9810.24,Low,6.0,500094.0,8.96,,59.78,20:00,0.5521,"78,9",244.4 mm,₺1.66,"666,323",  5.9  ,95%
Erzurum,Eastern Anatolia,Medium City,2019,5,Spring,7.97,47.24,762321,156.15,7349.66,Low,3.0,272302.0,44.29,17.93,27.8,20:00,0.3114,"67,1",261.0 mm,₺0.56,"605,258",  2.3  ,40%
Gaziantep,Southeastern Anatolia,Large City,2016,10,Autumn,19.21,77.45,2101263,957.24,16826.86,High,6.0,705991.0,8.36,9.9,17.53,20:00,1.1616,"39,6",145.9 mm,₺1.53,"805,224",  6.1  ,62%
Mugla,Aegean,Medium City,2022,4,Spring,24.09,69.67,1012321,778.91,10209.45,Low,2.0,313248.0,33.72,12.99,21.53,18:00,0.3838,"56,6",142.5 mm,₺1.95,"490,803",  3.0  ,92%
Mardin,Southeastern Anatolia,Small City,2016,1,Winter,4.68,67.72,833645,680.96,8777.67,Low,4.0,315162.0,,15.34,72.77,21:00,0.4777,"10,5",150.0 mm,,"801,986",  6.4  ,84%
Sakarya,Marmara,Medium City,2022,9,Autumn,14.09,43.96,1003000,529.59,14375.4,Medium,2.0,377911.0,25.44,18.71,,20:00,0.5305,"59,8",225.6 mm,₺1.71,"732,092",  9.4  ,61%
Kocaeli,Marmara,Large City,2022,9,Autumn,16.68,65.63,2031963,588.22,18185.74,High,7.0,754784.0,14.69,18.36,37.23,21:00,1.2954,"17,5",250.9 mm,,"648,567",  9.5  ,53%
Ankara,Central Anatolia,Megacity,2018,9,Autumn,13.77,61.96,5639076,2896.07,,High,16.0,1870124.0,19.68,13.18,16.16,21:00,3.5306,"63,1",259.4 mm,₺0.75,"569,550",  10.2  ,34%
Izmir,Aegean,Megacity,2022,10,Autumn,18.18,69.81,4394694,2411.66,16928.47,High,13.0,1485949.0,17.1,14.52,61.03,19:00,2.7112,,177.5 mm,₺0.87,"705,457",  6.9  ,76%
Mugla,Aegean,Medium City,2018,7,Summer,37.54,41.22,1012321,225.28,7844.22,Low,4.0,317795.0,25.22,13.93,47.01,18:00,0.5097,"15,1",269.2 mm,₺1.09,"520,683",  6.6  ,78%
Ankara,Central Anatolia,Megacity,2022,1,Winter,-1.82,44.49,5639076,7044.51,17718.24,High,,,34.55,13.22,46.22,21:00,6.4695,"11,7",107.9 mm,₺1.48,"846,083",  4.0  ,49%
Afyonkarahisar,Aegean,Small City,2023,11,Autumn,16.25,45.69,734000,873.46,10450.91,Low,2.0,235931.0,41.11,17.76,17.31,19:00,0.3719,"46,6",92.7 mm,₺0.9,"502,489",  9.3  ,35%
Hatay,Mediterranean,Large City,2018,6,Summer,35.35,69.19,1609856,973.41,8346.15,Low,5.0,558007.0,5.97,9.6,67.91,20:00,0.8636,"41,1",47.0 mm,₺1.77,"509,030",  3.4  ,67%
Kayseri,Central Anatolia,Large City,2022,4,Spring,13.7,79.23,1441523,588.03,12274.17,Medium,4.0,510915.0,18.16,12.05,66.67,21:00,0.7387,"50,2",185.3 mm,₺1.14,"29,894",  9.4  ,70%
Kocaeli,Marmara,Large City,2015,11,Autumn,15.17,73.15,2031963,830.47,16730.39,High,,633377.0,25.82,,16.0,19:00,1.0726,"66,2",161.5 mm,₺1.57,"230,813",  3.9  ,
Sivas,Central Anatolia,Medium City,2022,11,Autumn,10.49,68.74,634149,194.1,10129.06,Low,1.0,198758.0,29.71,16.8,67.28,10:00,0.2919,"63,4",150.9 mm,₺2.21,"540,079",  7.6  ,55%
Denizli,Aegean,Medium City,2015,8,Summer,33.8,72.93,1062840,331.13,10737.82,Medium,2.0,,18.9,15.69,68.77,18:00,0.6035,"48,5",153.4 mm,₺2.44,"29,108",  10.7  ,72%
Diyarbakir,Southeastern Anatolia,Large City,2020,9,Autumn,20.42,46.0,1801268,460.47,7670.92,Low,5.0,551042.0,19.6,11.13,55.41,09:00,0.6402,"18,0",92.4 mm,₺1.97,"450,888",  12.0  ,71%
Erzurum,Eastern Anatolia,Medium City,2016,7,Summer,24.21,68.45,762321,275.79,10061.45,Low,1.0,243388.0,40.05,6.54,45.97,10:00,0.3891,"18,7",61.2 mm,,"47,366",  9.0  ,90%
Kahramanmaras,Mediterranean,Medium City,2022,12,Winter,8.76,63.09,1178234,282.02,8851.36,Low,4.0,356335.0,38.29,17.08,24.7,10:00,0.6903,"25,4",29.1 mm,₺0.7,"179,769",  5.9  ,83%
Balıkesir,Marmara,Medium City,2016,9,Autumn,17.79,64.76,1264958,282.42,8887.28,Low,3.0,430289.0,30.33,19.27,63.25,18:00,0.4628,"43,7",21.8 mm,₺1.55,"846,672",  5.6  ,91%
Van,Eastern Anatolia,Medium City,2022,10,Autumn,8.62,69.72,1126384,273.54,7461.6,Low,3.0,389358.0,16.85,13.54,40.05,10:00,0.4799,"42,3",140.2 mm,₺1.18,"780,480",  9.2  ,73%
Kahramanmaras,Mediterranean,Medium City,2023,4,Spring,25.85,45.25,1178234,779.89,8294.19,Low,3.0,366152.0,11.2,13.04,41.8,20:00,0.4364,,220.9 mm,₺1.22,"825,075",,70%
Gaziantep,Southeastern Anatolia,Large City,2021,11,Autumn,20.81,45.06,2101263,522.58,15980.45,High,8.0,647315.0,41.9,6.09,32.75,20:00,1.3463,"18,0",241.7 mm,₺0.54,,  11.6  ,38%
Kahramanmaras,Mediterranean,Medium City,2021,10,Autumn,24.74,43.59,1178234,305.42,6550.68,Low,2.0,370655.0,20.76,17.76,12.29,19:00,0.4829,"61,7",254.1 mm,₺2.29,"54,706",  2.1  ,32%
Mardin,Southeastern Anatolia,Small City,2022,5,Spring,25.19,43.13,833645,284.86,8442.81,Low,4.0,294775.0,16.63,8.5,10.51,18:00,0.2935,"73,7",87.6 mm,₺2.17,"536,395",  8.8  ,38%
Sakarya,Marmara,Medium City,2016,3,Spring,,56.56,1003000,1305.1,13309.6,Medium,,289852.0,26.9,5.93,63.91,09:00,0.4583,"41,3",137.4 mm,₺2.23,"807,566",  9.0  ,91%
Manisa,Aegean,Medium City,2023,2,Winter,6.39,71.44,1452881,1230.65,10615.98,Medium,4.0,524967.0,5.6,16.83,24.38,19:00,1.0404,"49,4",98.0 mm,₺1.63,"363,927",  10.7  ,35%
Mardin,Southeastern Anatolia,Small City,2021,9,Autumn,18.67,67.15,833645,213.04,10256.56,Low,2.0,262312.0,31.2,11.69,64.34,18:00,0.3355,"64,6",69.8 mm,₺0.64,"501,138",  7.4  ,72%
Konya,Central Anatolia,Large City,2023,12,Winter,1.71,84.09,2320259,496.97,11632.59,Medium,5.0,872657.0,34.49,9.17,74.22,21:00,1.6742,"68,2",61.0 mm,₺1.52,"445,769",  10.1  ,89%
Konya,Central Anatolia,Large City,2020,3,Spring,10.96,,2320259,769.47,12775.31,Medium,5.0,714345.0,7.61,13.77,40.33,10:00,1.1199,"22,5",235.8 mm,₺1.53,"289,982",  6.5  ,57%
Mardin,Southeastern Anatolia,Small City,2019,10,Autumn,20.54,82.2,833645,566.88,9321.42,Low,2.0,250710.0,9.29,15.46,70.2,18:00,0.3186,"25,0",123.3 mm,₺1.25,,  2.8  ,32%
Hatay,Mediterranean,Large City,2020,11,Autumn,21.57,81.45,1609856,3051.4,7638.81,Low,6.0,596955.0,41.84,10.16,,,0.6743,"27,5",201.9 mm,₺2.01,"47,698",  7.6  ,
Afyonkarahisar,Aegean,Small City,2020,7,Summer,30.59,82.93,734000,157.22,7751.39,Low,2.0,237083.0,36.17,9.84,41.17,10:00,0.4378,"34,4",160.3 mm,₺1.79,"848,560",  2.2  ,51%
Canakkale,Marmara,Small City,2021,4,Spring,16.49,41.34,542000,115.68,5414.83,Low,1.0,203188.0,20.81,,39.27,10:00,0.204,"55,2",106.7 mm,₺1.27,"331,274",  9.8  ,76%
Erzurum,Eastern Anatolia,Medium City,2023,12,Winter,-1.73,74.14,762321,181.32,8673.07,Low,3.0,244014.0,41.15,17.69,59.6,20:00,0.4351,"55,0",61.8 mm,₺1.07,"370,835",  5.9  ,76%
Erzurum,Eastern Anatolia,Medium City,2022,8,Summer,20.19,74.59,762321,1084.1,7522.51,Low,2.0,277039.0,,5.79,17.67,09:00,0.4414,"44,6",99.0 mm,₺1.63,"689,748",  8.1  ,96%
Konya,Central Anatolia,Large City,2019,12,Winter,-3.79,84.92,2320259,3447.99,12424.93,Medium,5.0,746834.0,25.46,14.44,37.2,21:00,1.8654,"31,0",82.9 mm,₺0.63,"541,328",  10.4  ,89%
Hatay,Mediterranean,Large City,2016,11,Autumn,24.62,80.83,1609856,1589.63,6870.92,Low,4.0,539780.0,35.21,17.06,41.76,18:00,0.6352,"48,5",212.9 mm,₺1.45,"882,691",  7.2  ,76%
Gaziantep,Southeastern Anatolia,Large City,2020,5,Spring,24.59,76.44,2101263,441.17,19194.2,High,8.0,749343.0,26.67,6.97,70.61,09:00,1.1532,"24,3",234.4 mm,₺2.04,"627,007",  11.5  ,85%
Istanbul,Marmara,Megacity,2016,12,Winter,4.51,55.19,15840900,4124.11,19161.87,High,41.0,5912184.0,18.86,13.5,27.66,18:00,13.1373,"56,3",105.7 mm,₺0.72,"37,078",  11.6  ,67%
Gaziantep,Southeastern Anatolia,Large City,2020,12,Winter,6.44,66.6,2101263,1351.51,18988.57,High,6.0,728256.0,16.56,,27.71,10:00,1.7394,,167.1 mm,,"531,246",  2.5  ,40%
Balıkesir,Marmara,Medium City,2018,11,Autumn,15.99,,1264958,712.65,8472.86,Low,3.0,401816.0,39.22,16.08,68.73,10:00,0.572,,261.3 mm,₺0.93,"51,561",  10.7  ,94%
Van,Eastern Anatolia,Medium City,2016,7,Summer,23.22,48.47,1126384,464.79,11129.88,Low,3.0,382258.0,,18.37,62.38,21:00,0.5668,"62,7",,₺1.59,"185,819",  5.0  ,58%
Kayseri,Central Anatolia,Large City,2019,12,Winter,-2.93,56.06,1441523,1342.99,10754.76,Medium,3.0,508269.0,6.38,16.97,,,1.0291,"26,7",33.9 mm,₺1.77,"240,239",  6.1  ,40%
Kocaeli,Marmara,Large City,2015,2,Winter,-0.07,57.72,2031963,490.22,19346.59,High,6.0,678003.0,7.13,12.95,50.87,09:00,1.572,"72,8",208.3 mm,₺2.03,"369,670",  5.5  ,83%
Kocaeli,Marmara,Large City,2023,5,Spring,18.24,,2031963,703.1,14850.64,High,6.0,578205.0,41.46,10.52,29.51,18:00,1.113,"75,1",288.8 mm,₺1.67,"499,804",  9.4  ,54%
Ankara,Central Anatolia,Megacity,2016,11,Autumn,11.56,82.46,5639076,2407.8,16279.56,High,,1733573.0,30.54,10.96,73.96,20:00,3.2153,"76,2",153.8 mm,₺2.11,"225,356",  3.5  ,41%
Bursa,Marmara,Large City,2019,4,Spring,20.23,,3056120,5554.61,16772.0,High,8.0,942853.0,,5.56,22.7,09:00,1.8934,"62,3",187.8 mm,₺1.28,"353,834",  9.5  ,94%
Diyarbakir,Southeastern Anatolia,Large City,2016,7,Summer,37.04,72.66,1801268,3594.37,9363.42,Low,5.0,651264.0,30.59,13.01,50.78,09:00,0.9761,"25,5",245.8 mm,₺2.01,"314,904",  11.7  ,53%
Samsun,Black Sea,Large City,2018,8,Summer,26.56,69.75,1361505,409.11,11246.05,Low,5.0,451692.0,5.83,9.04,27.48,21:00,0.6925,"6,4",60.0 mm,,"75,458",  8.1  ,85%
Eskisehir,Central Anatolia,Medium City,2021,11,Autumn,14.27,72.28,882456,205.13,12544.62,Medium,3.0,287689.0,34.7,17.72,48.64,10:00,0.4116,"13,2",114.4 mm,₺1.56,"227,707",  11.5  ,80%
Bursa,Marmara,Large City,2018,11,Autumn,18.09,68.19,3056120,2413.72,19522.75,High,8.0,1048767.0,27.57,10.86,71.58,18:00,1.6368,"69,1",34.6 mm,₺0.61,"738,180",  6.0  ,45%
Bursa,Marmara,Large City,2023,2,Winter,1.4,40.7,3056120,1188.48,17681.18,High,8.0,,32.27,19.9,50.56,10:00,2.9466,"11,4",249.7 mm,₺0.7,"724,059",  7.0  ,93%
Diyarbakir,Southeastern Anatolia,Large City,2023,12,Winter,5.75,81.67,1801268,604.65,9090.2,Low,4.0,617588.0,10.48,13.48,65.75,19:00,1.2157,"77,4",297.9 mm,₺2.06,"67,030",  6.8  ,
Istanbul,Marmara,Megacity,2016,8,Summer,32.15,62.97,15840900,6491.22,16108.71,High,42.0,5966545.0,32.58,8.77,63.45,18:00,13.1437,,81.3 mm,₺1.9,"107,157",  3.8  ,93%
Sakarya,Marmara,Medium City,2019,4,Spring,17.25,67.66,1003000,209.41,12859.32,Medium,2.0,304505.0,31.54,6.96,44.81,21:00,0.4571,"56,3",11.0 mm,₺1.02,"347,172",,83%
Kahramanmaras,Mediterranean,Medium City,2019,6,Summer,38.48,50.34,1178234,366.33,8017.58,Low,3.0,341123.0,28.34,9.35,69.04,21:00,0.6467,"58,8",44.0 mm,₺1.64,"312,139",  9.2  ,34%
Tekirdag,Marmara,Medium City,2023,7,Summer,30.45,74.77,1085000,264.53,11348.83,Medium,2.0,360117.0,19.2,,14.39,19:00,0.7122,"44,8",272.6 mm,₺1.53,,  7.9  ,44%
Gaziantep,Southeastern Anatolia,Large City,2021,5,Spring,23.05,42.53,2101263,3808.59,15120.49,High,7.0,647407.0,6.13,8.15,56.34,21:00,1.3458,"46,6",284.5 mm,₺2.19,"528,708",  9.7  ,46%
Mugla,Aegean,Medium City,2017,3,Spring,19.43,,1012321,211.7,8129.47,Low,3.0,339815.0,38.89,12.11,74.69,,0.3985,"44,3",247.3 mm,₺1.71,"642,885",  5.4  ,67%
Erzurum,Eastern Anatolia,Medium City,2021,1,Winter,-7.96,82.71,762321,424.81,7440.61,Low,2.0,286266.0,18.17,5.13,19.03,10:00,0.46,"73,9",115.6 mm,₺1.38,,  6.7  ,35%
Kocaeli,Marmara,Large City,2016,1,Winter,-0.31,55.67,2031963,488.55,15205.7,High,7.0,645910.0,15.74,11.47,51.17,20:00,1.607,"7,0",112.6 mm,₺0.55,"463,844",  5.1  ,61%
Kahramanmaras,Mediterranean,Medium City,2015,12,Winter,7.42,65.83,1178234,287.21,8540.4,Low,2.0,373153.0,28.79,15.04,67.25,19:00,0.6438,"76,9",234.3 mm,₺1.81,"443,765",  4.7  ,35%
Ankara,Central Anatolia,Megacity,2017,7,Summer,28.59,54.11,5639076,2149.85,19226.1,High,16.0,1890539.0,15.29,12.63,31.39,10:00,4.6426,"67,3",157.2 mm,₺1.18,"504,118",,51%
Kahramanmaras,Mediterranean,Medium City,2017,5,Spring,25.65,52.82,1178234,299.53,9435.13,Low,3.0,387695.0,16.64,16.92,12.59,18:00,0.4427,"11,0",179.3 mm,₺0.63,"280,927",  7.6  ,32%
Sivas,Central Anatolia,Medium City,2015,5,Spring,14.55,83.12,634149,145.94,8058.81,Low,3.0,,40.1,15.72,27.73,20:00,0.2711,"51,6",42.4 mm,₺1.66,"483,038",  7.0  ,58%
Hatay,Mediterranean,Large City,2023,10,Autumn,21.8,,1609856,547.74,9056.44,Low,5.0,583195.0,42.29,14.99,10.86,10:00,0.6941,"45,9",211.0 mm,₺1.14,"774,307",  11.6  ,39%
Malatya,Eastern Anatolia,Medium City,2015,6,Summer,22.02,77.36,781118,228.62,11467.66,Low,3.0,240281.0,8.13,13.34,,20:00,0.4132,"33,2",285.5 mm,₺1.84,"590,861",  4.5  ,75%
Istanbul,Marmara,Megacity,2022,2,Winter,1.3,83.73,15840900,3783.03,17855.64,High,42.0,4479683.0,31.42,10.47,73.31,10:00,16.9453,"76,0",138.0 mm,₺0.71,"225,955",  5.3  ,98%
Istanbul,Marmara,Megacity,2021,3,Spring,18.08,,15840900,4183.09,18635.92,High,40.0,4969013.0,43.78,6.15,34.8,19:00,9.1626,"38,2",98.5 mm,₺0.96,"369,537",  6.1  ,89%
Kahramanmaras,Mediterranean,Medium City,2019,9,Autumn,25.21,56.17,1178234,329.41,8806.84,Low,3.0,347338.0,24.66,5.28,34.58,19:00,0.429,"16,2",171.4 mm,₺0.62,"832,511",  2.7  ,
Mardin,Southeastern Anatolia,Small City,2021,9,Autumn,25.03,71.71,833645,206.97,7715.87,Low,3.0,288564.0,34.18,14.03,68.42,18:00,0.358,"53,3",157.3 mm,₺2.23,"273,183",  9.5  ,84%
Istanbul,Marmara,Megacity,2023,12,Winter,2.54,44.59,15840900,7117.08,18156.97,High,42.0,4989770.0,43.81,10.17,45.3,19:00,15.8696,"53,7",198.0 mm,₺1.17,"332,207",  6.0  ,72%
Gaziantep,Southeastern Anatolia,Large City,2020,9,Autumn,19.27,66.93,2101263,619.06,18463.77,High,6.0,598622.0,28.51,17.39,48.8,08:00,1.4927,"14,1",112.9 mm,₺1.86,"87,704",  10.8  ,95%
Kahramanmaras,Mediterranean,Medium City,2020,2,Winter,5.4,78.06,1178234,752.55,6770.58,Low,3.0,366907.0,,16.39,39.87,08:00,0.7485,"6,7",31.7 mm,₺2.4,"678,515",,84%
Tekirdag,Marmara,Medium City,2016,10,Autumn,15.09,71.78,1085000,284.73,12104.91,Medium,3.0,363760.0,32.43,15.21,46.63,08:00,0.4708,"26,6",281.4 mm,₺1.32,"336,886",,72%
Eskisehir,Central Anatolia,Medium City,2018,1,Winter,-0.48,55.98,882456,236.43,13040.02,Medium,2.0,261354.0,44.09,16.36,41.0,08:00,0.6339,"64,7",196.1 mm,,"560,392",  7.7  ,78%
Mersin,Mediterranean,Large City,2019,9,Autumn,27.84,46.5,1936586,901.46,13409.52,Medium,6.0,689619.0,28.43,5.13,56.35,19:00,0.7954,"76,1",74.1 mm,₺2.15,"493,094",  7.2  ,67%
Mardin,Southeastern Anatolia,Small City,2015,8,Summer,36.37,47.47,833645,174.77,11265.89,Low,3.0,254774.0,,10.35,26.55,09:00,0.1272,"68,9",,₺1.0,"199,956",  11.4  ,69%
Sivas,Central Anatolia,Medium City,2021,11,Autumn,8.96,71.72,634149,335.57,8464.46,Low,,211852.0,33.25,13.01,37.92,20:00,0.2475,"17,1",193.8 mm,₺1.88,"299,965",  5.4  ,81%
Manisa,Aegean,Medium City,2023,3,Spring,21.96,60.98,1452881,2592.12,13960.26,Medium,5.0,540323.0,9.14,8.8,53.55,09:00,0.7651,"64,5",100.4 mm,₺1.75,"232,807",  6.6  ,68%
Afyonkarahisar,Aegean,Small City,2018,5,Spring,22.28,75.03,734000,1344.43,10087.18,Low,1.0,214931.0,6.67,7.33,21.16,21:00,0.2843,"48,4",191.2 mm,₺0.67,"896,034",  8.9  ,98%
Balıkesir,Marmara,Medium City,2020,1,Winter,0.87,,1264958,282.21,7926.36,Low,4.0,401270.0,28.88,13.92,31.65,19:00,0.7433,"25,0",267.3 mm,₺1.8,"326,131",  11.0  ,
Konya,Central Anatolia,Large City,2018,4,Spring,15.09,70.76,2320259,1294.28,14733.87,Medium,5.0,788763.0,22.96,6.42,28.27,21:00,1.0434,"75,9",24.3 mm,₺2.16,"502,834",  8.4  ,71%
Antalya,Mediterranean,Large City,2017,8,Summer,38.71,84.87,2619832,2143.13,6891.48,Low,7.0,848525.0,12.8,12.68,27.6,21:00,1.1949,"17,3",104.7 mm,₺1.64,"164,311",  6.3  ,33%
Izmir,Aegean,Megacity,2020,7,Summer,36.55,59.45,4394694,1600.92,19167.28,High,12.0,1250021.0,27.46,10.5,33.99,19:00,3.4647,"40,5",69.4 mm,₺0.87,"475,908",  11.8  ,52%
Ankara,Central Anatolia,Megacity,2015,4,Spring,13.31,79.78,5639076,1653.45,15893.33,High,16.0,1840474.0,36.66,,21.75,09:00,3.2668,"25,8",78.6 mm,₺2.16,"516,636",  4.0  ,55%
Manisa,Aegean,Medium City,2017,8,Summer,36.37,84.21,1452881,387.12,13260.95,Medium,5.0,548472.0,41.7,,41.9,08:00,0.9724,"24,5",281.2 mm,,"162,401",  9.9  ,84%
Erzurum,Eastern Anatolia,Medium City,2019,11,Autumn,5.59,53.74,762321,472.6,7734.88,Low,2.0,262957.0,,7.63,59.26,08:00,0.3137,"72,8",120.4 mm,₺1.06,"54,223",  6.2  ,94%
Tekirdag,Marmara,Medium City,2015,11,Autumn,14.86,64.35,1085000,280.64,13027.86,Medium,2.0,395648.0,15.6,12.43,42.84,20:00,0.4784,"69,7",117.0 mm,₺0.67,"133,904",  4.8  ,50%
Denizli,Aegean,Medium City,2021,3,Spring,23.62,46.44,1062840,1697.6,11562.85,Medium,4.0,392879.0,25.22,9.75,12.08,20:00,0.5676,"46,4",101.2 mm,₺2.3,"414,813",  8.0  ,31%
Afyonkarahisar,Aegean,Small City,2017,10,Autumn,20.75,,734000,156.24,9118.34,Low,1.0,258042.0,24.82,10.03,44.98,20:00,0.3058,"16,3",57.0 mm,₺1.58,,  6.6  ,95%
Erzurum,Eastern Anatolia,Medium City,2018,8,Summer,22.33,,762321,493.53,9181.77,Low,3.0,260172.0,44.57,14.16,59.04,10:00,0.4204,"27,5",51.2 mm,₺2.1,"178,141",  10.2  ,37%
Sakarya,Marmara,Medium City,2015,1,Winter,4.46,46.62,1003000,215.83,10468.44,Medium,3.0,327874.0,7.78,12.27,27.01,10:00,0.7048,"10,8",254.1 mm,₺1.29,"59,532",  3.9  ,59%
Antalya,Mediterranean,Large City,2018,8,Summer,38.46,57.05,2619832,738.6,5826.12,Low,8.0,840868.0,,6.08,30.23,19:00,1.2076,"65,7",204.7 mm,₺0.62,"418,409",  4.7  ,68%
Afyonkarahisar,Aegean,Small City,2017,4,Spring,24.11,70.33,734000,1376.88,11526.52,Low,2.0,235667.0,21.77,15.52,42.8,08:00,0.2968,"12,1",264.3 mm,₺0.86,"813,430",  2.1  ,66%
Balıkesir,Marmara,Medium City,2023,4,Spring,16.0,59.57,1264958,459.66,9948.76,Low,4.0,392993.0,,6.2,12.34,09:00,0.556,"74,8",129.3 mm,₺1.97,"172,643",  5.5  ,90%
Mugla,Aegean,Medium City,2019,8,Summer,32.94,71.98,1012321,1445.71,7758.31,Low,2.0,335649.0,16.96,5.11,,09:00,0.5934,"38,7",15.0 mm,₺1.53,"860,681",  5.4  ,47%
Mardin,Southeastern Anatolia,Small City,2019,8,Summer,37.14,79.91,833645,173.36,7608.46,Low,2.0,267289.0,16.94,12.71,12.91,10:00,0.4697,"49,8",249.5 mm,₺2.47,,  4.8  ,58%
Malatya,Eastern Anatolia,Medium City,2023,5,Spring,8.1,60.6,781118,329.35,8869.54,Low,2.0,295933.0,44.16,16.9,68.0,21:00,0.3103,"10,6",122.4 mm,₺1.96,"473,234",  10.5  ,34%
Izmir,Aegean,Megacity,2017,4,Spring,20.72,42.97,4394694,1565.08,18974.9,High,11.0,1420247.0,17.72,16.94,39.44,10:00,2.2698,"70,3",154.4 mm,,"86,197",  8.2  ,44%
Diyarbakir,Southeastern Anatolia,Large City,2016,11,Autumn,23.38,58.84,1801268,459.16,11317.86,Low,5.0,509898.0,14.33,16.01,50.14,10:00,0.7408,"38,9",62.3 mm,₺1.27,"352,630",  8.2  ,81%
Trabzon,Black Sea,Medium City,2020,10,Autumn,12.77,48.47,811874,221.75,8893.81,Low,4.0,280754.0,25.62,9.09,33.67,10:00,0.8067,"44,5",77.9 mm,₺2.11,"332,409",  9.7  ,91%
Balıkesir,Marmara,Medium City,2019,11,Autumn,15.31,50.41,1264958,268.89,10527.24,Low,5.0,382073.0,34.26,19.37,67.6,21:00,0.5285,"35,4",,₺1.66,"112,432",  4.0  ,50%
Konya,Central Anatolia,Large City,2016,9,Autumn,9.83,75.89,2320259,572.98,13154.22,Medium,7.0,847868.0,15.75,19.77,70.46,09:00,0.9562,"66,9",25.5 mm,₺2.14,"113,069",  4.2  ,44%
Kayseri,Central Anatolia,Large City,2020,1,Winter,-1.72,61.04,1441523,820.93,11568.51,Medium,5.0,503834.0,43.66,10.12,62.67,08:00,1.0843,"66,0",198.0 mm,,"301,376",  3.4  ,95%
Antalya,Mediterranean,Large City,2017,9,Autumn,21.15,41.3,2619832,553.01,9023.77,Low,6.0,916492.0,16.19,13.06,50.99,21:00,1.0577,"77,6",89.3 mm,₺1.28,"731,865",  6.0  ,75%
Izmir,Aegean,Megacity,2019,12,Winter,2.5,40.55,4394694,1189.01,19231.38,High,13.0,1666289.0,37.44,17.88,29.11,19:00,3.5641,"11,9",,₺0.75,"34,580",  7.2  ,
Tekirdag,Marmara,Medium City,2017,8,Summer,29.61,46.42,1085000,475.79,12946.87,Medium,4.0,378404.0,20.95,7.05,74.54,10:00,0.6485,"58,0",233.0 mm,₺1.47,"696,348",  10.7  ,72%
Malatya,Eastern Anatolia,Medium City,2015,3,Spring,7.77,59.32,781118,437.8,10858.56,Low,1.0,286320.0,27.28,14.17,63.24,19:00,0.2814,,136.3 mm,₺0.78,"716,651",  7.1  ,63%
Gaziantep,Southeastern Anatolia,Large City,2016,5,Spring,19.16,44.28,2101263,894.09,21117.62,High,7.0,764554.0,13.3,18.59,40.62,21:00,1.1909,"48,6",155.2 mm,₺2.42,"367,551",  3.1  ,89%
Manisa,Aegean,Medium City,2018,6,Summer,36.36,78.79,1452881,545.22,15034.95,Medium,5.0,459792.0,30.78,14.75,46.44,19:00,0.7235,"9,4",81.9 mm,₺1.1,,  9.1  ,66%
Eskisehir,Central Anatolia,Medium City,2015,8,Summer,25.21,82.0,882456,227.52,13495.57,Medium,3.0,324008.0,44.37,18.58,29.64,08:00,0.4996,"14,4",205.5 mm,₺0.52,"781,029",  2.0  ,41%
Trabzon,Black Sea,Medium City,2016,8,Summer,29.04,57.88,811874,810.11,8933.09,Low,3.0,302631.0,22.29,19.88,30.0,19:00,0.383,"52,2",250.2 mm,₺0.86,"401,034",  6.5  ,32%
Gaziantep,Southeastern Anatolia,Large City,2017,6,Summer,34.59,68.9,2101263,444.62,16845.52,High,,656085.0,26.18,10.93,49.68,20:00,1.5675,"56,2",145.3 mm,₺2.44,"90,827",  4.7  ,44%
Kayseri,Central Anatolia,Large City,2016,12,Winter,-6.46,79.57,1441523,791.5,9677.15,Medium,5.0,425490.0,15.64,13.86,26.0,18:00,0.9891,"74,0",215.9 mm,₺0.58,,  7.8  ,60%
Erzurum,Eastern Anatolia,Medium City,2021,5,Spring,8.71,,762321,1225.86,11686.9,Low,1.0,267914.0,11.97,13.2,38.9,19:00,0.311,"27,5",94.7 mm,₺2.15,"537,116",  8.1  ,38%
Mersin,Mediterranean,Large City,2021,7,Summer,35.47,76.97,1936586,1448.94,,Medium,4.0,640653.0,39.0,19.94,32.44,18:00,1.3018,"59,0",168.7 mm,₺1.78,"17,660",  11.1  ,94%
Manisa,Aegean,Medium City,2022,11,Autumn,21.45,74.88,1452881,756.56,17202.12,Medium,3.0,444983.0,8.61,9.27,22.1,10:00,0.8012,"54,8",293.3 mm,₺1.4,"549,550",  2.7  ,55%
Trabzon,Black Sea,Medium City,2022,10,Autumn,13.19,64.34,811874,222.56,5179.9,Low,3.0,283577.0,11.87,,46.13,,0.322,"28,7",18.6 mm,₺0.51,"631,696",  11.6  ,67%
Izmir,Aegean,Megacity,2023,7,Summer,36.22,65.09,4394694,5627.63,20375.48,High,12.0,1592553.0,22.79,19.17,51.48,10:00,3.9503,"48,7",272.4 mm,₺2.29,,  2.6  ,52%
Istanbul,Marmara,Megacity,2022,2,Winter,1.03,74.24,15840900,5741.07,19240.49,High,41.0,5769208.0,32.14,16.34,40.57,10:00,15.5611,"34,0",230.6 mm,₺1.65,"298,596",  4.6  ,34%
Antalya,Mediterranean,Large City,2015,3,Spring,25.35,,2619832,1142.84,11241.11,Low,7.0,984272.0,22.54,5.99,61.55,08:00,1.0456,"22,7",55.1 mm,₺0.98,"815,061",  6.4  ,78%
Trabzon,Black Sea,Medium City,2015,4,Spring,14.85,74.05,811874,208.64,9431.19,Low,4.0,290599.0,29.9,12.14,25.29,18:00,0.2819,"72,3",155.8 mm,₺1.77,"458,950",  2.1  ,87%
Sivas,Central Anatolia,Medium City,2023,9,Autumn,13.77,70.96,634149,158.22,10733.99,Low,2.0,218619.0,42.24,17.62,32.2,19:00,0.3104,,178.2 mm,₺1.97,"484,197",  10.8  ,52%
Istanbul,Marmara,Megacity,2021,7,Summer,28.66,70.51,15840900,7385.77,17742.74,High,41.0,5858306.0,8.46,7.15,58.95,08:00,12.609,"78,2",134.5 mm,₺0.82,"605,978",  5.0  ,62%
Malatya,Eastern Anatolia,Medium City,2020,8,Summer,22.14,55.55,781118,430.09,7706.75,Low,1.0,221197.0,,8.88,64.73,21:00,0.4269,"60,2",149.6 mm,₺1.9,"897,330",  2.6  ,
Kayseri,Central Anatolia,Large City,2016,4,Spring,,64.62,1441523,2165.91,10942.22,Medium,4.0,484091.0,23.66,8.0,27.23,10:00,0.666,"66,2",27.6 mm,₺1.16,"481,805",  10.4  ,82%
Izmir,Aegean,Megacity,2019,9,Autumn,15.58,67.68,4394694,1579.44,17910.5,High,13.0,1615936.0,28.95,19.51,28.25,10:00,2.6088,"53,0",280.0 mm,₺0.84,"461,635",  6.1  ,45%
Mersin,Mediterranean,Large City,2016,10,Autumn,20.69,42.28,1936586,2873.29,14110.73,Medium,6.0,673836.0,38.29,11.89,52.37,18:00,0.8112,"67,0",229.3 mm,₺2.47,"503,902",  10.7  ,75%
Canakkale,Marmara,Small City,2020,9,Autumn,17.02,84.51,542000,116.63,9047.96,Low,2.0,,28.4,6.29,45.56,10:00,0.2264,"47,0",84.0 mm,₺2.4,"725,942",  7.3  ,
Adana,Mediterranean,Large City,2019,11,Autumn,23.94,41.32,2237940,956.73,22522.07,High,8.0,669891.0,19.38,6.22,71.8,19:00,1.4467,"10,7",156.3 mm,₺1.33,"667,533",  11.3  ,
Denizli,Aegean,Medium City,2016,6,Summer,,69.77,1062840,517.32,14552.24,Medium,4.0,351466.0,22.15,8.38,,21:00,0.542,"65,9",218.3 mm,₺2.37,"735,375",  2.2  ,89%
Kahramanmaras,Mediterranean,Medium City,2016,11,Autumn,20.67,67.49,1178234,310.57,10109.62,Low,3.0,360026.0,35.8,13.35,29.63,09:00,0.4474,,204.4 mm,₺1.77,"718,234",  11.9  ,80%
Malatya,Eastern Anatolia,Medium City,2022,2,Winter,-7.39,59.89,781118,163.86,11459.01,Low,,270947.0,16.82,16.37,57.33,21:00,0.4894,"56,9",51.0 mm,₺2.43,"744,077",  10.6  ,91%
Tekirdag,Marmara,Medium City,2015,3,Spring,19.1,53.77,1085000,605.75,12176.83,Medium,4.0,376364.0,24.56,7.46,54.47,19:00,0.4254,"60,5",33.0 mm,₺1.49,"287,480",  6.6  ,61%
Kayseri,Central Anatolia,Large City,2016,3,Spring,18.09,41.48,1441523,723.7,,Medium,3.0,478667.0,24.73,11.75,45.41,19:00,0.5887,"31,1",287.5 mm,₺1.02,"31,256",  11.5  ,69%
Kocaeli,Marmara,Large City,2021,1,Winter,1.55,72.83,2031963,752.94,21267.84,High,6.0,752065.0,40.59,11.61,58.79,21:00,1.8721,"34,3",23.6 mm,₺1.65,"878,424",  3.2  ,39%
Antalya,Mediterranean,Large City,2021,12,Winter,6.08,66.9,2619832,969.84,11616.74,Low,6.0,771681.0,27.67,9.07,49.4,18:00,1.5767,"37,5",241.5 mm,₺0.69,"530,816",  2.4  ,90%
Canakkale,Marmara,Small City,2020,8,Summer,32.26,59.0,542000,213.38,10662.8,Low,1.0,172014.0,20.11,11.2,44.87,21:00,0.3221,"33,7",210.7 mm,₺1.51,"447,391",  2.4  ,49%
Denizli,Aegean,Medium City,2016,6,Summer,35.71,43.79,1062840,276.24,12063.01,Medium,3.0,372884.0,12.62,12.64,65.81,08:00,0.6656,"57,9",210.1 mm,₺1.05,"565,090",  3.4  ,62%
Manisa,Aegean,Medium City,2019,3,Spring,23.95,41.09,1452881,486.33,10325.12,Medium,3.0,545276.0,40.34,,31.5,20:00,0.6647,"55,2",159.4 mm,₺0.62,"338,880",  9.4  ,36%
Kocaeli,Marmara,Large City,2018,11,Autumn,17.68,45.82,2031963,555.76,17181.68,High,7.0,634305.0,36.5,8.0,13.99,19:00,1.1376,"77,0",185.9 mm,₺1.85,"471,343",  7.5  ,55%
Erzurum,Eastern Anatolia,Medium City,2018,7,Summer,21.17,60.27,762321,733.54,9121.92,Low,1.0,249651.0,17.03,,34.86,10:00,0.432,"30,3",104.2 mm,₺0.82,"865,026",  4.2  ,44%
Samsun,Black Sea,Large City,2015,6,Summer,27.78,61.45,1361505,475.37,7103.12,Low,5.0,508106.0,44.11,6.62,69.38,20:00,0.6838,"44,3",103.7 mm,₺1.18,"870,466",  11.7  ,64%
Erzurum,Eastern Anatolia,Medium City,2019,12,Winter,,60.21,762321,430.22,8841.71,Low,3.0,255403.0,27.88,15.82,61.1,21:00,0.4351,"21,7",119.0 mm,₺2.33,"506,292",  11.9  ,60%
Bursa,Marmara,Large City,2022,2,Winter,-0.46,77.99,3056120,878.84,19413.61,High,9.0,1138301.0,7.38,9.1,33.03,18:00,3.2135,"75,9",65.0 mm,₺2.12,"359,760",,51%
Hatay,Mediterranean,Large City,2022,4,Spring,24.72,55.39,1609856,787.99,9640.48,Low,6.0,497292.0,39.6,13.05,32.84,21:00,0.6261,"63,2",210.4 mm,₺0.73,"106,940",  8.7  ,53%
Sivas,Central Anatolia,Medium City,2015,6,Summer,27.51,53.99,634149,129.34,8052.88,Low,2.0,210388.0,36.34,14.9,20.88,09:00,0.2959,"42,9",282.5 mm,₺1.39,"750,005",,94%
Erzurum,Eastern Anatolia,Medium City,2018,8,Summer,20.66,60.94,762321,346.6,8918.99,Low,1.0,263201.0,36.06,18.66,40.88,19:00,0.4402,"12,6",253.9 mm,₺2.4,"525,669",  3.8  ,81%
Gaziantep,Southeastern Anatolia,Large City,2017,10,Autumn,21.98,79.4,2101263,456.48,17119.55,High,8.0,753320.0,42.05,,27.79,20:00,1.2063,"10,6",234.1 mm,₺1.19,"370,159",  11.2  ,52%
Afyonkarahisar,Aegean,Small City,2021,6,Summer,35.17,50.52,734000,315.8,10225.81,Low,,222986.0,5.3,10.94,70.91,,0.3649,"12,2",180.3 mm,₺2.13,,  6.9  ,93%
Mugla,Aegean,Medium City,2016,3,Spring,19.05,83.79,1012321,253.45,10533.77,Low,3.0,,22.2,19.77,48.98,18:00,0.3478,"24,4",274.6 mm,₺1.31,"108,951",  5.4  ,76%
Mersin,Mediterranean,Large City,2023,2,Winter,4.95,79.17,1936586,1587.87,14067.94,Medium,6.0,677432.0,36.31,11.83,35.22,18:00,3.3571,"50,0",252.2 mm,₺1.21,"71,253",  5.6  ,31%
Adana,Mediterranean,Large City,2018,12,Winter,8.53,68.38,2237940,788.43,,High,6.0,783064.0,44.01,13.21,11.31,18:00,1.8794,"68,0",41.4 mm,₺1.06,,  5.3  ,57%
Canakkale,Marmara,Small City,2017,12,Winter,3.56,56.31,542000,213.73,9314.85,Low,2.0,204603.0,33.87,8.51,53.21,,0.3073,"44,4",117.3 mm,,"222,082",  8.3  ,30%
Adana,Mediterranean,Large City,2018,2,Winter,5.96,47.51,2237940,943.89,15933.57,High,8.0,764547.0,13.78,19.4,46.2,19:00,1.8347,"19,0",70.8 mm,₺1.77,"656,782",,81%
Tekirdag,Marmara,Medium City,2023,7,Summer,31.06,41.82,1085000,434.89,13348.67,Medium,2.0,315741.0,21.29,15.89,49.64,21:00,0.7223,"36,2",174.0 mm,₺1.76,"221,797",  8.9  ,42%
Eskisehir,Central Anatolia,Medium City,2020,1,Winter,-1.06,66.72,882456,1728.76,11675.55,Medium,4.0,328980.0,24.74,18.67,20.75,21:00,0.5452,"59,9",113.3 mm,,"209,676",  7.4  ,54%
Ankara,Central Anatolia,Megacity,2015,1,Winter,-0.34,75.68,5639076,1547.36,18043.82,High,17.0,1760405.0,31.5,9.18,31.81,20:00,4.6899,"65,3",249.2 mm,₺1.97,"391,131",,32%
Hatay,Mediterranean,Large City,2020,12,Winter,6.4,75.97,1609856,655.96,8229.36,Low,5.0,458147.0,34.79,5.72,62.71,08:00,1.0402,"16,4",,₺1.02,"303,281",  12.0  ,62%
Mardin,Southeastern Anatolia,Small City,2015,9,Autumn,20.2,64.1,833645,566.23,6510.37,Low,2.0,306167.0,34.7,6.15,63.83,10:00,0.331,"29,3",134.5 mm,,"576,943",  3.4  ,39%
Canakkale,Marmara,Small City,2017,5,Spring,17.9,83.27,542000,300.24,5769.99,Low,2.0,,10.27,17.98,30.14,20:00,0.2207,"52,4",120.1 mm,₺2.39,"877,175",  11.3  ,92%
Konya,Central Anatolia,Large City,2017,8,Summer,27.42,46.43,2320259,507.15,14268.7,Medium,6.0,750383.0,39.75,14.93,63.26,21:00,1.4579,"42,8",225.4 mm,₺2.5,,  7.8  ,72%
Balıkesir,Marmara,Medium City,2017,12,Winter,1.73,70.46,1264958,690.58,8529.71,Low,3.0,406622.0,,11.93,10.86,20:00,0.5785,"15,9",,₺1.02,"105,295",  8.4  ,57%
Mersin,Mediterranean,Large City,2023,1,Winter,9.18,58.3,1936586,798.6,11577.81,Medium,5.0,602008.0,32.4,9.91,14.63,20:00,1.4504,"23,3",229.4 mm,₺2.28,"826,985",  7.4  ,97%
Bursa,Marmara,Large City,2022,8,Summer,28.04,78.85,3056120,799.63,17126.32,High,8.0,977032.0,22.88,19.13,38.22,08:00,2.677,"11,1",29.0 mm,₺1.92,"90,111",  5.2  ,79%
Canakkale,Marmara,Small City,2015,2,Winter,1.9,51.56,542000,172.62,8281.07,Low,3.0,176665.0,29.6,12.22,33.56,08:00,0.2582,"60,5",73.2 mm,₺1.35,"534,056",  11.3  ,48%
Hatay,Mediterranean,Large City,2019,3,Spring,22.0,40.42,1609856,435.51,8968.53,Low,6.0,472568.0,24.09,10.91,47.68,10:00,0.577,"25,5",219.3 mm,₺1.0,"828,391",,52%
Manisa,Aegean,Medium City,2015,6,Summer,31.62,62.33,1452881,369.67,15241.78,Medium,4.0,431947.0,13.8,7.5,22.52,10:00,1.0603,"48,1",175.0 mm,₺1.31,"578,566",  5.6  ,97%
Ankara,Central Anatolia,Megacity,2018,5,Spring,16.03,43.21,5639076,6644.75,17534.68,High,17.0,2124457.0,37.99,15.5,62.72,09:00,3.3054,"48,8",192.7 mm,₺2.41,"205,617",  3.7  ,69%
Denizli,Aegean,Medium City,2023,1,Winter,4.47,49.97,1062840,231.42,14784.88,Medium,2.0,330870.0,23.27,17.39,34.97,09:00,0.8291,"67,2",199.7 mm,,"621,911",  2.8  ,79%
Sivas,Central Anatolia,Medium City,2021,7,Summer,25.27,43.33,634149,135.48,9591.31,Low,2.0,224236.0,13.59,,46.19,08:00,0.3362,"47,1",178.1 mm,₺1.08,"680,487",  11.1  ,58%
Diyarbakir,Southeastern Anatolia,Large City,2016,2,Winter,9.43,76.24,1801268,1587.2,9661.45,Low,5.0,677753.0,29.13,17.1,71.39,21:00,0.8577,"60,3",77.7 mm,₺2.46,"246,932",,35%
Mersin,Mediterranean,Large City,2017,7,Summer,37.49,70.78,1936586,570.1,11941.8,Medium,5.0,611370.0,31.6,8.15,60.87,21:00,1.3225,"14,5",289.1 mm,₺1.26,"538,872",  6.7  ,77%
Eskisehir,Central Anatolia,Medium City,2023,5,Spring,11.68,80.22,882456,278.79,12418.87,Medium,3.0,303504.0,28.5,,28.92,,0.4425,"60,8",244.3 mm,₺1.52,,  8.6  ,67%
Adana,Mediterranean,Large City,2023,9,Autumn,18.43,54.49,2237940,555.58,,High,8.0,722121.0,5.92,11.47,22.06,18:00,1.4332,,95.8 mm,₺0.81,"159,500",  4.2  ,36%
Konya,Central Anatolia,Large City,2019,11,Autumn,14.3,57.61,2320259,793.39,13093.08,Medium,6.0,764432.0,12.1,12.16,41.85,18:00,1.0747,"51,0",225.8 mm,₺2.26,"792,169",  5.2  ,42%
Ankara,Central Anatolia,Megacity,2020,2,Winter,-1.65,56.36,5639076,3316.1,16730.97,High,15.0,1662448.0,32.85,15.68,74.85,19:00,4.6938,,163.4 mm,₺1.79,"860,518",  4.6  ,34%
Kahramanmaras,Mediterranean,Medium City,2021,1,Winter,12.11,51.28,1178234,367.64,12131.62,Low,2.0,443223.0,40.8,10.89,37.03,18:00,0.6883,"15,7",286.9 mm,₺2.24,"649,653",  8.4  ,50%
Balıkesir,Marmara,Medium City,2017,7,Summer,25.59,48.63,1264958,367.39,8858.23,Low,5.0,388349.0,30.63,11.21,23.44,21:00,0.5924,"70,2",80.9 mm,₺1.64,"687,929",  9.4  ,48%
Afyonkarahisar,Aegean,Small City,2023,6,Summer,35.43,74.23,734000,208.15,9765.88,Low,3.0,272397.0,29.27,12.09,58.08,08:00,0.3602,"6,5",54.6 mm,₺1.95,"252,884",  2.3  ,41%
Afyonkarahisar,Aegean,Small City,2022,2,Winter,3.45,51.64,734000,805.74,11307.1,Low,1.0,265024.0,41.38,5.09,71.64,09:00,0.4403,"7,2",,₺1.53,"685,034",  5.9  ,52%
Izmir,Aegean,Megacity,2023,9,Autumn,17.11,62.32,4394694,1072.74,18418.09,High,13.0,1547491.0,33.99,6.89,36.89,18:00,3.2402,"38,9",210.1 mm,₺0.54,"763,231",  2.2  ,41%
Diyarbakir,Southeastern Anatolia,Large City,2015,2,Winter,8.68,43.45,1801268,1769.14,9687.25,Low,5.0,568251.0,44.91,11.78,36.05,18:00,0.8964,"22,5",148.4 mm,₺0.78,"863,697",  7.7  ,91%
Adana,Mediterranean,Large City,2015,3,Spring,24.64,75.8,2237940,1022.97,17856.89,High,7.0,792898.0,11.58,9.26,41.04,10:00,1.095,"52,4",155.9 mm,₺0.77,"233,846",  7.3  ,70%
Balıkesir,Marmara,Medium City,2016,4,Spring,17.9,73.77,1264958,264.53,6363.99,Low,4.0,363598.0,28.94,8.03,11.36,08:00,0.4653,"24,2",122.6 mm,₺2.43,"898,863",  4.7  ,50%
Bursa,Marmara,Large City,2018,3,Spring,16.92,70.24,3056120,1433.24,18491.81,High,9.0,991187.0,14.57,13.85,39.04,08:00,1.2235,"18,9",259.6 mm,₺0.58,,  9.4  ,80%
Kahramanmaras,Mediterranean,Medium City,2020,5,Spring,25.17,70.68,1178234,365.19,8674.0,Low,2.0,404090.0,40.73,6.83,23.88,18:00,0.4357,"73,9",222.1 mm,₺1.86,"327,240",  10.1  ,63%
Afyonkarahisar,Aegean,Small City,2016,11,Autumn,16.08,50.39,734000,302.53,,Low,2.0,212970.0,18.52,19.52,42.35,09:00,0.3105,"68,0",125.7 mm,₺2.04,"590,813",  11.4  ,76%
Eskisehir,Central Anatolia,Medium City,2016,10,Autumn,14.69,44.34,882456,287.19,14355.68,Medium,2.0,266419.0,35.05,9.23,70.2,08:00,0.3666,"31,8",129.9 mm,₺1.64,"105,950",  9.9  ,75%
Kocaeli,Marmara,Large City,2022,5,Spring,15.46,79.83,2031963,958.81,,High,8.0,,35.96,9.23,68.89,20:00,1.3297,,216.8 mm,₺2.33,"750,356",  7.7  ,33%
Erzurum,Eastern Anatolia,Medium City,2017,12,Winter,-5.74,52.67,762321,582.64,9635.12,Low,2.0,242650.0,29.96,18.91,19.87,08:00,0.4386,"24,0",59.8 mm,₺1.7,"543,668",  10.6  ,64%
Diyarbakir,Southeastern Anatolia,Large City,2017,3,Spring,22.82,66.48,1801268,591.1,8943.64,Low,4.0,515502.0,27.65,5.09,44.8,09:00,0.6442,"42,6",53.2 mm,₺2.13,"148,855",  11.7  ,67%
Mardin,Southeastern Anatolia,Small City,2018,12,Winter,,,833645,201.39,9784.95,Low,2.0,242311.0,37.93,17.84,46.25,20:00,0.4502,,128.7 mm,₺1.2,"413,837",  6.9  ,57%
Kayseri,Central Anatolia,Large City,2020,10,Autumn,14.69,76.46,1441523,458.9,12933.68,Medium,4.0,514286.0,43.25,18.21,40.38,18:00,0.7574,"23,8",89.1 mm,₺1.43,,  7.4  ,50%
Denizli,Aegean,Medium City,2020,4,Spring,22.53,,1062840,235.55,10824.98,Medium,3.0,385093.0,27.42,9.84,61.02,19:00,0.4259,"8,6",98.7 mm,₺1.93,"766,625",  2.4  ,47%
Istanbul,Marmara,Megacity,2015,5,Spring,19.39,60.3,15840900,16764.27,19570.82,High,42.0,4683685.0,21.93,19.74,45.15,08:00,8.7595,"60,9",,₺1.68,"235,833",  9.4  ,97%
Kocaeli,Marmara,Large City,2015,10,Autumn,11.6,81.34,2031963,628.08,15289.11,High,6.0,614403.0,33.26,11.26,57.03,21:00,1.377,"45,1",68.1 mm,₺0.88,"492,174",  11.3  ,63%
Mugla,Aegean,Medium City,2022,6,Summer,35.17,63.53,1012321,1243.37,9455.9,Low,2.0,363542.0,10.0,16.78,29.56,19:00,0.4994,"57,3",82.2 mm,₺1.84,"596,869",  10.5  ,72%
Kayseri,Central Anatolia,Large City,2016,11,Autumn,12.66,80.81,1441523,713.2,12386.5,Medium,3.0,517176.0,18.28,18.26,50.68,18:00,0.5884,"8,2",177.7 mm,₺0.6,"334,211",  10.0  ,87%
Erzurum,Eastern Anatolia,Medium City,2015,11,Autumn,7.3,79.42,762321,634.39,10893.87,Low,3.0,243678.0,42.44,19.84,74.41,08:00,0.2883,"7,9",162.0 mm,₺1.44,"7,098",  9.2  ,
Manisa,Aegean,Medium City,2023,10,Autumn,19.85,46.33,1452881,295.91,8838.67,Medium,5.0,507313.0,44.66,7.45,53.83,09:00,0.8142,"6,2",47.0 mm,₺1.77,"665,029",  10.9  ,86%
Kahramanmaras,Mediterranean,Medium City,2021,8,Summer,36.93,58.03,1178234,647.05,11126.45,Low,3.0,379474.0,11.09,17.94,57.61,18:00,0.7156,"39,9",146.6 mm,₺1.86,"477,994",  9.8  ,41%
Hatay,Mediterranean,Large City,2018,6,Summer,36.84,76.82,1609856,439.83,10280.57,Low,,591496.0,18.81,12.61,42.08,18:00,0.8049,"42,3",114.4 mm,,"329,829",  8.6  ,40%
Istanbul,Marmara,Megacity,2019,7,Summer,,48.56,15840900,4429.13,19944.0,High,42.0,5292922.0,33.51,19.78,27.64,20:00,13.3181,"69,1",115.6 mm,₺2.36,"896,936",  2.1  ,73%
Istanbul,Marmara,Megacity,2017,9,Autumn,15.4,51.81,15840900,3172.29,18701.42,High,41.0,4528265.0,,17.86,24.01,18:00,10.706,,238.9 mm,₺0.94,"278,249",  5.3  ,91%
Izmir,Aegean,Megacity,2021,9,Autumn,,40.85,4394694,5814.37,19970.84,High,13.0,1600464.0,24.38,18.51,52.32,19:00,2.8208,"20,8",159.5 mm,₺2.18,"274,939",  4.1  ,84%
Mugla,Aegean,Medium City,2015,11,Autumn,21.94,69.97,1012321,258.01,7314.15,Low,3.0,295556.0,40.49,,56.36,20:00,0.4307,"63,2",51.5 mm,₺0.73,"614,542",  9.2  ,67%
Mersin,Mediterranean,Large City,2023,4,Spring,25.1,74.78,1936586,2794.07,11052.39,Medium,6.0,571107.0,32.4,15.07,32.5,19:00,0.9399,"76,9",,,"61,991",  4.7  ,53%
Erzurum,Eastern Anatolia,Medium City,2016,2,Winter,-7.72,61.8,762321,538.5,,Low,3.0,274705.0,8.03,10.82,68.62,18:00,0.4484,"9,3",88.3 mm,₺2.07,"55,495",  4.2  ,62%
Bursa,Marmara,Large City,2016,6,Summer,28.81,,3056120,657.47,17450.36,High,9.0,1013328.0,29.74,17.57,34.5,,2.4433,"42,6",125.1 mm,₺1.96,"570,416",  5.0  ,42%
Bursa,Marmara,Large City,2023,11,Autumn,15.1,50.11,3056120,1769.69,20048.76,High,8.0,915238.0,29.49,5.25,62.68,10:00,2.1411,"53,5",210.7 mm,₺1.93,"762,016",  8.9  ,78%
Mersin,Mediterranean,Large City,2023,12,Winter,8.86,50.53,1936586,1088.41,15113.08,Medium,6.0,641099.0,14.64,19.53,28.33,21:00,1.4006,"58,1",62.3 mm,₺2.24,"225,816",  9.1  ,41%
Kahramanmaras,Mediterranean,Medium City,2015,7,Summer,38.11,58.07,1178234,879.95,10750.65,Low,2.0,350704.0,25.51,8.46,24.33,10:00,0.6655,"26,7",108.8 mm,₺0.88,"620,806",  8.3  ,36%
Sakarya,Marmara,Medium City,2015,2,Winter,1.78,70.15,1003000,1046.68,10348.61,Medium,,317601.0,20.15,15.72,24.8,18:00,0.6837,"8,9",185.2 mm,₺1.36,"812,732",  10.0  ,89%
Balıkesir,Marmara,Medium City,2023,4,Spring,20.01,75.21,1264958,271.13,8621.43,Low,3.0,436475.0,16.55,6.64,59.74,20:00,0.5663,"61,5",109.6 mm,₺2.45,"353,736",  8.8  ,91%
Diyarbakir,Southeastern Anatolia,Large City,2018,2,Winter,8.88,45.28,1801268,915.9,6860.81,Low,4.0,533324.0,27.34,8.38,52.35,09:00,1.081,"55,1",23.2 mm,₺2.1,"131,114",  8.2  ,60%
Istanbul,Marmara,Megacity,2018,4,Spring,19.15,50.9,15840900,25878.61,17056.78,High,41.0,5544283.0,25.26,16.71,73.1,09:00,9.2178,"60,8",184.2 mm,₺2.5,"235,727",  9.6  ,78%
Ankara,Central Anatolia,Megacity,2017,6,Summer,,65.75,5639076,1298.04,19670.95,High,15.0,1980739.0,44.27,10.78,33.37,18:00,4.3501,"21,9",16.4 mm,₺2.23,"149,420",  2.2  ,51%
Eskisehir,Central Anatolia,Medium City,2015,1,Winter,-4.08,53.0,882456,225.97,14811.05,Medium,4.0,277858.0,22.28,13.92,31.24,08:00,0.6,"27,8",57.3 mm,,"727,876",  11.8  ,43%
Antalya,Mediterranean,Large City,2017,5,Spring,25.61,63.13,2619832,703.06,10994.09,Low,8.0,752021.0,17.21,9.97,28.43,,0.9595,"17,7",162.2 mm,₺0.56,"52,280",  4.3  ,86%
Malatya,Eastern Anatolia,Medium City,2021,8,Summer,23.09,69.19,781118,1216.3,6688.72,Low,2.0,275796.0,25.04,18.69,50.44,08:00,0.3904,"44,5",93.2 mm,₺2.12,"97,091",  5.0  ,40%
Denizli,Aegean,Medium City,2016,5,Spring,23.57,61.3,1062840,1563.75,11732.25,Medium,2.0,351383.0,7.43,6.62,44.26,20:00,0.4675,"10,4",224.2 mm,₺1.47,,  11.5  ,71%
Ankara,Central Anatolia,Megacity,2018,5,Spring,,43.05,5639076,1300.57,18735.63,High,17.0,1611603.0,33.34,12.1,14.86,10:00,3.0719,"55,0",215.9 mm,₺1.23,"447,079",  11.1  ,38%
Mersin,Mediterranean,Large City,2022,7,Summer,37.73,42.91,1936586,935.13,17776.46,Medium,5.0,633570.0,24.59,6.66,25.85,08:00,1.274,"20,7",168.0 mm,₺2.43,"102,049",  3.0  ,72%
Balıkesir,Marmara,Medium City,2018,12,Winter,1.98,62.66,1264958,301.72,9509.26,Low,5.0,402690.0,35.24,9.0,27.44,18:00,0.6342,"78,4",240.1 mm,₺0.99,"419,424",  8.0  ,75%
Afyonkarahisar,Aegean,Small City,2023,3,Spring,,,734000,257.63,7784.19,Low,2.0,,16.07,19.16,45.58,08:00,0.3217,"27,5",235.1 mm,₺0.88,"797,809",  8.3  ,82%
Sakarya,Marmara,Medium City,2019,2,Winter,5.24,42.38,1003000,265.03,13640.14,Medium,4.0,,6.37,19.8,70.83,10:00,0.6444,"65,2",227.9 mm,₺1.51,"555,975",  5.2  ,74%
Mugla,Aegean,Medium City,2016,10,Autumn,20.26,54.65,1012321,441.2,6474.33,Low,2.0,341729.0,36.65,12.88,46.44,20:00,0.3608,"5,3",18.8 mm,₺0.92,"721,517",  10.3  ,69%
Adana,Mediterranean,Large City,2017,4,Spring,24.56,41.09,2237940,509.99,21208.35,High,,700293.0,,15.29,36.69,21:00,1.2563,"76,8",,₺2.18,"873,843",  6.4  ,39%
Ankara,Central Anatolia,Megacity,2021,3,Spring,19.2,50.3,5639076,2796.36,18278.6,High,15.0,1690139.0,5.24,15.69,18.42,21:00,3.3146,"8,5",193.0 mm,₺1.22,"175,839",  9.1  ,51%
Istanbul,Marmara,Megacity,2017,11,Autumn,11.79,71.05,15840900,9782.78,16020.57,High,40.0,4595882.0,18.84,17.54,53.93,10:00,10.5543,"71,9",290.8 mm,₺0.85,"637,863",  9.0  ,89%
Antalya,Mediterranean,Large City,2016,5,Spring,23.95,57.28,2619832,1985.77,11042.04,Low,8.0,,28.09,12.77,63.18,18:00,0.893,"39,6",95.9 mm,₺1.4,"413,503",  7.1  ,42%
Adana,Mediterranean,Large City,2019,9,Autumn,22.25,68.23,2237940,3432.71,17902.53,High,8.0,668405.0,43.23,11.39,43.37,21:00,1.3602,"65,3",228.9 mm,₺2.31,"655,242",  2.8  ,31%
Diyarbakir,Southeastern Anatolia,Large City,2016,12,Winter,5.09,73.78,1801268,385.15,8383.52,Low,5.0,659618.0,25.14,17.71,50.05,08:00,1.0717,"74,7",119.9 mm,₺1.41,"93,842",  9.7  ,66%
Mersin,Mediterranean,Large City,2017,9,Autumn,22.44,41.24,1936586,1441.92,13796.54,Medium,5.0,551989.0,28.19,13.1,14.09,19:00,0.9293,"61,9",101.5 mm,₺2.32,"809,647",,98%
Kahramanmaras,Mediterranean,Medium City,2020,11,Autumn,20.47,52.43,1178234,712.55,8597.92,Low,4.0,426313.0,21.89,8.8,74.08,18:00,0.5405,"41,5",102.0 mm,₺1.76,"246,763",  6.3  ,76%
Mugla,Aegean,Medium City,2020,7,Summer,,48.14,1012321,245.46,7557.36,Low,3.0,,15.72,10.9,24.81,19:00,0.5761,"38,8",135.8 mm,₺1.45,"230,041",  3.0  ,50%
Konya,Central Anatolia,Large City,2017,8,Summer,30.93,55.13,2320259,619.26,11808.91,Medium,5.0,746652.0,5.95,,71.29,10:00,1.5292,,247.2 mm,₺2.44,"712,637",  2.3  ,86%
Bursa,Marmara,Large City,2020,6,Summer,28.6,42.17,3056120,1621.75,16743.39,High,,909765.0,28.0,6.95,18.59,20:00,2.7707,,99.4 mm,₺0.69,"309,902",  11.1  ,31%
Van,Eastern Anatolia,Medium City,2019,9,Autumn,5.58,49.61,1126384,668.28,8685.71,Low,2.0,337266.0,,14.83,33.15,18:00,0.4404,"68,6",198.6 mm,₺0.66,"740,479",  4.7  ,48%
Trabzon,Black Sea,Medium City,2015,6,Summer,29.01,78.72,811874,916.36,7715.37,Low,4.0,232384.0,42.61,15.79,34.62,20:00,0.4167,"78,0",101.5 mm,₺0.7,"409,380",  5.3  ,35%
Trabzon,Black Sea,Medium City,2017,5,Spring,16.25,61.56,811874,196.96,8667.21,Low,2.0,,39.33,9.38,59.01,21:00,0.3142,"46,2",40.5 mm,,"510,002",  11.7  ,
Balıkesir,Marmara,Medium City,2022,1,Winter,-0.81,47.73,1264958,2008.62,10213.9,Low,3.0,440098.0,36.76,19.84,74.02,10:00,0.732,"12,0",163.4 mm,₺0.83,"134,855",  10.0  ,48%
Sivas,Central Anatolia,Medium City,2015,1,Winter,-1.5,51.87,634149,534.7,7757.69,Low,2.0,212205.0,8.71,14.9,37.96,20:00,0.3511,"56,1",90.0 mm,₺1.78,"89,407",  7.8  ,33%
Bursa,Marmara,Large City,2016,8,Summer,31.71,75.38,3056120,654.6,16030.2,High,8.0,1101798.0,44.93,12.24,62.32,21:00,2.2962,"37,8",283.8 mm,₺0.77,"60,662",  10.0  ,94%
Canakkale,Marmara,Small City,2018,1,Winter,-0.63,48.38,542000,254.6,11145.05,Low,1.0,188649.0,29.42,13.62,32.08,,0.3152,"13,5",76.6 mm,₺1.66,"679,874",  3.8  ,
Tekirdag,Marmara,Medium City,2019,9,Autumn,16.24,44.41,1085000,781.75,13576.29,Medium,2.0,396289.0,38.2,5.74,45.65,18:00,0.4851,"71,7",159.2 mm,₺2.23,"445,835",  11.0  ,36%
Istanbul,Marmara,Megacity,2016,8,Summer,33.04,49.72,15840900,3366.23,17510.05,High,42.0,5726062.0,38.85,,24.41,09:00,11.1719,"30,2",243.6 mm,₺1.93,"178,201",  2.2  ,83%
Manisa,Aegean,Medium City,2017,6,Summer,38.54,72.88,1452881,1346.93,13193.58,Medium,3.0,546393.0,43.06,13.44,68.01,21:00,0.9288,"55,0",266.2 mm,₺1.05,"695,436",  8.7  ,77%
Trabzon,Black Sea,Medium City,2020,4,Spring,16.83,51.38,811874,215.14,,Low,3.0,301941.0,5.03,10.49,47.56,20:00,0.3851,"13,3",76.1 mm,₺2.37,"44,247",  11.2  ,58%
Izmir,Aegean,Megacity,2023,6,Summer,,69.61,4394694,1003.99,19792.78,High,11.0,1526667.0,19.92,15.71,,20:00,3.7301,"76,9",194.7 mm,₺1.98,"772,329",  8.5  ,
Sivas,Central Anatolia,Medium City,2018,10,Autumn,13.22,72.18,634149,1028.79,11062.58,Low,1.0,201301.0,43.0,15.78,63.3,,0.2615,"61,0",119.3 mm,₺1.46,"331,479",  3.1  ,92%
Konya,Central Anatolia,Large City,2015,2,Winter,-0.12,81.5,2320259,1013.14,11680.76,Medium,7.0,769286.0,33.26,15.27,,10:00,1.4553,,110.9 mm,₺0.56,"300,213",  4.3  ,50%
Kocaeli,Marmara,Large City,2017,2,Winter,-2.12,44.98,2031963,1317.73,17868.14,High,6.0,630377.0,11.22,19.89,54.22,09:00,1.7367,"22,5",21.5 mm,₺0.85,"76,566",  11.7  ,82%
Konya,Central Anatolia,Large City,2016,1,Winter,-0.77,48.18,2320259,2004.7,12104.08,Medium,7.0,730277.0,26.82,7.7,70.54,10:00,1.6092,"45,1",224.2 mm,₺0.89,"386,419",  8.3  ,
Sivas,Central Anatolia,Medium City,2022,10,Autumn,16.0,68.59,634149,267.55,6442.95,Low,1.0,202060.0,29.88,19.89,47.3,20:00,0.2654,"38,2",172.3 mm,₺1.15,"664,189",  7.3  ,69%
Istanbul,Marmara,Megacity,2021,5,Spring,14.59,70.73,15840900,7546.41,,High,42.0,5130463.0,29.96,13.1,47.54,08:00,9.8071,,118.0 mm,₺1.6,"222,348",  10.4  ,84%
Sakarya,Marmara,Medium City,2021,5,Spring,19.29,58.67,1003000,368.44,13122.98,Medium,3.0,299489.0,40.35,13.42,24.58,10:00,0.4032,"52,8",243.4 mm,₺1.3,"679,521",  8.4  ,93%
Bursa,Marmara,Large City,2022,8,Summer,,51.42,3056120,1174.82,19104.62,High,8.0,993276.0,22.32,18.76,58.38,18:00,2.4797,"79,8",146.0 mm,₺1.72,"874,765",  4.3  ,48%
Bursa,Marmara,Large City,2023,2,Winter,-2.19,45.69,3056120,914.68,20540.35,High,9.0,934742.0,5.55,6.22,11.81,18:00,3.2031,"73,9",78.1 mm,₺1.45,"371,304",  8.0  ,64%
Manisa,Aegean,Medium City,2020,5,Spring,26.78,65.08,1452881,492.75,11673.25,Medium,4.0,411914.0,,9.61,31.0,19:00,0.6617,"37,9",250.0 mm,₺2.21,"331,979",  9.3  ,80%
Erzurum,Eastern Anatolia,Medium City,2018,6,Summer,24.08,,762321,439.04,6820.84,Low,2.0,237468.0,11.42,19.64,37.88,19:00,0.383,"61,6",37.3 mm,₺0.55,"297,288",  3.2  ,91%
Antalya,Mediterranean,Large City,2023,8,Summer,38.11,40.31,2619832,565.87,9997.14,Low,8.0,851771.0,26.79,11.53,36.03,10:00,1.6362,"57,1",256.8 mm,₺2.34,"301,298",  10.2  ,50%
Adana,Mediterranean,Large City,2017,10,Autumn,20.6,47.19,2237940,551.45,17615.75,High,8.0,820944.0,22.16,6.03,59.73,21:00,1.2349,"66,5",170.3 mm,₺1.74,"161,542",  4.1  ,61%
Izmir,Aegean,Megacity,2018,7,Summer,34.68,52.72,4394694,1999.94,17062.69,High,12.0,1545911.0,44.32,14.64,73.48,10:00,3.4115,"24,1",107.0 mm,₺0.79,"541,939",  8.3  ,
Manisa,Aegean,Medium City,2015,8,Summer,34.29,54.95,1452881,402.81,13197.81,Medium,5.0,513391.0,41.9,12.45,73.12,18:00,0.8538,"18,1",206.9 mm,₺0.97,"616,883",,69%
Mersin,Mediterranean,Large City,2017,2,Winter,8.72,42.28,1936586,1348.24,11116.44,Medium,5.0,582560.0,40.6,10.33,39.66,19:00,1.4018,"55,4",270.4 mm,,"307,104",  4.7  ,42%
Afyonkarahisar,Aegean,Small City,2017,12,Winter,2.58,61.21,734000,406.13,9210.29,Low,2.0,257919.0,,13.37,11.96,10:00,0.359,"35,9",208.3 mm,₺1.86,"150,246",  11.9  ,32%
Kahramanmaras,Mediterranean,Medium City,2019,10,Autumn,24.17,74.96,1178234,911.61,11400.19,Low,4.0,392954.0,12.3,11.18,33.38,20:00,0.4521,"44,1",173.9 mm,₺2.35,"893,346",  10.2  ,56%
Mugla,Aegean,Medium City,2018,4,Spring,19.12,69.71,1012321,332.49,8791.03,Low,3.0,335440.0,44.53,13.99,21.53,10:00,0.367,"7,9",104.4 mm,₺1.48,"863,638",  4.2  ,99%
Canakkale,Marmara,Small City,2022,5,Spring,17.87,42.07,542000,288.95,8221.05,Low,1.0,205227.0,21.86,10.92,38.02,,0.2189,"5,8",,₺1.35,"343,757",  3.2  ,
Hatay,Mediterranean,Large City,2021,10,Autumn,23.11,52.02,1609856,800.05,4388.84,Low,6.0,573591.0,9.37,10.98,67.76,10:00,0.7132,"5,7",228.1 mm,₺1.69,"90,688",  4.3  ,83%
Erzurum,Eastern Anatolia,Medium City,2016,12,Winter,-9.08,75.58,762321,253.07,12673.22,Low,1.0,236268.0,11.41,,23.72,19:00,0.4084,"72,3",241.0 mm,₺1.81,"382,385",  3.0  ,
Mugla,Aegean,Medium City,2018,2,Winter,5.85,59.81,1012321,269.0,9510.18,Low,3.0,332583.0,17.79,19.83,17.96,08:00,0.5543,"44,0",,,"688,101",  6.7  ,55%
Sakarya,Marmara,Medium City,2017,1,Winter,0.16,49.58,1003000,862.03,13226.85,Medium,3.0,340198.0,13.01,9.79,14.69,19:00,0.7821,"52,8",27.1 mm,₺1.53,"297,357",  2.8  ,73%
Manisa,Aegean,Medium City,2019,2,Winter,3.82,80.0,1452881,1255.11,14934.9,Medium,4.0,,32.99,7.74,70.4,,1.0337,"58,7",276.6 mm,₺0.9,,  2.0  ,96%
Antalya,Mediterranean,Large City,2016,5,Spring,23.74,43.06,2619832,678.76,10097.93,Low,7.0,846790.0,19.35,9.02,15.95,18:00,0.9191,"74,2",70.1 mm,₺1.11,"833,866",  11.1  ,91%
Manisa,Aegean,Medium City,2020,1,Winter,6.82,47.24,1452881,556.17,11001.75,Medium,4.0,481382.0,13.15,5.47,15.49,21:00,1.0485,"55,3",12.4 mm,₺0.81,"821,890",  7.9  ,77%
Manisa,Aegean,Medium City,2018,6,Summer,31.25,64.07,1452881,304.52,14769.98,Medium,5.0,473950.0,41.5,8.99,45.69,18:00,0.8671,"47,9",83.6 mm,₺2.21,"382,775",  6.7  ,71%
Mersin,Mediterranean,Large City,2018,3,Spring,24.83,52.24,1936586,461.98,14503.62,Medium,6.0,583084.0,17.97,8.51,65.72,10:00,0.9638,"58,0",104.8 mm,₺1.84,"334,160",  4.3  ,38%
Mugla,Aegean,Medium City,2018,5,Spring,21.6,78.9,1012321,819.55,11266.31,Low,3.0,301760.0,42.96,19.12,22.03,19:00,0.3897,"55,8",225.9 mm,₺0.78,"888,304",  7.8  ,69%
Samsun,Black Sea,Large City,2016,5,Spring,20.37,41.02,1361505,314.82,6915.56,Low,3.0,447283.0,35.56,6.05,31.05,19:00,0.5283,"54,0",119.6 mm,₺1.74,"467,549",  7.6  ,39%
Ankara,Central Anatolia,Megacity,2023,7,Summer,28.61,81.85,5639076,1204.86,17739.03,High,15.0,2040138.0,20.56,7.6,23.89,19:00,5.459,,28.8 mm,₺1.99,"224,416",  3.8  ,56%
Manisa,Aegean,Medium City,2022,2,Winter,3.02,47.71,1452881,428.99,12634.15,Medium,4.0,508096.0,6.39,,22.57,20:00,1.1182,"40,8",181.9 mm,₺0.53,"656,616",  8.7  ,83%
Manisa,Aegean,Medium City,2021,7,Summer,37.88,64.7,1452881,305.51,13314.73,Medium,4.0,477227.0,8.27,11.87,20.78,18:00,1.0104,,236.2 mm,₺1.34,"107,549",  6.0  ,97%
Sivas,Central Anatolia,Medium City,2022,4,Spring,15.4,51.42,634149,143.57,7428.26,Low,2.0,231414.0,31.42,14.22,41.22,20:00,0.2732,"15,5",201.3 mm,₺0.89,"886,319",  2.6  ,46%
Samsun,Black Sea,Large City,2020,6,Summer,31.37,68.68,1361505,1320.53,8787.53,Low,4.0,514798.0,26.31,12.07,58.12,19:00,0.728,"61,4",144.5 mm,₺1.8,"394,758",  2.4  ,55%
Kayseri,Central Anatolia,Large City,2019,10,Autumn,12.71,50.99,1441523,386.29,13324.44,Medium,4.0,441464.0,20.55,6.97,47.78,21:00,0.7426,"33,2",118.4 mm,₺0.84,"260,065",  5.2  ,39%
Malatya,Eastern Anatolia,Medium City,2018,7,Summer,23.42,44.46,781118,278.76,9738.97,Low,1.0,280262.0,21.92,5.94,68.84,19:00,0.3348,"41,7",267.9 mm,₺1.62,"494,804",  9.0  ,55%
Balıkesir,Marmara,Medium City,2021,6,Summer,32.38,73.47,1264958,308.87,8760.96,Low,4.0,371420.0,12.45,9.44,41.56,09:00,0.8294,"59,8",94.7 mm,₺2.49,"125,523",  4.6  ,98%
Bursa,Marmara,Large City,2022,6,Summer,34.07,,3056120,685.5,18597.67,High,9.0,904225.0,20.84,7.0,71.7,09:00,2.4398,"56,9",19.4 mm,₺1.47,"764,438",  4.4  ,95%
Sivas,Central Anatolia,Medium City,2017,11,Autumn,12.75,,634149,377.77,10379.8,Low,2.0,181895.0,10.93,16.49,63.72,21:00,0.2787,"48,0",195.6 mm,₺2.32,"333,131",  7.9  ,32%
Diyarbakir,Southeastern Anatolia,Large City,2021,2,Winter,5.53,44.98,1801268,896.85,10975.67,Low,4.0,593375.0,23.37,10.37,63.84,09:00,1.0791,"35,9",264.4 mm,₺2.39,"319,953",  7.4  ,56%
Samsun,Black Sea,Large City,2022,2,Winter,-3.1,79.82,1361505,372.62,9326.12,Low,3.0,499001.0,43.65,19.55,49.05,19:00,0.8162,"74,1",29.1 mm,₺2.42,"546,068",  4.9  ,61%
Van,Eastern Anatolia,Medium City,2019,3,Spring,8.92,53.61,1126384,382.7,8348.19,Low,,372265.0,39.02,5.72,,20:00,0.4737,"47,5",163.5 mm,₺2.14,"706,651",  5.8  ,94%
Kahramanmaras,Mediterranean,Medium City,2022,6,Summer,39.45,74.5,1178234,378.77,8492.12,Low,4.0,403598.0,16.05,19.03,41.44,21:00,0.6365,"60,4",282.0 mm,₺1.73,"495,205",  3.0  ,
Hatay,Mediterranean,Large City,2019,5,Spring,25.56,63.38,1609856,945.06,9282.86,Low,6.0,461046.0,42.55,18.52,34.59,20:00,0.5608,"70,0",13.1 mm,₺1.16,"892,967",  7.8  ,54%
Bursa,Marmara,Large City,2022,2,Winter,0.24,49.46,3056120,5430.49,16774.8,High,9.0,862432.0,12.34,16.38,63.1,19:00,2.5459,"22,0",249.5 mm,₺1.38,,  6.9  ,46%
Gaziantep,Southeastern Anatolia,Large City,2019,1,Winter,2.3,55.57,2101263,469.4,18851.37,High,7.0,625973.0,7.23,10.42,57.45,08:00,1.6943,"44,2",229.3 mm,₺2.3,"122,269",  10.0  ,76%
Malatya,Eastern Anatolia,Medium City,2016,11,Autumn,8.74,78.64,781118,162.83,13184.7,Low,3.0,262633.0,6.96,18.3,26.39,21:00,0.2526,"62,7",135.0 mm,₺1.77,"537,877",  8.1  ,
Trabzon,Black Sea,Medium City,2023,11,Autumn,12.09,75.14,811874,325.99,11750.16,Low,2.0,248846.0,42.43,14.99,,09:00,0.37,"35,4",189.8 mm,₺2.06,"823,423",,
Manisa,Aegean,Medium City,2023,10,Autumn,19.73,60.19,1452881,537.59,11658.64,Medium,5.0,461046.0,37.85,10.46,60.65,08:00,0.8574,"78,6",264.5 mm,₺1.77,"694,983",  8.8  ,73%
Kayseri,Central Anatolia,Large City,2020,11,Autumn,,64.25,1441523,643.18,15006.14,Medium,5.0,,16.63,17.11,59.84,08:00,0.65,"58,0",172.2 mm,₺1.38,"745,890",  3.2  ,80%
Mugla,Aegean,Medium City,2018,7,Summer,33.37,53.37,1012321,251.71,,Low,4.0,362619.0,33.7,9.75,21.4,09:00,0.667,"47,6",90.8 mm,₺0.77,"156,682",  7.8  ,80%
Balıkesir,Marmara,Medium City,2022,4,Spring,17.0,48.61,1264958,275.32,,Low,5.0,399313.0,32.03,15.9,47.14,20:00,0.4214,"28,7",204.8 mm,₺0.87,"150,169",  4.6  ,97%
Bursa,Marmara,Large City,2023,12,Winter,1.35,50.09,3056120,612.34,15740.03,High,10.0,1064591.0,31.66,11.17,24.87,09:00,3.0378,"27,0",267.4 mm,₺0.61,"439,680",  5.5  ,83%
Eskisehir,Central Anatolia,Medium City,2019,5,Spring,15.97,73.12,882456,352.88,14507.76,Medium,2.0,324705.0,40.83,19.34,47.7,20:00,0.436,"53,8",161.0 mm,₺1.57,"34,638",  10.0  ,74%
Trabzon,Black Sea,Medium City,2023,6,Summer,31.02,72.52,811874,175.1,7072.17,Low,3.0,254152.0,5.29,7.72,44.98,20:00,0.5398,"51,8",224.7 mm,,"244,852",  5.8  ,83%
Kahramanmaras,Mediterranean,Medium City,2015,1,Winter,7.21,66.44,1178234,983.02,8617.53,Low,2.0,377124.0,25.98,11.61,46.38,18:00,0.7128,"56,3",160.7 mm,₺1.9,"688,954",  11.8  ,83%
Denizli,Aegean,Medium City,2015,5,Spring,,81.49,1062840,227.95,12720.97,Medium,4.0,375465.0,12.78,6.86,34.01,08:00,0.4557,"6,5",270.8 mm,₺0.73,"607,589",  7.1  ,39%
Istanbul,Marmara,Megacity,2022,7,Summer,,56.97,15840900,18305.6,20874.14,High,41.0,5819356.0,12.17,,60.28,08:00,11.6297,"25,0",265.8 mm,₺1.86,"180,245",  2.9  ,50%
Sivas,Central Anatolia,Medium City,2016,2,Winter,-1.41,40.23,634149,171.17,7928.47,Low,2.0,218905.0,26.95,15.38,24.58,19:00,0.3283,"73,9",80.7 mm,₺1.49,"827,891",  3.1  ,39%
Izmir,Aegean,Megacity,2017,2,Winter,10.39,81.14,4394694,1006.32,17032.62,High,13.0,1335629.0,,8.53,54.64,10:00,3.9816,"73,8",88.2 mm,₺1.08,"433,111",  4.3  ,66%
Istanbul,Marmara,Megacity,2016,1,Winter,0.72,79.23,15840900,5985.93,15219.46,High,41.0,5350773.0,31.69,14.68,17.39,10:00,13.4985,"51,2",224.3 mm,,"842,961",  4.7  ,94%
Sivas,Central Anatolia,Medium City,2018,6,Summer,26.68,84.1,634149,231.46,10085.83,Low,2.0,237895.0,37.1,17.44,19.82,08:00,0.2881,"59,3",240.9 mm,₺2.4,"472,715",  10.0  ,83%
Istanbul,Marmara,Megacity,2015,1,Winter,-2.17,52.35,15840900,8330.78,21620.6,High,41.0,5343589.0,9.27,19.46,19.82,09:00,14.3884,"12,1",287.0 mm,₺1.35,"496,960",  12.0  ,39%
Eskisehir,Central Anatolia,Medium City,2018,3,Spring,12.62,59.39,882456,460.57,12116.8,Medium,4.0,322078.0,18.22,17.4,25.13,20:00,0.4496,,167.8 mm,₺1.9,"718,338",  9.9  ,56%
Kahramanmaras,Mediterranean,Medium City,2020,2,Winter,9.09,49.27,1178234,247.0,8776.06,Low,2.0,386659.0,13.08,7.32,44.4,18:00,0.7091,"60,8",256.8 mm,₺1.99,"368,708",  11.7  ,89%
Samsun,Black Sea,Large City,2020,6,Summer,31.37,68.68,1361505,1320.53,8787.53,Low,4.0,514798.0,26.31,12.07,58.12,19:00,0.728,"46,5",61.8 mm,₺1.84,"172,990",  2.5  ,40%
Eskisehir,Central Anatolia,Medium City,2015,8,Summer,28.04,53.17,882456,244.01,,Medium,3.0,265282.0,24.41,12.61,,20:00,0.5339,"51,8",21.4 mm,₺1.68,"339,574",  3.3  ,81%
Mersin,Mediterranean,Large City,2023,1,Winter,7.02,62.88,1936586,561.89,15264.93,Medium,5.0,667096.0,27.86,12.87,44.95,21:00,1.3056,"56,1",83.1 mm,₺0.64,"415,966",  10.8  ,73%
Bursa,Marmara,Large City,2022,3,Spring,20.25,71.03,3056120,904.12,20117.04,High,10.0,,32.17,12.06,34.44,09:00,1.9995,"69,8",186.1 mm,₺2.02,"439,611",  8.8  ,49%
Erzurum,Eastern Anatolia,Medium City,2019,12,Winter,-7.75,83.37,762321,640.93,6642.17,Low,1.0,271169.0,7.55,16.63,34.82,20:00,0.3703,"18,8",123.6 mm,₺0.95,"779,966",  6.8  ,84%
Malatya,Eastern Anatolia,Medium City,2015,5,Spring,12.43,63.97,781118,472.72,10292.59,Low,1.0,259395.0,23.06,12.52,39.14,19:00,0.2687,"30,4",197.0 mm,₺1.14,"72,950",  7.8  ,41%
Van,Eastern Anatolia,Medium City,2021,8,Summer,20.7,65.81,1126384,1010.39,10208.19,Low,2.0,424439.0,33.92,15.34,61.93,08:00,0.6448,"36,7",64.5 mm,₺2.19,"324,683",  10.3  ,54%
Mardin,Southeastern Anatolia,Small City,2015,4,Spring,23.47,79.6,833645,1133.4,6666.16,Low,3.0,271506.0,,8.46,22.37,09:00,0.2641,"28,3",115.3 mm,₺1.06,"387,784",  7.0  ,
Samsun,Black Sea,Large City,2022,9,Autumn,,76.55,1361505,401.41,6974.28,Low,5.0,479090.0,41.38,12.66,69.41,09:00,0.6459,"73,7",20.8 mm,₺1.07,"155,650",  11.2  ,57%
Afyonkarahisar,Aegean,Small City,2020,8,Summer,37.06,54.72,734000,263.92,7884.21,Low,2.0,215040.0,11.76,16.62,39.49,20:00,0.4367,"74,2",,₺1.76,"470,122",  5.0  ,35%
Malatya,Eastern Anatolia,Medium City,2018,1,Winter,-4.66,81.59,781118,320.88,6067.37,Low,1.0,284516.0,,16.95,36.08,19:00,0.4143,"72,5",285.2 mm,₺1.47,"837,827",  2.3  ,64%
Kocaeli,Marmara,Large City,2022,7,Summer,31.44,50.83,2031963,582.39,19415.82,High,7.0,,,17.78,53.8,10:00,1.5564,"44,9",76.7 mm,₺0.82,"852,191",  4.3  ,83%
Samsun,Black Sea,Large City,2019,10,Autumn,12.09,80.69,1361505,499.52,9677.86,Low,4.0,443641.0,16.66,17.76,11.56,18:00,0.4906,"15,4",167.1 mm,₺0.84,"276,212",  8.0  ,98%
Canakkale,Marmara,Small City,2020,1,Winter,2.13,80.75,542000,113.28,8261.34,Low,2.0,193571.0,42.81,14.73,36.37,19:00,0.2906,"19,5",165.5 mm,₺1.19,"131,659",  5.0  ,36%
Gaziantep,Southeastern Anatolia,Large City,2020,10,Autumn,20.27,45.85,2101263,1256.47,16981.47,High,7.0,655932.0,38.45,12.01,46.48,20:00,1.1411,"55,5",98.1 mm,₺0.56,"403,503",  5.3  ,71%
Balıkesir,Marmara,Medium City,2023,10,Autumn,13.75,51.96,1264958,392.14,10391.39,Low,4.0,451690.0,25.75,13.04,43.66,21:00,0.5397,"21,8",34.8 mm,₺0.95,"875,060",  3.2  ,
Mugla,Aegean,Medium City,2015,3,Spring,,59.82,1012321,261.23,9657.76,Low,4.0,,32.97,11.59,70.28,19:00,0.3306,"18,0",239.9 mm,₺0.66,"144,942",  6.9  ,46%
Mardin,Southeastern Anatolia,Small City,2016,3,Spring,26.55,54.68,833645,268.09,10033.81,Low,2.0,262220.0,14.12,5.36,19.47,09:00,0.2868,"50,7",15.2 mm,₺1.32,"569,145",  7.7  ,81%
Afyonkarahisar,Aegean,Small City,2022,7,Summer,33.97,68.76,734000,158.6,8390.77,Low,1.0,219233.0,38.2,18.39,50.28,20:00,0.3867,"76,7",109.6 mm,₺0.7,"125,420",  8.6  ,
Gaziantep,Southeastern Anatolia,Large City,2020,9,Autumn,20.47,68.92,2101263,560.81,18029.0,High,7.0,,9.51,14.42,35.56,20:00,1.3909,"50,5",227.4 mm,₺1.52,"437,818",  3.9  ,91%
Kocaeli,Marmara,Large City,2015,6,Summer,34.42,41.17,2031963,424.32,16283.83,High,8.0,590379.0,37.24,13.0,61.81,09:00,1.7039,"6,0",143.2 mm,₺2.04,"55,143",  3.7  ,79%
Denizli,Aegean,Medium City,2019,10,Autumn,17.17,40.79,1062840,643.52,10519.74,Medium,2.0,299217.0,44.41,17.53,50.09,20:00,0.5365,"49,1",119.4 mm,₺0.52,"78,522",  4.8  ,88%
Ankara,Central Anatolia,Megacity,2016,6,Summer,27.98,84.41,5639076,6010.84,18444.55,High,16.0,2138414.0,14.94,13.08,65.74,10:00,3.9773,"55,7",196.6 mm,₺2.29,"363,540",  9.6  ,92%
Sakarya,Marmara,Medium City,2020,11,Autumn,16.73,82.0,1003000,265.06,12025.88,Medium,3.0,380852.0,15.12,12.73,62.28,18:00,0.5446,"13,7",141.8 mm,₺0.78,"598,703",  5.2  ,
Bursa,Marmara,Large City,2022,10,Autumn,13.02,84.32,3056120,2006.28,17811.32,High,9.0,957221.0,12.45,17.56,30.24,18:00,1.7343,"60,5",205.7 mm,₺1.23,"284,057",  6.3  ,36%
Mugla,Aegean,Medium City,2023,4,Spring,22.03,58.92,1012321,341.28,10211.49,Low,4.0,284284.0,7.37,,71.46,20:00,0.4123,"18,5",93.6 mm,₺1.32,"319,351",  9.9  ,93%
Izmir,Aegean,Megacity,2017,4,Spring,20.79,74.54,4394694,2134.76,18743.68,High,11.0,1583095.0,10.34,14.82,74.23,,2.5953,"70,1",203.1 mm,₺0.84,"152,155",  2.2  ,77%
Bursa,Marmara,Large City,2019,10,Autumn,16.59,54.26,3056120,733.18,17227.36,High,8.0,918971.0,32.6,18.26,69.68,09:00,1.7972,"79,5",,₺1.86,"443,364",  10.1  ,75%
Malatya,Eastern Anatolia,Medium City,2016,2,Winter,-7.11,69.0,781118,247.44,8830.59,Low,2.0,241033.0,11.52,13.01,23.96,10:00,0.4494,"7,8",146.4 mm,₺2.17,"247,425",  8.8  ,96%
Gaziantep,Southeastern Anatolia,Large City,2023,3,Spring,23.35,,2101263,459.5,16102.21,High,6.0,778455.0,12.24,13.29,61.27,18:00,1.3612,"43,6",195.6 mm,₺0.97,"788,016",  9.7  ,91%
Tekirdag,Marmara,Medium City,2023,7,Summer,32.39,75.53,1085000,609.74,10485.74,Medium,2.0,304770.0,43.22,12.36,16.04,18:00,0.7533,"42,8",199.7 mm,₺0.66,"859,211",  11.4  ,75%
Malatya,Eastern Anatolia,Medium City,2021,5,Spring,11.31,71.07,781118,633.21,10300.49,Low,2.0,270401.0,9.01,,49.16,18:00,0.3055,"42,1",57.5 mm,₺1.3,"626,492",  7.1  ,47%
Sivas,Central Anatolia,Medium City,2021,7,Summer,26.35,60.32,634149,188.39,10118.06,Low,2.0,178860.0,17.19,13.15,43.92,20:00,0.3482,"17,2",238.7 mm,₺1.85,"74,887",  5.4  ,57%
Trabzon,Black Sea,Medium City,2020,2,Winter,-0.43,54.83,811874,792.57,9235.14,Low,4.0,239098.0,7.79,13.7,,21:00,0.515,"36,1",172.7 mm,₺1.28,"302,661",  7.0  ,35%
Kocaeli,Marmara,Large City,2020,6,Summer,29.34,57.05,2031963,675.61,17367.66,High,6.0,725178.0,34.43,19.95,34.87,20:00,1.5192,"76,1",116.0 mm,₺1.2,"886,796",  11.1  ,55%
Antalya,Mediterranean,Large City,2016,10,Autumn,22.64,64.14,2619832,543.17,11938.82,Low,6.0,809717.0,24.89,6.41,73.94,18:00,0.9783,"70,3",259.8 mm,₺1.75,"709,555",  6.0  ,33%
Denizli,Aegean,Medium City,2019,1,Winter,3.41,66.19,1062840,440.36,13475.89,Medium,3.0,392421.0,23.19,6.07,21.29,10:00,0.843,"26,9",208.4 mm,₺0.97,"228,118",  6.3  ,40%
Mardin,Southeastern Anatolia,Small City,2023,8,Summer,38.67,44.68,833645,431.26,9872.81,Low,4.0,282132.0,16.22,,43.05,,0.4478,"20,6",204.1 mm,₺1.52,"729,781",  11.2  ,78%
Gaziantep,Southeastern Anatolia,Large City,2019,12,Winter,5.48,67.63,2101263,448.19,16300.53,High,6.0,619149.0,32.01,12.6,11.62,18:00,1.8944,"80,0",12.3 mm,₺2.0,"597,308",  8.2  ,88%
Bursa,Marmara,Large City,2016,6,Summer,28.01,53.62,3056120,1791.35,18452.36,High,10.0,935997.0,20.62,10.72,,21:00,2.2895,"44,7",134.2 mm,₺1.29,,  9.3  ,69%
Mersin,Mediterranean,Large City,2017,9,Autumn,21.68,45.03,1936586,1022.41,14185.56,Medium,,563630.0,,15.28,28.8,09:00,0.9434,"68,1",209.7 mm,₺2.48,"170,192",  5.0  ,34%
Malatya,Eastern Anatolia,Medium City,2021,2,Winter,-2.97,65.98,781118,397.93,8845.47,Low,1.0,228575.0,44.16,14.51,53.95,20:00,0.5187,,215.0 mm,₺2.26,"836,656",  12.0  ,38%
Kayseri,Central Anatolia,Large City,2017,8,Summer,27.63,63.93,1441523,1576.36,12199.57,Medium,3.0,533874.0,23.9,14.7,69.21,18:00,0.9549,"54,9",,,"290,329",  11.0  ,36%
Antalya,Mediterranean,Large City,2019,3,Spring,24.63,42.98,2619832,633.31,7641.87,Low,7.0,983507.0,,7.9,23.18,08:00,0.9015,"73,0",293.3 mm,₺1.9,"756,221",  5.4  ,57%
Mardin,Southeastern Anatolia,Small City,2016,2,Winter,7.8,74.25,833645,607.26,9309.37,Low,4.0,306902.0,37.47,16.13,28.06,21:00,0.4149,"42,9",55.7 mm,₺1.19,"315,643",  10.2  ,90%
Kayseri,Central Anatolia,Large City,2021,2,Winter,1.91,54.89,1441523,314.42,15232.2,Medium,5.0,475557.0,36.06,19.23,36.62,10:00,1.1418,"47,7",247.4 mm,₺0.84,"644,212",  10.3  ,90%
Van,Eastern Anatolia,Medium City,2020,9,Autumn,7.09,50.66,1126384,695.98,4568.63,Low,4.0,320156.0,12.98,9.61,51.18,,0.4467,"71,6",291.3 mm,₺1.83,"899,834",  5.2  ,88%
Van,Eastern Anatolia,Medium City,2019,11,Autumn,8.26,51.39,1126384,391.54,9778.2,Low,4.0,358096.0,6.8,14.25,42.57,20:00,0.4697,"14,2",178.1 mm,₺1.94,"65,004",  5.1  ,91%
Manisa,Aegean,Medium City,2020,2,Winter,7.97,51.83,1452881,343.86,13065.21,Medium,4.0,478030.0,,8.42,,09:00,1.1094,"25,9",137.1 mm,₺0.76,"775,960",  7.4  ,44%
Sakarya,Marmara,Medium City,2021,5,Spring,17.26,59.07,1003000,348.42,11770.48,Medium,3.0,370034.0,30.14,15.61,28.78,19:00,0.3983,"64,9",43.3 mm,₺1.5,"225,148",  4.4  ,67%
Bursa,Marmara,Large City,2022,12,Winter,,42.34,3056120,755.8,19314.01,High,9.0,1097408.0,38.73,9.28,30.44,,3.2277,"15,3",170.4 mm,₺0.89,"554,014",  5.2  ,32%
Denizli,Aegean,Medium City,2017,9,Autumn,19.7,56.3,1062840,264.28,13767.61,Medium,3.0,371746.0,,13.8,70.43,09:00,0.4696,"55,2",29.8 mm,₺1.62,"776,057",  10.0  ,74%
Tekirdag,Marmara,Medium City,2022,6,Summer,31.14,40.39,1085000,409.97,13506.49,Medium,2.0,,17.62,10.33,11.02,21:00,0.7669,"50,9",123.3 mm,₺1.41,"600,162",  6.6  ,60%
Manisa,Aegean,Medium City,2016,4,Spring,23.54,59.7,1452881,429.58,14015.79,Medium,,414240.0,35.21,10.61,64.79,10:00,0.5711,"77,0",215.6 mm,₺2.13,,  10.2  ,81%
Balıkesir,Marmara,Medium City,2019,10,Autumn,14.55,46.67,1264958,454.3,,Low,3.0,369510.0,22.45,14.49,27.72,19:00,0.4756,"26,5",229.4 mm,₺1.7,,  3.9  ,34%
Trabzon,Black Sea,Medium City,2021,7,Summer,32.17,51.93,811874,435.91,9073.96,Low,3.0,286273.0,15.36,5.79,17.88,09:00,0.4826,"64,8",183.2 mm,₺0.84,"340,285",  5.0  ,77%
Istanbul,Marmara,Megacity,2021,1,Winter,-0.05,55.18,15840900,28091.2,17278.36,High,41.0,5077648.0,11.27,19.29,31.92,19:00,13.6066,"74,4",76.7 mm,₺1.21,,  3.6  ,94%
Van,Eastern Anatolia,Medium City,2018,6,Summer,24.04,76.78,1126384,373.67,9336.27,Low,2.0,366683.0,23.36,13.35,67.87,21:00,0.5754,"44,4",165.1 mm,₺0.54,"32,040",  2.8  ,86%
Afyonkarahisar,Aegean,Small City,2018,2,Winter,4.27,60.7,734000,620.89,9655.11,Low,3.0,262120.0,18.29,,52.55,,0.4337,"24,7",79.8 mm,₺2.12,"383,077",  5.6  ,31%
Diyarbakir,Southeastern Anatolia,Large City,2016,9,Autumn,20.93,53.05,1801268,389.31,6259.86,Low,5.0,511188.0,19.15,10.0,19.55,20:00,0.6577,"63,1",273.4 mm,,"125,499",  9.0  ,62%
Kocaeli,Marmara,Large City,2022,10,Autumn,15.76,62.23,2031963,459.81,13854.83,High,8.0,575636.0,39.06,15.63,29.25,18:00,1.1901,"24,3",154.7 mm,₺2.01,"878,010",  6.8  ,65%
Kahramanmaras,Mediterranean,Medium City,2018,4,Spring,28.45,64.63,1178234,389.84,9648.52,Low,4.0,405868.0,,11.39,21.51,19:00,0.4545,"58,3",108.1 mm,₺0.73,"203,391",  8.0  ,75%
Tekirdag,Marmara,Medium City,2023,10,Autumn,15.81,59.15,1085000,309.09,,Medium,,319385.0,43.63,8.44,69.34,20:00,0.664,,265.5 mm,₺1.4,"106,111",,54%
Balıkesir,Marmara,Medium City,2022,11,Autumn,11.99,84.82,1264958,283.8,7988.49,Low,4.0,383829.0,16.25,,11.28,08:00,0.5154,"26,5",290.6 mm,₺1.75,,  8.6  ,73%
Mugla,Aegean,Medium City,2018,4,Spring,22.58,43.87,1012321,271.66,8644.03,Low,4.0,299505.0,26.39,5.3,51.71,20:00,0.4181,"54,9",254.9 mm,₺0.81,"717,927",  4.5  ,85%
Denizli,Aegean,Medium City,2022,12,Winter,6.83,59.55,1062840,236.78,12893.74,Medium,4.0,389884.0,10.22,19.63,68.06,10:00,0.7909,"7,1",253.6 mm,₺0.58,"55,673",  11.5  ,62%
Adana,Mediterranean,Large City,2020,4,Spring,22.33,77.02,2237940,1977.78,18650.51,High,8.0,647098.0,18.68,6.77,31.81,08:00,1.4403,"38,6",35.4 mm,₺0.77,"413,988",  6.7  ,88%
Antalya,Mediterranean,Large City,2019,1,Winter,10.74,52.13,2619832,528.92,10387.44,Low,8.0,970682.0,,7.55,23.04,10:00,1.4162,"44,6",289.4 mm,₺0.68,"211,526",  5.4  ,63%
Mugla,Aegean,Medium City,2020,10,Autumn,19.36,69.88,1012321,1376.83,11140.96,Low,,304200.0,,13.46,58.23,10:00,0.409,"40,9",299.0 mm,₺1.69,"292,240",  6.7  ,65%
Mugla,Aegean,Medium City,2022,8,Summer,37.35,42.22,1012321,333.27,9319.51,Low,2.0,,20.11,12.36,,19:00,0.5545,,186.6 mm,₺2.41,"41,610",  7.9  ,96%
Van,Eastern Anatolia,Medium City,2021,11,Autumn,3.35,55.74,1126384,403.75,7168.57,Low,4.0,387521.0,13.4,7.59,69.76,08:00,0.4476,"63,3",29.7 mm,₺1.22,"366,393",  3.5  ,72%
Kahramanmaras,Mediterranean,Medium City,2021,1,Winter,12.11,51.28,1178234,367.64,12131.62,Low,2.0,443223.0,40.8,10.89,37.03,18:00,0.6883,"30,0",162.6 mm,,"282,635",,54%
Balıkesir,Marmara,Medium City,2017,4,Spring,19.8,71.07,1264958,323.09,,Low,3.0,390321.0,35.24,12.82,26.15,,0.4166,"11,4",117.0 mm,₺1.24,"105,610",  6.6  ,96%
Sivas,Central Anatolia,Medium City,2020,12,Winter,-3.18,59.25,634149,326.35,10840.95,Low,1.0,188396.0,38.01,6.0,30.22,20:00,0.3873,,257.0 mm,₺1.36,"657,546",  3.5  ,97%
Balıkesir,Marmara,Medium City,2019,2,Winter,1.35,67.76,1264958,504.82,8516.73,Low,5.0,428286.0,31.67,9.26,48.14,18:00,0.7076,"7,6",195.4 mm,₺2.21,"299,977",  2.6  ,
Ankara,Central Anatolia,Megacity,2021,6,Summer,25.62,70.92,5639076,3072.09,16173.75,High,16.0,1600422.0,35.42,13.76,67.03,19:00,4.2473,"69,5",277.4 mm,₺0.66,"869,509",  2.6  ,82%
Mersin,Mediterranean,Large City,2018,12,Winter,6.87,44.83,1936586,750.43,15408.03,Medium,5.0,617628.0,8.52,18.4,30.37,19:00,1.4604,"78,1",219.0 mm,₺2.08,"390,428",  6.2  ,
Ankara,Central Anatolia,Megacity,2023,3,Spring,17.3,51.35,5639076,4099.93,15895.89,High,17.0,1701711.0,39.39,19.39,15.73,09:00,3.8167,"34,3",,₺2.24,"548,744",  10.6  ,55%
Balıkesir,Marmara,Medium City,2020,8,Summer,34.67,63.57,1264958,1558.82,8244.45,Low,3.0,375067.0,37.27,9.96,34.59,21:00,0.5971,"46,9",113.9 mm,₺1.29,"215,453",  7.6  ,33%
Balıkesir,Marmara,Medium City,2021,4,Spring,20.54,41.64,1264958,264.07,9479.22,Low,5.0,405526.0,34.11,15.26,53.0,10:00,0.4765,"74,2",174.3 mm,₺1.34,"727,303",  6.2  ,88%
Antalya,Mediterranean,Large City,2023,3,Spring,28.2,79.84,2619832,2520.9,6497.16,Low,8.0,779155.0,37.83,18.72,68.01,21:00,1.1676,"10,4",241.9 mm,₺2.18,,  8.8  ,
Trabzon,Black Sea,Medium City,2020,6,Summer,26.76,71.59,811874,454.3,9964.67,Low,4.0,246631.0,22.83,12.28,34.9,19:00,0.4544,"33,5",30.5 mm,₺2.25,"461,296",  6.4  ,79%
Eskisehir,Central Anatolia,Medium City,2023,1,Winter,-2.74,48.86,882456,394.25,,Medium,3.0,328493.0,31.79,6.81,63.8,10:00,0.6178,"29,2",64.4 mm,₺1.46,"97,367",  9.8  ,
Malatya,Eastern Anatolia,Medium City,2018,4,Spring,11.9,81.56,781118,247.65,11026.72,Low,1.0,283639.0,32.63,14.29,64.33,18:00,0.314,"68,4",170.8 mm,₺1.73,"416,869",  5.3  ,67%
Antalya,Mediterranean,Large City,2017,10,Autumn,19.46,75.01,2619832,604.94,10402.12,Low,6.0,821667.0,32.49,18.21,27.68,,1.054,"26,9",170.2 mm,₺1.4,"844,241",  9.9  ,67%
Manisa,Aegean,Medium City,2016,1,Winter,4.75,42.26,1452881,1669.79,12372.83,Medium,4.0,434284.0,11.77,5.66,54.14,21:00,0.7706,"10,7",15.5 mm,₺1.45,"725,465",  5.8  ,64%
Kahramanmaras,Mediterranean,Medium City,2017,10,Autumn,22.34,81.22,1178234,257.9,10201.82,Low,2.0,340401.0,,11.19,17.38,19:00,0.4705,"46,5",17.5 mm,₺1.65,"25,341",,40%
Balıkesir,Marmara,Medium City,2020,3,Spring,16.74,,1264958,389.83,8019.39,Low,4.0,399934.0,12.77,19.61,49.09,09:00,0.5376,"38,9",256.6 mm,₺1.52,"617,246",,78%
Manisa,Aegean,Medium City,2018,1,Winter,2.63,81.65,1452881,485.88,13517.35,Medium,5.0,473351.0,,15.44,15.99,20:00,1.1077,"28,1",250.4 mm,₺1.94,"890,764",  5.1  ,33%
Antalya,Mediterranean,Large City,2017,4,Spring,22.27,45.9,2619832,2284.01,8446.8,Low,7.0,745532.0,18.0,12.76,71.45,10:00,1.0551,"8,7",127.3 mm,₺1.79,"368,461",  10.2  ,84%
Adana,Mediterranean,Large City,2018,1,Winter,6.92,,2237940,544.48,17918.32,High,7.0,627500.0,7.08,6.7,74.96,09:00,1.9293,"28,5",10.6 mm,₺1.75,,  10.5  ,34%
Hatay,Mediterranean,Large City,2019,5,Spring,22.47,69.21,1609856,1129.67,8572.02,Low,6.0,577568.0,43.06,14.56,55.48,08:00,0.6648,"14,8",85.5 mm,₺1.13,"496,768",  5.6  ,89%
Izmir,Aegean,Megacity,2018,8,Summer,34.6,63.03,4394694,1198.07,19139.01,High,12.0,1633166.0,21.66,15.75,69.85,08:00,3.6528,"20,8",277.7 mm,₺0.57,,  8.1  ,97%
Eskisehir,Central Anatolia,Medium City,2019,10,Autumn,12.49,78.71,882456,188.3,13930.98,Medium,4.0,268433.0,13.43,7.69,45.87,18:00,0.4321,"45,8",210.8 mm,₺1.62,"855,663",  8.6  ,38%
Denizli,Aegean,Medium City,2018,9,Autumn,20.61,52.74,1062840,368.92,10599.22,Medium,4.0,387092.0,19.39,7.5,35.29,10:00,0.4256,"16,4",149.2 mm,₺0.62,"726,324",  6.0  ,60%
Mardin,Southeastern Anatolia,Small City,2016,11,Autumn,,65.05,833645,436.16,8894.83,Low,3.0,308084.0,33.51,17.36,37.56,19:00,0.335,"29,9",148.1 mm,₺1.9,"874,935",  9.4  ,
Bursa,Marmara,Large City,2022,10,Autumn,14.17,,3056120,722.78,17877.02,High,10.0,904523.0,,9.68,56.69,09:00,0.5893,"57,6",44.1 mm,₺0.6,"454,380",  5.8  ,69%
Bursa,Marmara,Large City,2015,10,Autumn,15.72,41.6,3056120,1136.33,19131.43,High,10.0,1133676.0,33.52,19.89,41.97,09:00,1.7556,"53,6",54.4 mm,₺1.7,"390,919",  7.3  ,49%
Canakkale,Marmara,Small City,2016,10,Autumn,18.1,77.6,542000,227.92,7547.02,Low,3.0,186760.0,40.71,12.53,23.62,19:00,0.2329,"18,4",139.6 mm,₺1.77,"337,834",  9.5  ,43%
Adana,Mediterranean,Large City,2018,10,Autumn,25.54,62.03,2237940,682.53,18793.52,High,6.0,664557.0,9.59,12.36,13.31,20:00,1.3583,"68,9",225.5 mm,₺1.49,"619,731",  10.8  ,
Mugla,Aegean,Medium City,2023,4,Spring,22.76,68.94,1012321,606.1,,Low,3.0,309515.0,9.5,5.74,18.82,08:00,0.4422,"51,5",92.3 mm,₺2.41,"547,621",  2.9  ,57%
Erzurum,Eastern Anatolia,Medium City,2015,2,Winter,-7.19,,762321,235.41,11812.76,Low,3.0,274341.0,21.63,15.92,71.44,19:00,0.4198,"41,3",44.7 mm,₺2.09,,  8.7  ,30%
Bursa,Marmara,Large City,2017,3,Spring,18.68,62.79,3056120,1555.47,19336.91,High,9.0,1055470.0,34.41,14.05,23.69,18:00,1.6897,"7,1",212.4 mm,₺2.09,"699,336",  6.8  ,91%
Gaziantep,Southeastern Anatolia,Large City,2017,2,Winter,5.73,49.67,2101263,1095.12,17561.44,High,6.0,685399.0,28.08,6.73,44.0,09:00,1.8448,"55,8",276.0 mm,₺1.32,"140,438",  5.1  ,42%
Bursa,Marmara,Large City,2021,1,Winter,-0.3,51.0,3056120,701.49,19247.74,High,8.0,1072361.0,8.94,8.48,63.54,19:00,2.5903,"55,4",125.0 mm,₺1.85,"265,461",  11.7  ,34%
Mersin,Mediterranean,Large City,2020,7,Summer,37.02,74.92,1936586,445.73,13933.83,Medium,5.0,730363.0,12.19,8.56,21.76,10:00,1.1094,"54,9",131.5 mm,₺2.29,"69,449",  9.4  ,71%
Manisa,Aegean,Medium City,2022,7,Summer,31.98,53.33,1452881,2768.19,14082.25,Medium,3.0,519004.0,7.98,19.8,22.92,20:00,1.0401,"42,4",201.6 mm,,"8,092",  3.9  ,75%
Canakkale,Marmara,Small City,2016,11,Autumn,13.79,68.72,542000,680.57,11491.53,Low,2.0,169907.0,11.88,13.18,15.03,19:00,0.227,"9,1",268.4 mm,₺1.74,"295,553",  9.5  ,66%
Erzurum,Eastern Anatolia,Medium City,2022,10,Autumn,6.33,82.86,762321,247.31,10633.15,Low,3.0,218179.0,10.81,12.59,14.63,20:00,0.3203,"21,0",294.0 mm,₺1.81,"237,765",  2.3  ,55%
Kahramanmaras,Mediterranean,Medium City,2018,6,Summer,37.12,43.36,1178234,738.43,11050.37,Low,3.0,344292.0,,10.8,54.21,20:00,0.5609,"41,9",91.5 mm,₺1.72,,  2.4  ,42%
Sivas,Central Anatolia,Medium City,2023,2,Winter,-2.3,67.62,634149,160.18,7744.83,Low,3.0,209732.0,23.67,13.54,69.36,18:00,0.3967,"59,3",286.9 mm,₺1.26,"673,558",  4.9  ,78%
Trabzon,Black Sea,Medium City,2019,8,Summer,29.22,54.37,811874,440.32,7666.61,Low,2.0,305643.0,37.04,15.93,60.87,20:00,0.4872,"44,6",195.5 mm,₺1.73,,  10.4  ,54%
Hatay,Mediterranean,Large City,2018,10,Autumn,20.42,83.27,1609856,1186.31,7413.1,Low,6.0,530005.0,23.33,5.56,68.4,18:00,0.7003,"34,3",98.8 mm,₺1.09,"12,083",  5.7  ,68%
Bursa,Marmara,Large City,2016,6,Summer,30.66,42.08,3056120,2105.58,18284.11,High,9.0,1106216.0,,9.04,74.96,19:00,2.4974,"74,5",243.3 mm,₺2.29,"696,454",  3.2  ,52%
Erzurum,Eastern Anatolia,Medium City,2016,11,Autumn,9.22,84.58,762321,1045.14,8270.01,Low,1.0,263412.0,18.12,11.36,27.76,20:00,0.2769,,96.7 mm,₺0.53,"689,251",  11.8  ,56%
Mersin,Mediterranean,Large City,2023,7,Summer,36.96,41.82,1936586,562.38,13367.14,Medium,4.0,652461.0,17.37,15.32,34.35,18:00,1.3698,"54,4",21.2 mm,₺1.77,"649,497",  2.7  ,90%
Adana,Mediterranean,Large City,2019,4,Spring,23.25,57.94,2237940,555.12,19710.57,High,6.0,795692.0,20.95,12.17,32.93,10:00,1.3889,"48,2",91.5 mm,₺2.28,"458,214",  10.4  ,77%
Antalya,Mediterranean,Large City,2022,4,Spring,25.18,57.87,2619832,2076.3,9940.26,Low,6.0,953695.0,27.31,15.52,15.43,10:00,1.0579,"41,8",274.2 mm,₺1.94,"30,143",  6.9  ,35%
Istanbul,Marmara,Megacity,2015,11,Autumn,16.86,70.3,15840900,6795.63,19097.86,High,42.0,5242004.0,21.51,6.51,,09:00,9.1591,"10,2",60.8 mm,₺0.7,"506,761",  5.8  ,87%
Trabzon,Black Sea,Medium City,2016,4,Spring,19.74,63.08,811874,640.18,9910.87,Low,3.0,259626.0,44.98,16.54,63.79,09:00,0.3015,"38,4",93.9 mm,₺1.29,"402,388",  7.9  ,38%
Mersin,Mediterranean,Large City,2022,11,Autumn,20.04,52.33,1936586,1139.68,12896.53,Medium,4.0,569359.0,33.81,6.6,27.14,18:00,0.7991,"30,1",106.7 mm,₺0.73,"441,199",  8.8  ,55%
Adana,Mediterranean,Large City,2022,8,Summer,34.84,53.91,2237940,485.47,,High,6.0,842040.0,21.36,7.93,20.04,18:00,1.6167,"55,0",223.5 mm,₺1.8,"536,032",  10.2  ,60%
Hatay,Mediterranean,Large City,2019,11,Autumn,21.57,,1609856,845.69,9747.3,Low,6.0,582336.0,13.92,12.01,24.05,08:00,0.5722,"56,2",,₺1.7,"28,545",  3.1  ,40%
Samsun,Black Sea,Large City,2020,10,Autumn,15.3,49.57,1361505,450.08,10793.65,Low,3.0,462340.0,26.4,16.96,30.45,21:00,0.6285,"51,6",116.3 mm,₺0.84,"644,837",  9.0  ,
Balıkesir,Marmara,Medium City,2022,2,Winter,3.8,54.58,1264958,293.14,,Low,5.0,479290.0,37.51,16.98,21.38,09:00,0.815,"52,9",168.6 mm,₺1.68,"457,810",  10.5  ,40%
Ankara,Central Anatolia,Megacity,2016,2,Winter,0.67,76.8,5639076,2356.42,17368.3,High,17.0,2082703.0,36.38,13.94,21.18,,4.826,"30,0",212.5 mm,,,  8.9  ,92%
Afyonkarahisar,Aegean,Small City,2015,2,Winter,5.03,55.16,734000,150.55,,Low,2.0,269884.0,11.15,6.42,12.02,08:00,0.3887,"65,5",237.8 mm,₺2.43,,  11.9  ,77%
Malatya,Eastern Anatolia,Medium City,2015,5,Spring,6.76,80.25,781118,230.5,6486.46,Low,1.0,270446.0,26.25,7.04,61.5,19:00,0.2917,"46,0",64.0 mm,₺2.09,"599,251",,79%
Eskisehir,Central Anatolia,Medium City,2023,7,Summer,28.62,79.24,882456,188.15,12135.99,Medium,4.0,248939.0,20.23,18.55,40.85,20:00,0.6069,"26,5",121.1 mm,₺1.65,"402,046",  11.9  ,87%
Gaziantep,Southeastern Anatolia,Large City,2020,2,Winter,7.31,47.1,2101263,520.96,19948.66,High,8.0,718932.0,23.73,15.2,55.65,08:00,1.8019,"60,1",255.7 mm,,"290,450",  8.3  ,40%
Trabzon,Black Sea,Medium City,2020,9,Autumn,13.55,61.4,811874,271.5,8717.02,Low,3.0,245395.0,37.83,13.66,12.61,10:00,0.3175,"40,6",286.7 mm,₺1.56,"625,775",,66%
Antalya,Mediterranean,Large City,2017,7,Summer,35.93,40.02,2619832,4327.09,8519.85,Low,8.0,986082.0,19.2,9.81,51.7,19:00,1.1002,"44,2",69.2 mm,₺2.41,"863,969",  9.1  ,81%
Adana,Mediterranean,Large City,2018,12,Winter,9.07,58.07,2237940,1515.17,18348.47,High,6.0,771888.0,25.54,6.71,39.03,21:00,1.8009,"29,7",24.1 mm,₺0.94,"775,484",  6.2  ,99%
Trabzon,Black Sea,Medium City,2022,12,Winter,1.69,67.17,811874,198.51,8705.51,Low,3.0,238934.0,43.8,13.57,34.35,21:00,0.4711,"9,5",35.8 mm,₺0.91,"174,884",  3.8  ,92%
Izmir,Aegean,Megacity,2020,7,Summer,34.93,72.8,4394694,890.43,17570.42,High,11.0,1658089.0,18.5,10.72,10.37,18:00,3.7831,"32,2",279.5 mm,₺2.12,"192,833",  2.5  ,71%
Tekirdag,Marmara,Medium City,2021,11,Autumn,13.41,50.01,1085000,631.42,11834.72,Medium,3.0,341642.0,16.61,,33.21,19:00,0.6058,"53,3",158.0 mm,,"743,147",  5.4  ,61%
Van,Eastern Anatolia,Medium City,2023,4,Spring,12.29,55.7,1126384,255.01,9819.36,Low,4.0,402602.0,18.4,17.7,51.91,20:00,0.4768,"27,3",149.5 mm,₺0.92,"437,265",  8.1  ,46%
Mersin,Mediterranean,Large City,2016,8,Summer,39.42,83.61,1936586,502.49,,Medium,6.0,675710.0,18.57,8.74,73.02,18:00,1.1421,,285.9 mm,,"437,464",  9.8  ,52%
Sivas,Central Anatolia,Medium City,2020,2,Winter,-1.27,42.93,634149,416.16,,Low,2.0,240694.0,21.08,19.36,57.48,18:00,0.3785,"35,0",146.3 mm,₺1.97,"217,663",  7.1  ,57%
Gaziantep,Southeastern Anatolia,Large City,2018,11,Autumn,21.97,81.84,2101263,539.02,17250.86,High,7.0,749544.0,,8.89,34.75,,1.3747,"8,2",252.7 mm,₺1.78,"612,164",  11.8  ,75%
Konya,Central Anatolia,Large City,2018,9,Autumn,14.98,,2320259,756.98,10184.44,Medium,6.0,838368.0,43.61,14.02,52.26,18:00,1.0288,"75,5",192.1 mm,₺2.14,"138,978",  5.5  ,50%
Mardin,Southeastern Anatolia,Small City,2019,4,Spring,25.54,74.64,833645,606.92,6786.24,Low,4.0,264573.0,38.06,7.65,30.32,19:00,0.3406,"12,4",153.9 mm,,"489,487",  9.3  ,46%
Afyonkarahisar,Aegean,Small City,2019,3,Spring,19.94,62.2,734000,554.22,6841.93,Low,3.0,219370.0,35.13,,62.08,10:00,0.2926,"15,4",278.2 mm,₺2.31,"84,118",  4.3  ,57%
Balıkesir,Marmara,Medium City,2023,7,Summer,28.81,59.17,1264958,587.1,9865.38,Low,5.0,425120.0,7.2,19.11,52.82,10:00,0.7132,"11,0",213.5 mm,₺0.86,"566,305",  4.5  ,86%
Adana,Mediterranean,Large City,2015,2,Winter,9.63,55.78,2237940,828.09,17285.99,High,8.0,730346.0,25.54,7.46,49.37,20:00,2.2672,"71,9",202.8 mm,₺1.9,,  2.8  ,90%
Kocaeli,Marmara,Large City,2018,10,Autumn,18.72,46.25,2031963,699.03,17204.45,High,8.0,644655.0,13.88,13.64,19.14,19:00,1.3707,"18,1",158.6 mm,₺0.59,"767,514",  7.2  ,52%
Diyarbakir,Southeastern Anatolia,Large City,2018,2,Winter,6.81,52.46,1801268,387.94,9126.49,Low,6.0,683713.0,17.83,,38.29,19:00,1.1672,"45,7",207.2 mm,₺0.7,"127,528",  10.3  ,41%
Sakarya,Marmara,Medium City,2016,12,Winter,0.62,44.41,1003000,319.36,15085.5,Medium,2.0,331466.0,38.07,6.6,55.31,20:00,0.7327,,81.3 mm,₺2.13,"51,642",  7.3  ,40%
Antalya,Mediterranean,Large City,2021,3,Spring,,70.31,2619832,1108.56,6207.91,Low,7.0,938982.0,,18.9,57.31,,1.1322,"36,2",78.9 mm,₺1.2,,  2.3  ,60%
Kocaeli,Marmara,Large City,2022,4,Spring,20.75,58.5,2031963,1871.31,17653.26,High,6.0,581045.0,36.16,15.87,47.8,,1.3323,"62,1",184.5 mm,₺1.91,"431,122",  3.6  ,46%
Tekirdag,Marmara,Medium City,2021,6,Summer,30.54,51.15,1085000,440.47,13748.07,Medium,2.0,377515.0,6.77,,46.75,08:00,0.6478,,130.6 mm,₺1.94,"91,979",  4.4  ,41%
Canakkale,Marmara,Small City,2021,2,Winter,7.14,58.75,542000,121.78,5734.15,Low,2.0,165927.0,15.03,19.03,36.88,,0.3399,"79,4",27.0 mm,₺1.47,"666,336",  8.7  ,72%
Konya,Central Anatolia,Large City,2016,7,Summer,29.7,45.32,2320259,964.52,13794.15,Medium,5.0,874176.0,6.57,,45.62,18:00,1.3991,"74,4",39.6 mm,₺1.8,"36,375",  4.5  ,
Istanbul,Marmara,Megacity,2018,11,Autumn,17.4,79.36,15840900,4449.81,17973.2,High,42.0,4469744.0,21.91,7.81,43.8,21:00,9.5094,,89.8 mm,₺1.71,"719,314",  5.3  ,66%
Antalya,Mediterranean,Large City,2019,2,Winter,6.97,70.33,2619832,686.32,9927.21,Low,6.0,820732.0,14.79,6.05,53.02,08:00,1.5231,"57,9",180.8 mm,₺1.36,"214,475",  7.7  ,43%
Sakarya,Marmara,Medium City,2016,4,Spring,18.83,56.22,1003000,810.09,12987.99,Medium,3.0,380280.0,34.95,15.01,56.36,21:00,0.4451,"46,7",151.2 mm,₺0.87,"167,524",  7.5  ,58%
Malatya,Eastern Anatolia,Medium City,2020,9,Autumn,8.69,56.04,781118,160.73,8906.64,Low,2.0,219033.0,33.07,8.41,32.29,10:00,0.293,"8,9",12.6 mm,,"677,521",,82%
Kahramanmaras,Mediterranean,Medium City,2015,4,Spring,25.13,42.86,1178234,279.26,6752.15,Low,2.0,369808.0,28.13,13.15,55.92,20:00,0.4018,"54,2",142.6 mm,₺2.48,"118,242",  2.3  ,80%
Denizli,Aegean,Medium City,2020,1,Winter,4.3,57.58,1062840,300.15,13658.16,Medium,2.0,375391.0,9.93,15.35,12.78,09:00,0.6973,"41,5",36.8 mm,₺0.85,"550,627",,61%
Hatay,Mediterranean,Large City,2021,12,Winter,5.31,57.46,1609856,1124.34,8464.86,Low,5.0,514177.0,16.81,16.54,57.42,19:00,1.0243,"73,2",257.4 mm,₺1.71,"421,573",  11.1  ,99%
Izmir,Aegean,Megacity,2017,6,Summer,37.42,84.88,4394694,1064.41,18459.32,High,12.0,1352789.0,29.28,12.09,36.26,19:00,3.2151,"16,0",94.0 mm,₺1.45,"474,492",  3.7  ,83%
Istanbul,Marmara,Megacity,2021,6,Summer,32.72,50.72,15840900,28866.22,18018.22,High,41.0,5854041.0,,9.8,35.3,,14.2973,"12,6",131.5 mm,₺0.92,"548,521",  8.7  ,83%
Hatay,Mediterranean,Large City,2016,9,Autumn,23.92,84.27,1609856,465.87,9535.91,Low,4.0,468663.0,13.32,10.95,12.07,19:00,0.7005,"73,7",203.6 mm,₺1.67,"352,167",  11.7  ,32%
Trabzon,Black Sea,Medium City,2016,4,Spring,16.67,64.46,811874,192.86,11396.55,Low,4.0,282043.0,13.22,14.15,14.57,19:00,0.2576,"49,6",241.8 mm,₺2.26,"179,642",,76%
Hatay,Mediterranean,Large City,2018,5,Spring,27.74,70.64,1609856,2326.89,6700.9,Low,,482772.0,38.37,14.44,14.2,20:00,0.6651,"50,8",108.5 mm,₺0.73,"618,919",  11.5  ,57%
Erzurum,Eastern Anatolia,Medium City,2016,9,Autumn,3.1,59.5,762321,232.86,8982.82,Low,3.0,220288.0,23.44,15.63,51.92,19:00,0.2697,"35,9",49.4 mm,₺1.44,"381,510",  5.6  ,44%
Balıkesir,Marmara,Medium City,2015,2,Winter,5.2,73.28,1264958,283.31,10142.51,Low,4.0,460171.0,17.47,9.59,,,0.7282,"5,7",114.8 mm,₺2.36,"187,837",,63%
Ankara,Central Anatolia,Megacity,2021,3,Spring,11.06,47.66,5639076,1965.29,17903.41,High,17.0,2015647.0,,16.96,11.43,21:00,3.4207,"30,2",111.3 mm,₺1.91,"329,915",  7.2  ,35%
Malatya,Eastern Anatolia,Medium City,2021,1,Winter,-6.33,49.78,781118,403.51,9207.39,Low,2.0,284049.0,42.98,15.51,41.56,19:00,0.4632,"9,6",104.3 mm,₺2.44,"422,367",  6.8  ,31%
Canakkale,Marmara,Small City,2021,7,Summer,31.12,71.24,542000,308.51,12015.93,Low,1.0,185916.0,9.09,18.53,27.05,08:00,0.2686,"25,3",13.5 mm,₺0.64,"690,850",  8.2  ,55%
Canakkale,Marmara,Small City,2017,5,Spring,15.51,45.53,542000,132.82,8862.7,Low,2.0,203302.0,43.96,5.68,47.83,,0.1789,"71,6",200.0 mm,₺2.47,"81,570",  7.4  ,53%
Ankara,Central Anatolia,Megacity,2023,7,Summer,26.51,68.12,5639076,2305.26,17640.98,High,17.0,2128602.0,38.65,5.53,52.13,21:00,4.5517,,91.2 mm,₺0.53,"30,896",  3.9  ,48%
Sakarya,Marmara,Medium City,2019,8,Summer,33.32,63.55,1003000,727.28,12241.05,Medium,3.0,371069.0,15.34,17.28,60.83,18:00,0.6602,"63,0",276.8 mm,₺1.13,"713,937",  10.6  ,96%
Antalya,Mediterranean,Large City,2023,2,Winter,6.55,74.77,2619832,2447.1,9642.61,Low,8.0,840397.0,21.69,18.72,38.99,09:00,1.5443,"42,2",274.6 mm,₺1.7,"14,864",  7.9  ,73%
Kayseri,Central Anatolia,Large City,2016,1,Winter,-1.62,82.78,1441523,588.72,14408.54,Medium,4.0,444349.0,31.63,17.5,16.99,21:00,0.9262,"19,2",159.8 mm,₺1.32,"68,922",  9.8  ,55%
Mardin,Southeastern Anatolia,Small City,2016,12,Winter,5.26,48.87,833645,356.05,5549.87,Low,3.0,251954.0,23.46,9.58,23.84,19:00,0.4394,"25,2",74.6 mm,₺1.82,"835,341",  8.1  ,31%
Gaziantep,Southeastern Anatolia,Large City,2018,9,Autumn,18.97,69.11,2101263,663.49,18009.39,High,7.0,755686.0,42.2,13.28,31.62,21:00,1.3384,"46,6",118.7 mm,₺1.68,"75,843",  9.0  ,93%
Balıkesir,Marmara,Medium City,2023,6,Summer,32.7,83.06,1264958,2252.96,7954.67,Low,5.0,389557.0,25.45,6.93,57.43,10:00,0.7285,"32,7",134.7 mm,₺2.16,"889,499",  4.5  ,96%
Mardin,Southeastern Anatolia,Small City,2017,3,Spring,22.84,56.72,833645,389.98,9446.1,Low,3.0,236987.0,29.08,14.52,74.99,08:00,0.3212,"50,1",233.4 mm,₺1.01,"633,710",  3.3  ,58%
Manisa,Aegean,Medium City,2022,10,Autumn,19.16,,1452881,838.0,13046.21,Medium,4.0,508036.0,43.43,18.54,16.28,08:00,0.7475,"50,2",215.6 mm,₺0.78,"759,755",  3.4  ,97%
Eskisehir,Central Anatolia,Medium City,2021,6,Summer,30.32,76.3,882456,456.88,11783.11,Medium,3.0,297490.0,5.23,11.99,29.76,19:00,0.579,"11,2",136.6 mm,₺1.31,"328,684",  2.8  ,76%
Kahramanmaras,Mediterranean,Medium City,2017,5,Spring,24.51,66.21,1178234,697.33,6915.68,Low,,376218.0,6.74,13.8,33.67,20:00,0.4837,"55,9",231.4 mm,₺0.73,"525,757",  8.8  ,98%
Canakkale,Marmara,Small City,2016,2,Winter,3.99,82.64,542000,223.11,8945.2,Low,1.0,199709.0,34.02,8.14,50.05,09:00,0.2804,,203.5 mm,₺1.44,"75,221",  6.7  ,52%
Afyonkarahisar,Aegean,Small City,2018,4,Spring,19.25,60.39,734000,337.02,11814.98,Low,,255373.0,22.75,8.69,66.76,09:00,0.2525,"41,3",39.6 mm,₺2.4,,  6.8  ,45%
Mardin,Southeastern Anatolia,Small City,2022,7,Summer,35.7,83.37,833645,1257.51,8038.97,Low,3.0,268057.0,21.17,18.13,36.18,18:00,0.543,"57,0",227.6 mm,₺1.29,"852,304",  11.4  ,40%
Samsun,Black Sea,Large City,2023,6,Summer,31.53,50.96,1361505,338.76,12478.99,Low,4.0,398609.0,8.56,16.33,63.69,20:00,0.8145,"16,9",161.9 mm,₺1.71,"430,620",  10.9  ,71%
Mersin,Mediterranean,Large City,2023,2,Winter,7.01,50.51,1936586,470.47,14463.61,Medium,4.0,598413.0,9.01,,36.22,10:00,3.2282,"46,4",83.2 mm,₺2.23,,  8.6  ,39%
Manisa,Aegean,Medium City,2018,6,Summer,35.14,65.87,1452881,1819.59,12932.95,Medium,3.0,512911.0,17.5,13.67,35.9,18:00,0.9545,"5,0",186.4 mm,₺2.35,"266,482",  10.5  ,65%
Kahramanmaras,Mediterranean,Medium City,2020,7,Summer,40.1,44.35,1178234,241.17,10691.69,Low,2.0,396599.0,7.36,17.27,65.11,08:00,0.7179,"64,7",214.9 mm,₺2.26,"184,731",  11.4  ,95%
Istanbul,Marmara,Megacity,2023,7,Summer,32.8,57.87,15840900,10223.41,16843.37,High,40.0,4576759.0,27.56,17.61,44.8,08:00,14.4168,"47,5",218.8 mm,₺1.0,"186,168",  4.7  ,40%
Mugla,Aegean,Medium City,2020,8,Summer,36.47,44.43,1012321,1548.39,8584.67,Low,4.0,342682.0,19.94,8.21,38.79,,0.5269,"9,6",297.8 mm,₺1.74,"229,577",  6.1  ,30%
Sakarya,Marmara,Medium City,2015,4,Spring,16.55,68.36,1003000,1259.69,12944.17,Medium,4.0,296389.0,41.06,,50.58,10:00,0.4414,"27,7",153.2 mm,₺2.49,"546,118",  5.3  ,74%
Van,Eastern Anatolia,Medium City,2021,10,Autumn,10.93,83.56,1126384,251.78,5380.07,Low,3.0,329800.0,35.17,9.85,35.15,08:00,0.4965,"35,6",179.8 mm,₺2.31,"266,337",  9.8  ,96%
Mersin,Mediterranean,Large City,2021,1,Winter,8.46,75.82,1936586,424.34,15762.16,Medium,6.0,658482.0,28.51,6.76,36.63,21:00,1.5653,,181.5 mm,₺1.28,"616,390",  7.1  ,96%
Konya,Central Anatolia,Large City,2022,6,Summer,26.27,53.39,2320259,608.99,11847.62,Medium,7.0,793676.0,17.57,10.61,59.56,19:00,1.8985,"30,2",277.4 mm,₺2.37,"147,860",  10.4  ,72%
Manisa,Aegean,Medium City,2016,4,Spring,23.15,80.06,1452881,298.37,14004.85,Medium,4.0,500228.0,7.41,6.22,40.23,08:00,1.8894,"26,3",40.3 mm,₺2.18,"661,797",,
Sakarya,Marmara,Medium City,2016,11,Autumn,15.08,70.48,1003000,860.76,14216.64,Medium,4.0,308566.0,37.11,9.18,64.2,19:00,0.4846,"77,8",179.7 mm,₺1.08,"275,986",  11.2  ,41%
Tekirdag,Marmara,Medium City,2017,8,Summer,30.42,77.5,1085000,218.17,11608.7,Medium,3.0,404913.0,27.38,5.69,50.82,20:00,0.7755,"25,5",141.0 mm,₺2.15,"256,047",  2.5  ,86%
Ankara,Central Anatolia,Megacity,2017,8,Summer,,76.13,5639076,2732.05,18641.33,High,17.0,1685505.0,38.06,15.93,60.01,20:00,4.394,"74,7",18.3 mm,₺1.27,"218,741",  9.0  ,54%
Mardin,Southeastern Anatolia,Small City,2022,10,Autumn,20.85,66.8,833645,182.68,8663.28,Low,2.0,249601.0,25.09,12.83,54.82,09:00,0.3897,"44,0",,₺1.78,"547,801",  9.1  ,68%
Konya,Central Anatolia,Large City,2018,2,Winter,-4.16,49.3,2320259,576.27,13503.77,Medium,5.0,781705.0,29.9,7.83,58.07,21:00,1.6091,"18,3",190.6 mm,₺0.91,"157,704",  6.5  ,99%
Mardin,Southeastern Anatolia,Small City,2022,5,Spring,26.51,79.45,833645,182.65,8155.11,Low,2.0,286720.0,21.82,16.77,62.33,21:00,0.4116,"12,1",269.2 mm,₺2.02,"509,197",  6.4  ,62%
Mardin,Southeastern Anatolia,Small City,2016,5,Spring,23.58,63.72,833645,385.05,8244.33,Low,3.0,289359.0,30.58,14.6,35.19,18:00,0.2895,"74,8",284.4 mm,₺0.86,"245,689",  5.0  ,32%
Adana,Mediterranean,Large City,2023,3,Spring,24.54,62.18,2237940,502.97,16508.48,High,8.0,686303.0,18.21,18.59,57.12,10:00,1.3896,"53,7",122.0 mm,₺2.39,"527,155",  11.0  ,
Sivas,Central Anatolia,Medium City,2015,8,Summer,23.69,72.28,634149,144.67,6721.63,Low,3.0,221772.0,20.44,19.5,15.41,19:00,0.2503,"8,3",267.3 mm,₺1.88,,,36%
Istanbul,Marmara,Megacity,2018,8,Summer,32.57,45.93,15840900,3438.04,16648.74,High,42.0,5807950.0,38.7,8.43,12.17,21:00,12.9167,"26,6",225.1 mm,₺1.24,"659,742",  11.8  ,76%
Gaziantep,Southeastern Anatolia,Large City,2018,1,Winter,7.28,80.15,2101263,1148.61,,High,6.0,591879.0,23.78,,61.32,10:00,1.8167,"23,6",43.6 mm,₺0.81,"876,237",  3.8  ,99%
Istanbul,Marmara,Megacity,2021,1,Winter,-0.43,61.98,15840900,8223.66,,High,40.0,5255133.0,40.16,13.58,37.98,09:00,14.947,"72,5",230.3 mm,₺0.91,"364,426",  9.5  ,93%
Manisa,Aegean,Medium City,2016,9,Autumn,20.46,79.49,1452881,638.58,11048.95,Medium,5.0,489858.0,,11.35,68.69,21:00,0.7959,"63,7",154.9 mm,₺0.69,,  5.5  ,35%
Afyonkarahisar,Aegean,Small City,2021,9,Autumn,15.57,80.44,734000,384.68,,Low,2.0,210400.0,19.83,8.97,,20:00,0.3633,"6,6",244.2 mm,₺1.71,"409,490",  4.4  ,43%
Mardin,Southeastern Anatolia,Small City,2022,5,Spring,25.19,43.13,833645,284.86,8442.81,Low,4.0,294775.0,16.63,8.5,10.51,18:00,0.2935,"5,3",154.0 mm,,"192,876",  2.9  ,47%
Kayseri,Central Anatolia,Large City,2019,1,Winter,4.33,41.4,1441523,783.14,12003.24,Medium,4.0,513581.0,37.85,7.69,26.17,10:00,0.9885,"23,7",104.1 mm,₺1.68,"876,565",  8.7  ,95%
Trabzon,Black Sea,Medium City,2018,3,Spring,16.24,74.24,811874,316.79,,Low,4.0,236719.0,22.7,13.27,36.11,09:00,0.3172,"62,3",168.7 mm,₺0.59,"8,339",  7.8  ,62%
Hatay,Mediterranean,Large City,2021,8,Summer,36.57,,1609856,330.2,6317.52,Low,5.0,585729.0,8.52,9.49,60.94,19:00,0.8458,"14,1",118.4 mm,₺1.89,"762,305",  10.6  ,58%
Istanbul,Marmara,Megacity,2018,8,Summer,33.1,80.34,15840900,4103.36,17708.14,High,42.0,4493381.0,8.79,10.2,,08:00,13.7834,"9,0",155.8 mm,₺0.87,"469,274",  9.7  ,46%
Bursa,Marmara,Large City,2021,10,Autumn,15.33,67.03,3056120,1500.86,20331.78,High,8.0,1075326.0,41.27,18.08,11.57,20:00,1.8288,"41,4",277.7 mm,₺2.36,"350,402",  2.8  ,37%
Erzurum,Eastern Anatolia,Medium City,2021,11,Autumn,6.89,40.88,762321,187.73,8859.56,Low,1.0,246743.0,31.2,5.92,69.35,09:00,0.3367,"53,7",126.5 mm,₺2.27,"538,322",  10.9  ,46%
Canakkale,Marmara,Small City,2018,1,Winter,-0.22,56.77,542000,119.2,10116.28,Low,3.0,186114.0,23.93,15.23,37.77,08:00,0.3362,"46,9",,₺1.67,"812,094",  2.5  ,56%
Bursa,Marmara,Large City,2017,1,Winter,3.09,49.98,3056120,1441.23,16589.63,High,10.0,953149.0,14.92,5.58,61.52,08:00,2.2417,"11,2",289.0 mm,₺1.58,"503,667",  9.5  ,84%
Adana,Mediterranean,Large City,2018,5,Spring,23.01,73.34,2237940,642.86,18435.41,High,6.0,778495.0,34.8,14.5,62.42,08:00,1.3131,"20,4",273.0 mm,₺2.48,"724,192",  3.2  ,78%
Van,Eastern Anatolia,Medium City,2016,3,Spring,9.52,65.23,1126384,384.08,9562.93,Low,2.0,399425.0,7.91,7.82,48.46,21:00,0.3874,"57,5",,₺1.24,"225,177",  6.1  ,75%
Kocaeli,Marmara,Large City,2019,4,Spring,21.62,44.53,2031963,441.5,17674.53,High,8.0,591869.0,33.44,11.59,,19:00,1.0194,,220.6 mm,₺1.9,"834,658",  5.5  ,63%
Mardin,Southeastern Anatolia,Small City,2015,10,Autumn,19.94,49.27,833645,935.12,,Low,4.0,311990.0,35.34,,48.53,10:00,0.3299,"17,0",269.6 mm,₺2.25,"532,789",  9.4  ,50%
Canakkale,Marmara,Small City,2021,1,Winter,1.08,52.36,542000,404.09,11105.66,Low,1.0,171085.0,39.57,16.99,54.8,20:00,0.3418,"9,8",151.9 mm,₺0.51,"779,706",  3.7  ,86%
Denizli,Aegean,Medium City,2017,10,Autumn,20.55,70.59,1062840,462.65,15229.59,Medium,3.0,346698.0,39.29,10.63,10.81,09:00,0.54,"40,4",254.7 mm,₺1.61,"58,698",  4.7  ,49%
Hatay,Mediterranean,Large City,2015,5,Spring,25.69,65.41,1609856,623.36,9989.36,Low,4.0,543156.0,39.52,14.14,38.65,21:00,0.6659,"54,9",82.7 mm,₺0.54,"300,890",  3.9  ,44%
Erzurum,Eastern Anatolia,Medium City,2023,8,Summer,25.38,72.36,762321,336.21,9690.62,Low,3.0,226966.0,42.85,7.17,66.07,08:00,0.4372,"28,2",242.2 mm,₺1.2,"466,126",  8.0  ,93%
Tekirdag,Marmara,Medium City,2017,9,Autumn,15.32,46.14,1085000,247.22,12577.94,Medium,4.0,357145.0,20.34,7.15,31.06,10:00,0.4879,"24,6",190.1 mm,,"118,748",  6.6  ,45%
Izmir,Aegean,Megacity,2022,12,Winter,0.68,54.45,4394694,1805.0,18496.0,High,11.0,1608611.0,31.45,14.78,19.12,09:00,3.9852,"43,4",295.4 mm,₺1.57,"89,485",  5.9  ,84%
Konya,Central Anatolia,Large City,2017,5,Spring,14.44,65.61,2320259,658.23,14265.69,Medium,5.0,769409.0,21.09,6.0,32.49,21:00,1.0688,"41,7",259.9 mm,₺1.07,"128,533",  4.0  ,85%
Konya,Central Anatolia,Large City,2016,10,Autumn,7.87,59.25,2320259,1604.71,13794.66,Medium,6.0,705267.0,23.26,14.3,38.24,18:00,0.9869,"44,7",104.3 mm,,"419,290",  3.0  ,31%
Mardin,Southeastern Anatolia,Small City,2019,3,Spring,22.84,69.24,833645,241.66,8578.21,Low,2.0,236108.0,41.6,18.23,58.86,18:00,0.3174,"16,1",130.4 mm,₺1.91,"737,391",  8.0  ,71%
Adana,Mediterranean,Large City,2019,3,Spring,25.27,46.08,2237940,3996.17,21051.73,High,8.0,789240.0,14.63,16.05,,09:00,1.458,"48,0",22.8 mm,₺2.27,"740,868",  5.8  ,97%
Bursa,Marmara,Large City,2015,10,Autumn,15.58,52.72,3056120,1863.95,17125.55,High,10.0,887996.0,34.41,19.57,28.19,19:00,1.6571,"62,0",22.2 mm,₺0.92,"698,564",  8.4  ,83%
Manisa,Aegean,Medium City,2019,4,Spring,21.43,65.81,1452881,432.18,11423.51,Medium,,524150.0,15.2,10.99,72.82,08:00,0.7639,"5,8",223.2 mm,₺2.29,"725,496",  5.0  ,89%
Afyonkarahisar,Aegean,Small City,2021,9,Autumn,,69.85,734000,833.0,7789.23,Low,1.0,231247.0,16.49,,61.5,09:00,0.2869,"55,9",96.7 mm,₺1.43,"109,419",  11.2  ,93%
Hatay,Mediterranean,Large City,2017,12,Winter,,59.6,1609856,570.18,11255.79,Low,6.0,491874.0,41.02,13.27,38.32,09:00,0.7238,"72,7",206.6 mm,,"331,981",  3.6  ,47%
Sakarya,Marmara,Medium City,2019,7,Summer,29.85,67.8,1003000,245.32,11733.82,Medium,3.0,304343.0,30.03,11.17,43.43,,0.665,"74,8",19.5 mm,₺2.15,"643,153",  11.5  ,78%
Sivas,Central Anatolia,Medium City,2023,9,Autumn,9.21,79.57,634149,153.06,10652.0,Low,2.0,202417.0,12.34,11.37,43.37,08:00,0.2879,"34,2",75.8 mm,₺1.27,"550,488",  9.9  ,80%
Antalya,Mediterranean,Large City,2020,3,Spring,23.72,45.81,2619832,759.13,8594.44,Low,8.0,887712.0,7.27,19.68,46.2,08:00,0.9221,"62,4",144.4 mm,₺1.81,"771,617",  11.1  ,57%
Konya,Central Anatolia,Large City,2022,11,Autumn,10.13,76.07,2320259,464.4,11980.54,Medium,6.0,815356.0,,9.76,62.99,08:00,1.247,"73,6",41.1 mm,₺1.13,"629,992",  6.4  ,59%
Gaziantep,Southeastern Anatolia,Large City,2023,8,Summer,32.06,58.97,2101263,1155.04,18821.67,High,,697369.0,18.7,11.54,30.86,10:00,2.2637,"28,9",163.0 mm,₺1.37,"509,513",  11.0  ,77%
Ankara,Central Anatolia,Megacity,2017,8,Summer,27.55,45.75,5639076,1876.81,18815.41,High,17.0,1761382.0,5.65,15.93,53.23,09:00,4.0894,"78,8",162.8 mm,₺1.7,"685,170",,83%
Erzurum,Eastern Anatolia,Medium City,2023,1,Winter,-11.1,60.13,762321,437.67,10108.77,Low,2.0,227509.0,18.15,9.17,42.34,18:00,0.4648,"74,1",54.5 mm,₺0.55,"767,008",  3.1  ,32%
Balıkesir,Marmara,Medium City,2015,4,Spring,18.87,69.12,1264958,830.29,6791.15,Low,3.0,,38.41,18.4,16.7,19:00,0.4529,"23,0",77.6 mm,₺1.84,"736,663",  3.9  ,88%
Sivas,Central Anatolia,Medium City,2021,3,Spring,15.06,77.34,634149,242.18,7262.68,Low,3.0,194542.0,24.57,12.69,39.57,21:00,0.2618,"47,2",217.9 mm,₺2.13,"535,894",  7.8  ,38%
Kahramanmaras,Mediterranean,Medium City,2019,7,Summer,39.15,54.18,1178234,500.14,8724.77,Low,3.0,368853.0,6.73,15.49,58.41,20:00,0.5513,"43,5",94.9 mm,₺2.12,"379,680",  10.3  ,98%
Manisa,Aegean,Medium City,2023,7,Summer,35.36,65.58,1452881,552.17,11535.75,Medium,4.0,477379.0,39.82,8.22,72.45,18:00,0.9493,"19,9",35.7 mm,₺1.49,"666,478",  6.9  ,90%
Denizli,Aegean,Medium City,2020,2,Winter,4.95,83.97,1062840,289.56,12599.12,Medium,3.0,340491.0,43.83,6.7,57.96,21:00,0.6457,"78,2",236.7 mm,₺1.09,"712,614",  11.6  ,69%
Sivas,Central Anatolia,Medium City,2016,6,Summer,25.9,74.17,634149,286.83,10472.65,Low,1.0,179187.0,25.76,12.19,32.18,10:00,0.315,"8,9",,₺0.84,"842,873",  7.6  ,82%
Sakarya,Marmara,Medium City,2017,11,Autumn,16.31,73.56,1003000,337.48,11439.56,Medium,2.0,,22.75,11.76,38.02,18:00,0.4848,"20,7",142.9 mm,₺0.88,,  10.3  ,41%
Malatya,Eastern Anatolia,Medium City,2017,9,Autumn,5.04,58.22,781118,576.51,8203.18,Low,3.0,226661.0,19.5,6.93,70.59,18:00,0.3281,"76,9",100.4 mm,₺0.92,,  7.5  ,35%
Sivas,Central Anatolia,Medium City,2021,11,Autumn,13.25,48.76,634149,473.06,7785.57,Low,1.0,181919.0,28.61,9.42,35.95,18:00,0.272,"7,0",218.2 mm,₺1.83,"801,027",  2.9  ,61%
Erzurum,Eastern Anatolia,Medium City,2019,10,Autumn,7.87,66.7,762321,155.91,10211.71,Low,2.0,226838.0,43.78,12.54,52.81,10:00,0.3119,"17,4",165.6 mm,₺1.1,"166,820",  7.8  ,52%
Afyonkarahisar,Aegean,Small City,2022,7,Summer,35.15,78.6,734000,537.28,10333.9,Low,1.0,220888.0,16.32,17.09,29.03,09:00,0.4428,"69,8",208.2 mm,₺0.98,"495,028",  3.6  ,
Sakarya,Marmara,Medium City,2020,2,Winter,-1.03,53.15,1003000,316.82,13471.37,Medium,,300867.0,23.24,16.78,43.43,08:00,0.7219,"77,2",226.4 mm,₺1.96,"174,820",  3.2  ,52%
Diyarbakir,Southeastern Anatolia,Large City,2021,5,Spring,21.88,42.2,1801268,626.73,9712.8,Low,6.0,652011.0,24.58,7.01,34.74,08:00,1.9785,"26,8",248.4 mm,₺1.44,"320,754",  7.3  ,74%
Bursa,Marmara,Large City,2023,8,Summer,30.84,43.25,3056120,729.98,13244.36,High,9.0,919950.0,10.02,,31.02,18:00,2.8996,"6,5",125.3 mm,₺1.66,"43,243",  7.7  ,39%
Trabzon,Black Sea,Medium City,2016,8,Summer,26.4,42.59,811874,174.4,,Low,3.0,228391.0,21.45,18.77,46.61,20:00,0.4195,"9,0",71.4 mm,₺2.15,"538,269",  2.8  ,37%
Van,Eastern Anatolia,Medium City,2022,6,Summer,21.51,43.2,1126384,230.87,8734.84,Low,,334253.0,15.74,6.51,19.57,20:00,0.5625,"53,1",297.4 mm,₺0.82,"414,665",  4.2  ,38%
Balıkesir,Marmara,Medium City,2015,12,Winter,-0.67,43.62,1264958,274.81,7963.42,Low,4.0,439228.0,20.18,5.72,74.13,19:00,0.6522,"60,5",187.1 mm,,"881,373",  11.2  ,86%
Van,Eastern Anatolia,Medium City,2023,8,Summer,24.3,61.66,1126384,1694.97,7524.93,Low,4.0,354590.0,36.91,19.61,12.54,10:00,0.6035,"49,8",252.8 mm,₺1.08,"247,988",  4.0  ,39%
Erzurum,Eastern Anatolia,Medium City,2017,3,Spring,,58.57,762321,314.87,10655.58,Low,3.0,243435.0,43.69,11.58,65.03,20:00,0.2766,"78,7",168.4 mm,₺1.84,"309,278",  3.0  ,49%
Samsun,Black Sea,Large City,2015,4,Spring,20.49,42.73,1361505,382.63,7366.38,Low,4.0,414155.0,43.32,,42.54,09:00,0.484,"21,8",185.4 mm,₺1.87,"612,740",  10.2  ,75%
Balıkesir,Marmara,Medium City,2020,6,Summer,31.51,62.52,1264958,410.88,8441.87,Low,4.0,419219.0,38.77,12.26,30.05,20:00,0.6832,"69,6",91.3 mm,₺1.88,"192,106",,60%
Mardin,Southeastern Anatolia,Small City,2015,5,Spring,20.6,41.56,833645,314.94,10181.01,Low,2.0,245919.0,8.51,10.08,49.29,09:00,0.2695,,242.3 mm,₺2.17,"891,901",  3.8  ,40%
Bursa,Marmara,Large City,2019,8,Summer,29.62,81.01,3056120,2979.68,18321.8,High,10.0,1094153.0,32.27,19.01,51.85,21:00,2.2923,"29,2",80.8 mm,₺0.65,,  6.5  ,98%
Eskisehir,Central Anatolia,Medium City,2018,7,Summer,27.22,74.45,882456,775.12,10102.43,Medium,2.0,249847.0,18.53,10.06,19.89,20:00,0.5204,"14,4",278.3 mm,₺0.66,"502,920",  2.5  ,46%
Ankara,Central Anatolia,Megacity,2015,3,Spring,17.54,64.84,5639076,2321.41,16124.39,High,17.0,1989951.0,17.87,17.72,16.2,20:00,3.1924,"20,4",172.7 mm,₺0.56,"758,370",  4.9  ,37%
Samsun,Black Sea,Large City,2016,8,Summer,30.38,57.77,1361505,823.5,9950.53,Low,3.0,479300.0,7.02,5.66,38.89,,0.7259,"28,6",43.6 mm,₺1.63,"361,769",  6.6  ,85%
Erzurum,Eastern Anatolia,Medium City,2022,1,Winter,-6.24,52.28,762321,476.11,9081.25,Low,1.0,265598.0,7.08,8.61,15.54,20:00,0.4789,"17,3",210.1 mm,₺2.0,"482,439",  3.2  ,89%
Canakkale,Marmara,Small City,2018,3,Spring,18.7,44.7,542000,680.01,10006.56,Low,3.0,173848.0,24.51,6.16,36.46,08:00,0.1937,"52,7",82.8 mm,₺1.71,"59,495",  11.9  ,93%
Bursa,Marmara,Large City,2021,9,Autumn,12.48,65.62,3056120,612.53,16692.77,High,10.0,1008564.0,24.36,6.58,63.32,10:00,1.9109,"27,3",17.1 mm,,"465,741",  10.9  ,92%
Afyonkarahisar,Aegean,Small City,2017,1,Winter,1.67,64.51,734000,327.15,10573.69,Low,1.0,206989.0,34.79,11.69,14.06,09:00,0.3782,"20,2",150.7 mm,,"491,489",  8.9  ,44%
Mardin,Southeastern Anatolia,Small City,2016,1,Winter,5.77,59.39,833645,316.5,10766.11,Low,3.0,289905.0,,14.69,16.69,18:00,0.4319,"43,4",148.9 mm,₺1.32,"780,149",  3.0  ,51%
Malatya,Eastern Anatolia,Medium City,2019,10,Autumn,4.25,44.07,781118,273.02,9607.76,Low,3.0,286998.0,21.56,16.39,16.34,19:00,0.3016,"58,2",126.7 mm,₺1.8,"819,023",  8.1  ,97%
Hatay,Mediterranean,Large City,2022,12,Winter,,82.35,1609856,913.21,9024.19,Low,5.0,519096.0,11.81,9.74,30.11,08:00,1.0024,"36,4",232.0 mm,₺1.39,"118,782",  3.6  ,94%
Tekirdag,Marmara,Medium City,2017,8,Summer,30.71,82.24,1085000,1334.71,13841.26,Medium,4.0,365408.0,40.57,13.95,20.58,08:00,0.5956,"14,1",31.1 mm,₺1.42,"651,835",  4.9  ,97%
Canakkale,Marmara,Small City,2016,3,Spring,18.41,,542000,111.66,7307.37,Low,3.0,175280.0,43.33,18.4,47.27,20:00,0.2216,"53,1",20.7 mm,₺2.17,"144,733",,61%
Van,Eastern Anatolia,Medium City,2019,1,Winter,-5.15,83.28,1126384,272.95,8393.21,Low,3.0,318970.0,35.48,13.61,45.29,19:00,0.6847,"10,9",39.1 mm,₺1.65,"368,838",  3.0  ,92%
Hatay,Mediterranean,Large City,2016,5,Spring,23.88,56.77,1609856,638.25,6912.64,Low,6.0,579377.0,18.9,6.09,46.08,08:00,0.6369,"44,4",48.0 mm,₺1.65,,  6.8  ,49%
Erzurum,Eastern Anatolia,Medium City,2018,3,Spring,10.4,69.73,762321,185.51,8431.29,Low,1.0,236781.0,6.51,6.07,16.49,10:00,0.284,"9,3",207.9 mm,₺2.25,"111,384",,74%
Afyonkarahisar,Aegean,Small City,2015,11,Autumn,21.35,63.33,734000,224.93,9273.14,Low,1.0,257936.0,21.54,6.09,55.69,20:00,0.2164,"53,1",237.5 mm,₺0.87,"526,672",  8.7  ,71%
Mardin,Southeastern Anatolia,Small City,2016,11,Autumn,19.72,81.48,833645,199.84,5659.86,Low,2.0,312498.0,,6.75,23.88,10:00,0.3122,,,₺1.26,"290,574",  11.4  ,34%
Gaziantep,Southeastern Anatolia,Large City,2023,8,Summer,35.87,61.77,2101263,1348.57,16757.79,High,7.0,720435.0,30.19,,71.85,21:00,1.9622,"48,3",84.9 mm,₺2.32,"828,692",  5.6  ,95%
Antalya,Mediterranean,Large City,2023,10,Autumn,23.39,80.31,2619832,558.72,11394.12,Low,,979934.0,23.68,10.11,15.38,08:00,1.1392,"63,0",13.2 mm,₺1.15,"411,512",  6.6  ,73%
Sakarya,Marmara,Medium City,2015,3,Spring,15.94,63.85,1003000,409.81,14292.45,Medium,4.0,295229.0,20.85,9.44,19.84,20:00,0.4381,"10,0",150.0 mm,,"459,611",  7.1  ,93%
Malatya,Eastern Anatolia,Medium City,2020,11,Autumn,7.77,48.28,781118,188.61,10472.67,Low,2.0,224242.0,17.89,16.65,52.93,20:00,0.2835,,79.5 mm,₺2.29,"176,306",  11.1  ,35%
Balıkesir,Marmara,Medium City,2023,5,Spring,18.49,77.8,1264958,485.22,7317.46,Low,5.0,472716.0,31.7,15.58,24.61,08:00,0.4821,"62,2",29.4 mm,₺1.79,"439,125",  8.3  ,38%
Erzurum,Eastern Anatolia,Medium City,2017,4,Spring,11.15,,762321,205.99,6737.17,Low,1.0,281872.0,23.48,17.67,27.2,21:00,0.3267,"44,8",179.1 mm,₺2.41,"241,907",  8.1  ,98%
Trabzon,Black Sea,Medium City,2016,9,Autumn,9.88,58.64,811874,786.04,9826.48,Low,3.0,278849.0,40.27,6.82,47.84,10:00,0.2978,"49,0",93.2 mm,₺2.02,"180,781",  4.7  ,89%
Gaziantep,Southeastern Anatolia,Large City,2019,9,Autumn,17.61,47.88,2101263,1187.49,20165.46,High,6.0,775453.0,29.1,12.88,10.21,21:00,1.1873,"30,4",192.2 mm,₺0.53,"485,476",  11.2  ,32%
Mersin,Mediterranean,Large City,2016,6,Summer,39.33,55.2,1936586,578.6,14557.02,Medium,6.0,617091.0,22.65,15.75,23.73,20:00,1.2576,"63,7",241.2 mm,,"870,214",  5.0  ,43%
Malatya,Eastern Anatolia,Medium City,2015,5,Spring,10.77,68.53,781118,171.17,9046.6,Low,2.0,295421.0,40.47,15.06,14.1,08:00,0.2776,"18,7",155.0 mm,₺1.11,"631,795",  6.8  ,86%
Konya,Central Anatolia,Large City,2016,12,Winter,-2.81,74.55,2320259,829.01,,Medium,7.0,805945.0,,,37.54,19:00,0.4374,"24,4",142.6 mm,₺1.68,"150,397",  10.2  ,69%
Mersin,Mediterranean,Large City,2015,11,Autumn,24.33,56.72,1936586,1439.51,12505.5,Medium,4.0,587140.0,35.99,8.14,13.24,09:00,0.7862,"61,9",280.8 mm,₺1.49,"647,967",  10.4  ,51%
Denizli,Aegean,Medium City,2022,3,Spring,22.34,56.63,1062840,249.56,11797.26,Medium,2.0,354539.0,30.29,14.5,15.87,,0.5814,"35,3",146.1 mm,₺2.05,"798,003",  9.7  ,52%
Van,Eastern Anatolia,Medium City,2020,6,Summer,23.8,62.67,1126384,609.96,10120.04,Low,4.0,413461.0,27.68,,39.89,20:00,0.6726,"76,0",,₺1.33,,  6.8  ,80%
Afyonkarahisar,Aegean,Small City,2015,2,Winter,4.7,64.72,734000,234.19,9154.38,Low,1.0,231565.0,27.41,15.93,49.82,18:00,0.323,"39,3",102.7 mm,₺1.06,"562,757",  9.1  ,82%
Denizli,Aegean,Medium City,2020,12,Winter,4.0,66.06,1062840,605.69,13798.03,Medium,2.0,306685.0,42.66,12.41,66.46,20:00,0.7178,"28,8",276.0 mm,₺1.44,"90,323",  7.9  ,73%
Adana,Mediterranean,Large City,2021,2,Winter,9.87,51.72,2237940,1561.1,13401.63,High,8.0,803365.0,35.95,6.27,16.9,09:00,2.034,"28,8",98.6 mm,₺2.1,"898,597",  2.7  ,41%
Manisa,Aegean,Medium City,2018,6,Summer,,62.56,1452881,1617.96,11959.89,Medium,5.0,510463.0,17.17,12.72,70.2,20:00,0.8598,"36,6",280.7 mm,₺2.05,"370,028",  8.2  ,33%
Mersin,Mediterranean,Large City,2016,3,Spring,22.57,47.41,1936586,488.65,11492.64,Medium,6.0,727971.0,19.46,12.34,72.37,21:00,0.8088,"19,9",38.9 mm,₺1.95,"759,560",  3.9  ,62%
Balıkesir,Marmara,Medium City,2021,2,Winter,-1.89,59.42,1264958,2281.17,8630.83,Low,5.0,398124.0,43.57,11.17,38.89,08:00,0.6965,"16,6",111.0 mm,₺0.65,"62,021",  5.7  ,46%
Sakarya,Marmara,Medium City,2020,3,Spring,,62.06,1003000,280.1,11724.75,Medium,4.0,331275.0,9.14,10.93,22.13,09:00,0.4685,"68,3",16.3 mm,₺1.49,"716,203",  10.6  ,93%
Balıkesir,Marmara,Medium City,2019,9,Autumn,14.54,55.24,1264958,2240.93,9143.41,Low,4.0,399913.0,21.09,15.99,55.05,21:00,0.4698,"29,5",35.9 mm,₺1.21,"753,480",  8.4  ,36%
Erzurum,Eastern Anatolia,Medium City,2017,2,Winter,,50.75,762321,493.57,7656.0,Low,1.0,283280.0,7.81,,71.47,10:00,0.4433,"38,2",86.8 mm,₺1.85,"82,827",  11.8  ,
Erzurum,Eastern Anatolia,Medium City,2017,5,Spring,10.26,46.17,762321,200.69,,Low,3.0,282242.0,9.66,13.2,32.36,08:00,0.28,"69,0",226.8 mm,₺1.61,"9,369",  7.8  ,50%
Izmir,Aegean,Megacity,2021,9,Autumn,18.69,76.59,4394694,1651.48,17256.17,High,13.0,1269465.0,22.29,19.69,69.95,19:00,9.162,"57,6",233.7 mm,₺1.43,"377,231",  8.7  ,77%
Izmir,Aegean,Megacity,2022,10,Autumn,18.15,58.6,4394694,1220.75,16589.78,High,11.0,,28.61,12.63,46.73,18:00,2.9308,"74,4",86.2 mm,₺2.13,"896,976",  11.9  ,77%
Adana,Mediterranean,Large City,2021,5,Spring,,42.05,2237940,4336.26,19191.6,High,8.0,643996.0,16.17,10.52,56.38,09:00,1.4205,"42,8",79.5 mm,,"832,645",  5.8  ,52%
Konya,Central Anatolia,Large City,2020,1,Winter,-1.8,84.48,2320259,715.61,12538.48,Medium,7.0,679271.0,28.02,17.39,38.31,21:00,1.8115,"62,9",242.7 mm,₺2.39,"849,976",  4.5  ,42%
Samsun,Black Sea,Large City,2016,8,Summer,29.47,58.15,1361505,556.42,8765.56,Low,5.0,451521.0,44.58,7.37,61.53,19:00,0.7121,"5,9",244.0 mm,₺1.55,"391,419",  11.1  ,52%
Sivas,Central Anatolia,Medium City,2015,7,Summer,27.95,56.85,634149,250.88,10008.43,Low,1.0,235381.0,23.71,,63.65,09:00,0.282,"41,9",85.3 mm,₺2.24,"894,425",  11.9  ,69%
Izmir,Aegean,Megacity,2020,8,Summer,36.13,78.0,4394694,1464.59,19450.33,High,13.0,1346617.0,,9.33,29.69,21:00,3.5739,"29,4",224.1 mm,₺1.72,"871,289",  4.4  ,90%
Mugla,Aegean,Medium City,2017,9,Autumn,21.99,48.66,1012321,221.57,6538.86,Low,4.0,324687.0,10.2,12.45,55.43,19:00,0.4139,"56,8",172.8 mm,₺2.44,"189,556",  10.2  ,85%
Kocaeli,Marmara,Large City,2020,2,Winter,-1.03,48.22,2031963,656.81,20611.29,High,8.0,712371.0,37.82,7.04,69.79,,1.7632,"20,4",123.5 mm,₺2.17,"639,424",  7.2  ,65%
Adana,Mediterranean,Large City,2020,9,Autumn,20.85,44.18,2237940,3034.01,18043.57,High,8.0,677075.0,,6.56,55.69,18:00,1.5239,"27,8",,₺1.06,"618,189",  5.1  ,
Mersin,Mediterranean,Large City,2020,11,Autumn,21.74,79.34,1936586,451.95,14434.44,Medium,5.0,,43.75,12.26,45.86,21:00,1.152,"50,9",180.7 mm,₺0.51,"823,612",  8.3  ,41%
Canakkale,Marmara,Small City,2020,1,Winter,0.22,64.41,542000,163.18,8512.95,Low,2.0,153365.0,41.17,5.3,20.75,18:00,0.32,"48,3",115.1 mm,₺0.66,"392,288",  3.1  ,65%
Konya,Central Anatolia,Large City,2016,3,Spring,14.54,44.31,2320259,836.72,13185.86,Medium,5.0,860911.0,18.78,14.39,27.81,21:00,1.0727,"20,8",113.0 mm,₺1.43,"809,876",  7.8  ,52%
Kocaeli,Marmara,Large City,2015,9,Autumn,14.53,64.82,2031963,692.37,17401.04,High,6.0,747518.0,5.63,17.36,54.32,18:00,1.103,"66,9",183.1 mm,,"430,690",  8.8  ,53%
Afyonkarahisar,Aegean,Small City,2021,7,Summer,31.61,46.03,734000,203.1,8650.37,Low,1.0,235452.0,12.77,18.71,23.81,,0.3592,"73,8",168.4 mm,₺1.59,"777,546",  2.5  ,96%
Van,Eastern Anatolia,Medium City,2019,5,Spring,12.01,46.28,1126384,339.86,9606.91,Low,3.0,342662.0,40.71,9.15,66.52,20:00,0.4901,"7,0",155.0 mm,₺1.98,"642,037",  5.9  ,49%
Denizli,Aegean,Medium City,2021,7,Summer,33.25,65.42,1062840,426.28,,Medium,3.0,,30.95,15.91,19.13,08:00,0.7803,"20,5",133.5 mm,₺1.19,"591,075",  8.0  ,44%
Konya,Central Anatolia,Large City,2017,7,Summer,29.1,65.37,2320259,905.36,13008.68,Medium,6.0,860175.0,6.77,5.71,66.77,08:00,1.5015,"51,0",32.5 mm,₺1.88,"830,018",  7.9  ,54%
Eskisehir,Central Anatolia,Medium City,2022,5,Spring,15.22,77.89,882456,189.73,12509.01,Medium,2.0,308273.0,42.04,8.27,55.97,20:00,0.4572,"5,6",47.1 mm,₺1.78,"535,628",  2.9  ,66%
Kahramanmaras,Mediterranean,Medium City,2019,4,Spring,23.32,57.1,1178234,507.58,8345.46,Low,2.0,427666.0,,6.22,73.49,19:00,0.3699,"24,9",216.7 mm,₺1.22,"205,084",  4.3  ,49%
Adana,Mediterranean,Large City,2015,10,Autumn,26.2,64.54,2237940,824.85,18895.96,High,7.0,,34.82,12.58,42.67,20:00,1.2205,"51,1",88.8 mm,₺1.65,"335,348",  5.8  ,48%
Mugla,Aegean,Medium City,2022,9,Autumn,21.56,51.55,1012321,414.47,13459.61,Low,2.0,375165.0,21.41,6.6,12.68,18:00,0.4822,"45,4",195.2 mm,₺2.18,"719,629",  6.9  ,39%
Ankara,Central Anatolia,Megacity,2018,4,Spring,12.52,67.87,5639076,1650.27,16919.38,High,15.0,1603775.0,25.49,16.6,55.07,,3.031,"5,1",135.9 mm,₺2.47,"534,465",  2.4  ,76%
Mugla,Aegean,Medium City,2019,12,Winter,5.67,73.59,1012321,326.63,6901.45,Low,2.0,375939.0,23.03,10.74,25.22,21:00,0.6407,"33,9",258.7 mm,₺2.11,"348,728",  4.9  ,97%
Van,Eastern Anatolia,Medium City,2020,9,Autumn,6.21,55.55,1126384,1621.43,8616.02,Low,4.0,421207.0,37.75,9.29,69.44,18:00,0.4896,"60,4",98.3 mm,₺2.21,"35,211",  7.9  ,43%
Gaziantep,Southeastern Anatolia,Large City,2018,8,Summer,37.72,53.62,2101263,683.88,16751.26,High,8.0,590457.0,11.38,18.28,67.36,21:00,1.4825,"71,3",26.6 mm,₺0.52,"49,038",  9.3  ,65%
Mugla,Aegean,Medium City,2020,7,Summer,34.75,71.82,1012321,251.86,9082.34,Low,3.0,349594.0,14.27,5.22,42.05,19:00,1.5211,"78,8",296.5 mm,₺1.89,"723,365",  4.9  ,65%
Malatya,Eastern Anatolia,Medium City,2023,6,Summer,24.37,46.66,781118,289.68,5769.4,Low,2.0,236192.0,16.92,11.18,70.61,08:00,0.503,"23,6",98.7 mm,₺1.81,,  6.6  ,82%
Bursa,Marmara,Large City,2018,2,Winter,-1.33,50.8,3056120,745.1,14286.19,High,8.0,944094.0,6.39,11.14,62.58,21:00,3.0962,"5,6",147.0 mm,₺0.75,,,63%
Kahramanmaras,Mediterranean,Medium City,2021,9,Autumn,23.49,51.56,1178234,1867.56,8747.05,Low,4.0,411636.0,40.36,14.06,35.31,18:00,0.3656,"24,2",67.8 mm,₺1.31,"603,531",  6.0  ,61%
Trabzon,Black Sea,Medium City,2019,7,Summer,30.4,75.07,811874,556.97,8060.82,Low,4.0,269550.0,21.64,7.76,42.24,18:00,0.4116,"54,2",221.3 mm,₺2.5,"651,217",  2.1  ,86%
Antalya,Mediterranean,Large City,2019,3,Spring,27.01,73.17,2619832,1022.52,11658.91,Low,7.0,747167.0,32.97,15.67,65.88,10:00,0.919,"30,4",67.5 mm,₺1.3,"863,182",  5.8  ,83%
Adana,Mediterranean,Large City,2023,2,Winter,10.75,55.89,2237940,1640.25,17438.32,High,8.0,776233.0,19.06,9.37,63.83,18:00,2.0246,"55,1",12.7 mm,₺1.96,"598,608",  11.5  ,43%
Kocaeli,Marmara,Large City,2022,5,Spring,20.19,65.12,2031963,430.98,17758.19,High,8.0,580549.0,9.48,9.05,44.53,20:00,1.3242,"74,3",293.7 mm,₺0.78,"810,157",  2.8  ,88%
Hatay,Mediterranean,Large City,2023,4,Spring,24.13,45.74,1609856,465.1,8296.46,Low,6.0,602694.0,22.57,9.13,34.54,10:00,0.6239,,94.0 mm,₺1.22,"750,273",  4.5  ,77%
Kocaeli,Marmara,Large City,2017,1,Winter,1.27,68.05,2031963,2289.48,17585.67,High,7.0,623527.0,37.2,19.51,42.16,08:00,1.7305,"52,6",126.1 mm,₺0.83,"689,254",  9.3  ,48%
Balıkesir,Marmara,Medium City,2018,2,Winter,0.2,70.05,1264958,994.89,11729.92,Low,3.0,440887.0,42.95,5.91,11.62,20:00,0.6086,"13,4",169.5 mm,₺1.59,"260,778",  10.0  ,
Kocaeli,Marmara,Large City,2018,1,Winter,-2.1,69.47,2031963,794.65,17871.87,High,6.0,,19.18,17.19,74.65,18:00,2.0157,"51,3",119.2 mm,₺1.77,"444,952",  6.8  ,36%
Denizli,Aegean,Medium City,2015,10,Autumn,15.33,65.39,1062840,1121.19,11823.26,Medium,3.0,327241.0,5.94,11.44,18.4,18:00,0.5062,"31,3",248.6 mm,₺1.49,"785,350",  2.1  ,77%
Hatay,Mediterranean,Large City,2018,6,Summer,36.36,82.26,1609856,451.64,6948.19,Low,5.0,589889.0,13.7,9.54,59.86,20:00,0.8108,"14,9",66.8 mm,₺2.33,"555,620",  4.4  ,96%
Afyonkarahisar,Aegean,Small City,2022,4,Spring,21.16,69.53,734000,328.31,8278.84,Low,3.0,217785.0,36.55,10.27,12.17,18:00,0.099,"66,8",69.1 mm,₺1.09,"200,533",  9.2  ,77%
Kocaeli,Marmara,Large City,2020,11,Autumn,12.81,81.95,2031963,1400.91,,High,8.0,593755.0,43.55,16.91,70.28,20:00,1.3211,"71,1",158.8 mm,₺1.06,"221,657",  9.9  ,92%
Istanbul,Marmara,Megacity,2021,4,Spring,18.2,55.02,15840900,7974.38,20389.68,High,40.0,4475752.0,,18.88,56.03,09:00,8.9918,"21,0",101.1 mm,₺1.66,"853,036",  7.2  ,69%
Sakarya,Marmara,Medium City,2016,12,Winter,0.13,68.31,1003000,358.24,14208.68,Medium,4.0,351587.0,26.11,8.98,18.88,19:00,0.7329,"45,2",176.4 mm,₺2.08,"152,927",  2.1  ,51%
Trabzon,Black Sea,Medium City,2017,12,Winter,-2.05,61.11,811874,629.01,9554.61,Low,3.0,281688.0,19.54,8.25,73.09,20:00,0.4028,"30,0",228.5 mm,₺2.43,"792,979",  11.2  ,41%
Eskisehir,Central Anatolia,Medium City,2023,11,Autumn,10.76,66.33,882456,403.79,12601.12,Medium,3.0,255932.0,22.99,13.16,70.59,09:00,0.4876,"43,9",,₺1.97,"781,772",  11.8  ,65%
Tekirdag,Marmara,Medium City,2020,6,Summer,30.24,,1085000,464.61,13596.64,Medium,4.0,403376.0,23.36,8.66,40.7,10:00,0.7267,"23,7",98.8 mm,₺0.92,,  5.1  ,47%
Afyonkarahisar,Aegean,Small City,2020,2,Winter,2.72,47.08,734000,181.21,5674.07,Low,2.0,258238.0,13.93,15.29,27.87,09:00,0.4105,"12,7",226.5 mm,₺1.66,"125,690",  3.4  ,41%
Sakarya,Marmara,Medium City,2016,11,Autumn,13.02,79.09,1003000,1179.71,12837.86,Medium,2.0,338814.0,,15.94,64.79,08:00,0.4743,"48,7",,₺1.35,"272,378",  8.2  ,99%
Adana,Mediterranean,Large City,2017,2,Winter,7.14,56.86,2237940,1126.96,17779.78,High,7.0,666793.0,39.88,10.91,10.22,18:00,1.9661,"12,5",177.8 mm,₺1.71,"412,472",  3.4  ,53%
Mardin,Southeastern Anatolia,Small City,2020,8,Summer,33.82,62.75,833645,250.19,,Low,2.0,300303.0,24.09,15.02,,09:00,0.521,"39,2",297.7 mm,₺2.28,"416,798",  8.1  ,80%
Van,Eastern Anatolia,Medium City,2016,4,Spring,9.62,54.08,1126384,240.75,9154.83,Low,3.0,417280.0,37.09,12.16,47.38,21:00,0.4125,"33,1",222.0 mm,₺1.42,"168,300",  3.9  ,84%
Mersin,Mediterranean,Large City,2019,2,Winter,10.51,61.67,1936586,688.18,14685.2,Medium,5.0,582181.0,16.56,9.35,40.9,09:00,1.4074,"71,4",165.4 mm,₺0.87,"799,714",  3.5  ,65%
Mardin,Southeastern Anatolia,Small City,2017,12,Winter,,,833645,840.63,8984.47,Low,3.0,262474.0,24.43,11.88,63.15,20:00,0.4087,"31,4",40.4 mm,₺2.21,"40,878",  10.3  ,98%
Malatya,Eastern Anatolia,Medium City,2021,1,Winter,,78.27,781118,222.17,8857.44,Low,2.0,282137.0,21.76,14.0,64.69,20:00,0.4366,"24,8",58.0 mm,₺0.61,"101,014",  11.5  ,
Adana,Mediterranean,Large City,2021,4,Spring,24.31,57.15,2237940,533.47,19096.13,High,6.0,716288.0,29.95,12.23,74.1,20:00,1.5337,"49,8",37.6 mm,₺1.79,,  3.1  ,79%
Eskisehir,Central Anatolia,Medium City,2019,8,Summer,28.2,56.98,882456,864.13,11981.04,Medium,2.0,308823.0,43.78,16.02,65.44,10:00,0.5341,"6,2",108.8 mm,₺2.26,"801,230",  4.0  ,63%
Tekirdag,Marmara,Medium City,2023,6,Summer,30.68,54.0,1085000,510.47,,Medium,3.0,341701.0,7.32,13.75,64.83,21:00,0.794,"69,1",192.3 mm,₺2.02,"877,491",  9.4  ,61%
Antalya,Mediterranean,Large City,2015,1,Winter,7.66,83.26,2619832,524.43,8431.89,Low,6.0,809905.0,29.56,8.2,65.55,08:00,1.2652,"9,1",202.1 mm,₺2.02,"718,775",  2.3  ,82%
Kocaeli,Marmara,Large City,2018,7,Summer,28.81,42.75,2031963,407.71,18738.51,High,8.0,581393.0,,16.96,67.78,19:00,1.479,"72,6",151.7 mm,₺0.98,"309,443",  6.6  ,47%
Canakkale,Marmara,Small City,2018,10,Autumn,16.11,55.89,542000,938.06,7310.79,Low,3.0,198360.0,22.59,12.86,51.07,19:00,0.176,"44,6",289.3 mm,,"332,021",  7.0  ,91%
Trabzon,Black Sea,Medium City,2022,7,Summer,29.2,66.78,811874,327.27,7129.08,Low,4.0,,6.87,8.45,64.95,19:00,0.4595,"42,8",280.1 mm,₺2.39,"358,117",  2.4  ,90%
Istanbul,Marmara,Megacity,2015,10,Autumn,16.51,72.96,15840900,4271.72,15414.13,High,40.0,,29.33,15.73,54.18,08:00,9.2524,"56,0",98.8 mm,₺1.96,"771,468",  10.1  ,74%
Antalya,Mediterranean,Large City,2020,12,Winter,11.27,58.38,2619832,888.66,9494.0,Low,6.0,788068.0,43.4,16.52,34.97,18:00,1.4749,"57,7",74.5 mm,₺1.05,"318,993",  4.1  ,69%
Canakkale,Marmara,Small City,2017,5,Spring,21.44,77.89,542000,200.25,,Low,2.0,163832.0,35.44,12.87,31.95,18:00,0.1847,"36,1",93.1 mm,₺1.38,"414,294",,99%
Erzurum,Eastern Anatolia,Medium City,2017,7,Summer,21.95,74.59,762321,160.68,,Low,1.0,237972.0,35.69,8.09,40.26,21:00,0.3653,"35,8",173.0 mm,₺0.97,,,30%
Ankara,Central Anatolia,Megacity,2020,6,Summer,26.23,54.16,5639076,6691.77,17711.84,High,17.0,2050568.0,44.22,10.21,26.67,10:00,4.9669,"56,4",282.4 mm,₺2.48,"391,546",  5.7  ,55%
Manisa,Aegean,Medium City,2020,7,Summer,38.25,82.33,1452881,347.88,15111.29,Medium,3.0,416543.0,7.5,10.03,73.4,20:00,0.9431,,117.3 mm,₺0.81,"688,679",  10.3  ,83%
Balıkesir,Marmara,Medium City,2015,3,Spring,17.41,66.93,1264958,636.67,10118.11,Low,5.0,465155.0,28.95,5.97,67.02,,0.4231,"41,4",265.9 mm,₺1.14,"582,980",  4.7  ,36%
Mersin,Mediterranean,Large City,2021,2,Winter,8.82,48.86,1936586,1547.53,11541.32,Medium,6.0,624562.0,34.37,15.91,70.11,18:00,1.4579,"52,1",,₺1.03,"258,717",,
Kocaeli,Marmara,Large City,2020,1,Winter,-1.06,43.31,2031963,684.38,18430.48,High,7.0,622868.0,31.9,15.2,31.47,18:00,1.6901,,108.2 mm,₺1.61,"425,806",  10.5  ,70%
Malatya,Eastern Anatolia,Medium City,2020,3,Spring,7.3,53.89,781118,167.84,8317.42,Low,3.0,292385.0,15.85,11.82,21.93,09:00,0.3178,"31,6",141.0 mm,₺2.48,"205,234",  3.8  ,43%
Malatya,Eastern Anatolia,Medium City,2019,9,Autumn,7.52,51.22,781118,255.26,9560.22,Low,2.0,260868.0,8.05,,34.21,,0.3013,"47,2",150.0 mm,₺2.05,"150,215",  11.8  ,
Afyonkarahisar,Aegean,Small City,2022,5,Spring,,49.15,734000,440.0,7865.01,Low,2.0,246811.0,37.69,5.19,40.51,10:00,0.2919,"67,8",280.1 mm,₺1.53,"521,268",  10.1  ,34%
Mersin,Mediterranean,Large City,2015,2,Winter,9.85,73.13,1936586,626.04,11236.77,Medium,5.0,640986.0,32.53,19.57,51.52,19:00,1.3765,"35,8",86.2 mm,₺0.55,"287,943",  8.8  ,63%
Canakkale,Marmara,Small City,2015,4,Spring,20.73,62.38,542000,163.33,9083.22,Low,2.0,173173.0,18.66,5.43,70.48,21:00,0.181,"34,0",,₺0.62,"870,241",  9.1  ,78%
Canakkale,Marmara,Small City,2019,3,Spring,17.32,64.62,542000,134.23,6732.02,Low,2.0,204134.0,30.22,17.1,39.55,09:00,0.2038,"24,9",236.8 mm,₺2.23,"785,367",  4.9  ,34%
Eskisehir,Central Anatolia,Medium City,2022,8,Summer,25.44,76.28,882456,804.19,13090.82,Medium,3.0,260348.0,33.34,11.98,37.24,09:00,0.5577,"47,9",69.2 mm,₺0.79,"21,896",  5.0  ,37%
Trabzon,Black Sea,Medium City,2020,5,Spring,14.23,79.28,811874,403.06,9687.81,Low,3.0,265411.0,35.32,6.26,38.29,10:00,0.3271,"71,7",145.8 mm,₺2.35,"431,675",  4.0  ,44%
Istanbul,Marmara,Megacity,2020,11,Autumn,17.92,70.6,15840900,5395.38,17564.32,High,40.0,5317865.0,41.38,5.27,,20:00,9.2723,"7,0",205.1 mm,,"158,173",  7.4  ,41%
Bursa,Marmara,Large City,2020,10,Autumn,15.35,40.54,3056120,711.55,18600.25,High,9.0,1004186.0,7.47,8.13,15.59,20:00,1.6074,"37,6",266.4 mm,₺1.77,"719,338",  5.5  ,98%
Eskisehir,Central Anatolia,Medium City,2016,2,Winter,-3.72,50.18,882456,454.63,15480.45,Medium,2.0,253100.0,,18.48,29.64,18:00,1.6749,"60,6",135.1 mm,₺0.88,"794,336",  4.7  ,71%
Van,Eastern Anatolia,Medium City,2021,8,Summer,21.39,,1126384,456.99,10119.13,Low,3.0,422445.0,39.67,9.24,47.81,08:00,0.6585,"40,8",229.7 mm,₺2.41,"843,929",  7.1  ,72%
Diyarbakir,Southeastern Anatolia,Large City,2016,1,Winter,5.12,52.76,1801268,985.09,11641.37,Low,,636732.0,,,74.04,20:00,1.0677,"76,1",125.4 mm,₺1.21,"10,521",  5.8  ,32%
Istanbul,Marmara,Megacity,2017,4,Spring,14.88,40.98,15840900,8236.25,17148.12,High,41.0,4770830.0,38.84,16.04,19.44,09:00,9.1223,"29,3",279.1 mm,₺0.61,"631,738",  7.3  ,52%
Denizli,Aegean,Medium City,2021,5,Spring,22.57,67.71,1062840,226.3,11358.84,Medium,3.0,317308.0,44.61,5.0,34.96,10:00,0.4167,"62,0",64.4 mm,₺0.55,"729,957",  6.9  ,96%
Kocaeli,Marmara,Large City,2022,6,Summer,29.33,55.28,2031963,1754.65,16407.39,High,6.0,706900.0,,15.57,49.79,20:00,1.6676,"54,7",191.3 mm,₺1.21,"111,810",  9.6  ,98%
Eskisehir,Central Anatolia,Medium City,2016,7,Summer,25.04,44.24,882456,272.55,13235.56,Medium,2.0,272091.0,15.89,17.98,33.85,19:00,0.5493,"41,8",23.2 mm,₺0.99,"464,923",  8.9  ,44%
Ankara,Central Anatolia,Megacity,2016,11,Autumn,15.42,,5639076,1567.89,20206.76,High,15.0,2022682.0,40.68,19.33,30.5,10:00,3.2237,"11,6",75.8 mm,₺1.06,"297,492",  4.8  ,35%
Mersin,Mediterranean,Large City,2015,11,Autumn,28.33,84.84,1936586,2124.17,12171.67,Medium,6.0,657071.0,13.95,13.05,47.71,18:00,0.9278,"51,0",134.6 mm,₺1.56,"292,433",  2.6  ,88%
Sakarya,Marmara,Medium City,2019,8,Summer,30.43,55.31,1003000,1038.71,13176.95,Medium,4.0,338549.0,27.27,11.27,57.79,09:00,0.6357,"26,3",191.2 mm,₺1.14,"72,121",  6.0  ,32%
Bursa,Marmara,Large City,2018,3,Spring,20.04,52.32,3056120,657.99,17500.18,High,8.0,863200.0,13.41,7.04,70.82,18:00,1.6664,"65,6",273.0 mm,₺1.85,"352,018",,64%
Malatya,Eastern Anatolia,Medium City,2023,8,Summer,,79.72,781118,188.71,7442.04,Low,1.0,289235.0,17.79,17.92,67.95,19:00,0.4955,"12,5",249.4 mm,₺2.3,"644,084",  11.1  ,
Tekirdag,Marmara,Medium City,2019,11,Autumn,16.09,46.77,1085000,492.8,13453.17,Medium,4.0,329873.0,44.33,,51.47,19:00,0.4715,"38,1",139.0 mm,₺0.82,"244,134",  4.3  ,44%
Antalya,Mediterranean,Large City,2016,2,Winter,9.33,73.41,2619832,1241.78,8010.34,Low,8.0,943227.0,39.14,15.55,44.27,18:00,1.4153,"38,5",254.6 mm,₺0.54,"425,625",  9.0  ,39%
Erzurum,Eastern Anatolia,Medium City,2019,4,Spring,8.78,51.12,762321,195.86,8008.21,Low,3.0,278240.0,34.68,15.24,24.02,21:00,0.3012,"53,7",,₺1.75,"497,697",  4.8  ,33%
Izmir,Aegean,Megacity,2022,1,Winter,5.5,81.89,4394694,3843.32,18113.71,High,12.0,1384730.0,22.66,18.32,17.61,,3.8382,"8,2",11.4 mm,₺1.82,"845,348",  6.6  ,87%
Tekirdag,Marmara,Medium City,2022,5,Spring,13.92,51.66,1085000,299.16,,Medium,4.0,384041.0,44.09,10.69,11.98,20:00,0.5271,"52,9",205.1 mm,₺2.04,"882,324",  4.9  ,78%
Adana,Mediterranean,Large City,2018,4,Spring,24.51,53.33,2237940,746.89,16185.05,High,,791946.0,23.51,8.32,11.79,08:00,1.2692,"8,3",243.5 mm,₺1.14,"66,412",,34%
Afyonkarahisar,Aegean,Small City,2015,3,Spring,21.1,,734000,164.07,8736.06,Low,1.0,231318.0,40.86,5.01,17.4,,0.2807,"24,6",115.5 mm,₺2.39,"362,538",  7.2  ,36%
Balıkesir,Marmara,Medium City,2019,1,Winter,-0.12,66.11,1264958,497.82,6980.09,Low,4.0,416688.0,30.15,8.66,41.37,21:00,0.7117,"45,4",31.0 mm,₺0.9,"446,349",  6.7  ,74%
Diyarbakir,Southeastern Anatolia,Large City,2023,8,Summer,37.89,48.97,1801268,715.63,12318.0,Low,4.0,680000.0,21.63,12.98,12.76,08:00,0.9941,"75,0",140.9 mm,,"794,350",  9.8  ,30%
Malatya,Eastern Anatolia,Medium City,2016,9,Autumn,6.61,,781118,908.78,7910.91,Low,3.0,240939.0,32.78,5.83,63.25,19:00,0.2922,"61,9",182.2 mm,₺0.68,"678,564",  12.0  ,69%
Erzurum,Eastern Anatolia,Medium City,2022,8,Summer,24.91,56.8,762321,173.36,10784.87,Low,3.0,234116.0,29.4,9.69,48.85,08:00,0.4698,"50,7",176.6 mm,₺1.33,"842,996",  10.1  ,61%
Erzurum,Eastern Anatolia,Medium City,2023,6,Summer,24.22,57.57,762321,1019.15,7532.12,Low,1.0,253635.0,10.94,13.31,57.72,18:00,0.4541,"63,5",161.9 mm,₺2.0,"840,507",  9.0  ,43%
Trabzon,Black Sea,Medium City,2018,11,Autumn,15.37,43.0,811874,224.17,5490.61,Low,4.0,254345.0,26.71,11.47,57.49,09:00,0.3717,"9,9",208.8 mm,₺0.72,"134,568",  5.6  ,69%
Samsun,Black Sea,Large City,2015,1,Winter,-3.61,41.55,1361505,416.65,11019.51,Low,5.0,425175.0,41.78,9.4,14.29,19:00,0.7112,"23,3",177.6 mm,₺0.8,"356,994",  2.4  ,84%
Diyarbakir,Southeastern Anatolia,Large City,2020,12,Winter,5.24,58.21,1801268,407.37,8744.39,Low,4.0,659495.0,38.26,14.96,73.45,10:00,1.102,"66,4",159.1 mm,₺1.72,"171,237",  6.4  ,42%
Mersin,Mediterranean,Large City,2015,10,Autumn,20.52,52.83,1936586,651.99,13684.76,Medium,6.0,622790.0,34.98,14.6,54.11,20:00,0.9441,"55,7",171.6 mm,₺2.18,"374,982",,47%
Sakarya,Marmara,Medium City,2023,7,Summer,36.07,,1003000,346.02,11929.67,Medium,2.0,,23.38,19.9,45.55,18:00,0.7118,"33,4",132.8 mm,₺2.1,"652,072",  3.7  ,84%
Tekirdag,Marmara,Medium City,2019,10,Autumn,17.79,49.31,1085000,294.86,13145.46,Medium,2.0,350492.0,38.9,7.73,20.76,10:00,0.5282,"52,1",180.5 mm,₺1.17,"821,197",  8.2  ,83%
Afyonkarahisar,Aegean,Small City,2020,8,Summer,33.72,44.82,734000,238.28,9426.74,Low,3.0,221502.0,22.93,12.34,15.09,08:00,0.414,"9,7",220.0 mm,₺1.73,"407,371",  7.3  ,61%
Sivas,Central Anatolia,Medium City,2017,4,Spring,15.41,47.09,634149,207.83,7274.33,Low,1.0,236042.0,19.4,14.59,19.86,,0.252,"26,7",40.0 mm,₺1.95,"511,957",  8.3  ,67%
Samsun,Black Sea,Large City,2016,7,Summer,30.34,56.06,1361505,1380.4,9543.54,Low,3.0,499759.0,17.98,10.21,18.39,21:00,0.6862,"57,9",60.7 mm,,"108,533",  10.8  ,59%
Izmir,Aegean,Megacity,2015,6,Summer,35.14,71.51,4394694,1376.72,16970.48,High,11.0,1398361.0,19.34,18.45,54.81,20:00,3.2843,"32,7",289.4 mm,₺2.14,"298,070",  4.7  ,66%
Samsun,Black Sea,Large City,2022,12,Winter,0.68,54.61,1361505,2095.32,,Low,4.0,391203.0,11.72,5.14,24.52,20:00,0.7048,"43,9",,₺2.43,"627,181",  2.7  ,93%
Tekirdag,Marmara,Medium City,2017,10,Autumn,11.17,,1085000,290.03,12941.65,Medium,3.0,321272.0,27.78,5.56,26.78,09:00,0.5021,"48,2",229.6 mm,₺1.23,"472,710",  11.9  ,87%
Mersin,Mediterranean,Large City,2017,12,Winter,6.03,56.83,1936586,494.56,13473.58,Medium,6.0,597474.0,41.81,19.54,18.87,20:00,1.3219,,232.9 mm,₺0.54,"162,195",  2.6  ,96%
Bursa,Marmara,Large City,2019,4,Spring,20.46,61.39,3056120,1258.92,17947.24,High,8.0,1125806.0,29.35,18.14,17.05,18:00,1.8414,"57,7",77.7 mm,₺1.72,"725,683",  4.0  ,56%
Gaziantep,Southeastern Anatolia,Large City,2021,9,Autumn,,84.18,2101263,517.45,17431.82,High,6.0,602748.0,34.62,11.7,20.96,18:00,1.1756,"9,2",186.2 mm,₺2.25,"771,622",  3.3  ,85%
Kayseri,Central Anatolia,Large City,2021,12,Winter,0.24,70.85,1441523,516.42,12541.52,Medium,4.0,433387.0,19.9,11.27,19.72,09:00,0.9468,"47,9",261.9 mm,₺0.54,"746,453",  10.1  ,63%
Ankara,Central Anatolia,Megacity,2015,12,Winter,,76.29,5639076,3196.17,18292.71,High,17.0,2088009.0,16.67,5.73,41.4,08:00,4.4294,"72,8",162.9 mm,₺1.62,"669,856",  11.3  ,74%
Van,Eastern Anatolia,Medium City,2017,3,Spring,13.15,43.54,1126384,1994.26,9274.44,Low,4.0,396958.0,19.81,5.81,17.59,21:00,0.486,"5,0",266.3 mm,₺1.43,"705,943",  6.6  ,33%
Balıkesir,Marmara,Medium City,2022,3,Spring,18.35,44.83,1264958,421.96,9412.64,Low,3.0,379765.0,12.2,14.42,45.65,18:00,0.5158,"6,4",,₺1.34,"106,971",  11.0  ,31%
Diyarbakir,Southeastern Anatolia,Large City,2022,5,Spring,21.78,79.93,1801268,384.21,10074.84,Low,5.0,570041.0,,16.84,55.2,08:00,0.7351,"79,6",58.1 mm,₺1.04,"309,581",  3.3  ,43%
Balıkesir,Marmara,Medium City,2020,3,Spring,17.34,55.41,1264958,572.76,6645.29,Low,4.0,430998.0,38.42,19.64,19.43,18:00,0.5191,"33,6",167.5 mm,₺2.09,"785,631",  6.0  ,82%
Erzurum,Eastern Anatolia,Medium City,2016,4,Spring,8.04,66.35,762321,1109.47,9294.2,Low,1.0,262068.0,26.77,8.51,63.3,19:00,0.2597,"45,4",73.0 mm,₺0.81,"523,325",  11.6  ,33%
Izmir,Aegean,Megacity,2023,2,Winter,6.59,43.38,4394694,1419.2,19798.95,High,11.0,1343763.0,33.24,12.36,67.52,10:00,4.1186,"31,8",161.7 mm,,"396,768",  7.9  ,52%
Sivas,Central Anatolia,Medium City,2015,9,Autumn,,42.34,634149,696.51,9655.59,Low,2.0,229690.0,8.59,,22.62,08:00,0.221,"69,5",,₺2.01,"622,483",  3.1  ,57%
Izmir,Aegean,Megacity,2017,7,Summer,36.9,,4394694,1639.55,17481.44,High,13.0,1351839.0,25.44,14.11,37.79,21:00,3.7184,"39,6",200.7 mm,₺1.11,"382,888",  12.0  ,97%
Erzurum,Eastern Anatolia,Medium City,2023,12,Winter,-6.44,51.31,762321,496.36,9339.47,Low,1.0,231011.0,14.91,7.77,27.13,18:00,0.4965,"29,8",281.9 mm,₺1.64,"664,931",  4.6  ,61%
Kahramanmaras,Mediterranean,Medium City,2020,11,Autumn,23.24,69.65,1178234,335.24,9059.61,Low,3.0,411577.0,41.13,14.7,13.35,10:00,0.4929,,43.3 mm,₺0.72,"17,442",  2.1  ,50%
Canakkale,Marmara,Small City,2020,8,Summer,31.45,58.09,542000,216.18,9161.5,Low,1.0,204590.0,19.44,16.75,47.99,,0.2439,"63,3",174.6 mm,₺1.2,"794,804",  4.1  ,33%
Konya,Central Anatolia,Large City,2016,11,Autumn,10.4,60.14,2320259,3304.97,13460.54,Medium,6.0,794250.0,14.15,7.33,15.01,18:00,1.0466,"33,6",235.2 mm,₺2.25,"560,429",  2.0  ,94%
Eskisehir,Central Anatolia,Medium City,2018,8,Summer,23.82,42.09,882456,547.28,14561.43,Medium,2.0,258399.0,11.33,15.32,37.65,19:00,0.5044,"80,0",199.0 mm,₺1.59,"301,302",  3.2  ,83%
Izmir,Aegean,Megacity,2021,5,Spring,20.59,40.07,4394694,3992.2,17814.87,High,13.0,1384448.0,22.94,19.71,,09:00,2.98,"36,2",288.4 mm,₺1.82,"314,589",  3.9  ,87%
Sivas,Central Anatolia,Medium City,2016,11,Autumn,9.82,80.44,634149,534.43,8858.31,Low,1.0,188444.0,31.37,15.74,17.26,21:00,0.2325,"52,0",19.2 mm,₺1.73,"716,376",  5.6  ,70%
Eskisehir,Central Anatolia,Medium City,2016,7,Summer,27.99,45.19,882456,445.28,14796.99,Medium,4.0,332570.0,30.85,7.68,33.01,18:00,0.4951,"28,1",125.2 mm,₺0.97,"132,843",  6.0  ,54%
Denizli,Aegean,Medium City,2017,5,Spring,20.54,,1062840,254.6,10981.87,Medium,3.0,381511.0,25.65,5.16,26.87,10:00,0.4507,"40,0",61.7 mm,₺1.76,"255,406",  8.9  ,78%
Samsun,Black Sea,Large City,2021,8,Summer,30.31,52.66,1361505,1148.74,9183.63,Low,5.0,,18.09,15.53,28.7,09:00,0.8286,"42,7",246.8 mm,₺1.84,"474,333",  6.2  ,91%
Sivas,Central Anatolia,Medium City,2022,6,Summer,29.75,71.81,634149,140.4,7593.67,Low,1.0,202497.0,40.97,8.91,42.82,10:00,0.3676,"35,0",50.3 mm,₺1.43,"292,098",  7.4  ,81%
Bursa,Marmara,Large City,2018,5,Spring,24.75,73.95,3056120,1367.71,19328.46,High,8.0,867210.0,17.07,6.02,59.92,20:00,1.8601,"34,7",83.8 mm,₺1.1,"187,897",  10.0  ,41%
Eskisehir,Central Anatolia,Medium City,2016,5,Spring,12.71,,882456,192.05,13266.86,Medium,4.0,302247.0,21.76,12.95,,21:00,0.3618,"50,2",58.7 mm,₺2.17,,  3.6  ,
Trabzon,Black Sea,Medium City,2018,1,Winter,-3.39,52.82,811874,217.7,8852.49,Low,4.0,274489.0,42.18,12.98,15.83,20:00,0.4765,"73,1",56.9 mm,₺1.29,"319,561",  7.2  ,42%
Mersin,Mediterranean,Large City,2017,10,Autumn,23.37,41.37,1936586,488.42,10580.93,Medium,5.0,566850.0,37.9,10.4,43.95,,0.9588,"37,6",238.0 mm,₺2.35,"776,579",  11.9  ,64%
Sivas,Central Anatolia,Medium City,2019,11,Autumn,10.77,53.48,634149,163.86,9286.46,Low,3.0,223630.0,5.4,12.62,32.73,20:00,0.2343,"23,9",206.0 mm,₺1.51,"699,912",  10.5  ,55%
Izmir,Aegean,Megacity,2016,9,Autumn,17.64,45.16,4394694,3423.31,18329.38,High,13.0,1626079.0,25.09,5.25,63.75,08:00,2.8478,"7,4",254.5 mm,₺0.82,"299,923",  7.9  ,84%
Mardin,Southeastern Anatolia,Small City,2020,5,Spring,21.01,52.7,833645,210.67,9266.55,Low,4.0,280789.0,35.35,7.86,62.92,21:00,0.3091,"76,5",21.5 mm,₺0.57,"596,956",  5.5  ,62%
Gaziantep,Southeastern Anatolia,Large City,2022,11,Autumn,19.46,44.83,2101263,1924.16,18289.21,High,6.0,787149.0,,18.68,25.91,18:00,1.4341,"21,1",219.7 mm,₺1.98,"125,599",  11.9  ,32%
Kocaeli,Marmara,Large City,2020,2,Winter,0.0,57.47,2031963,409.03,19795.75,High,8.0,582339.0,43.39,10.36,20.86,10:00,1.5248,"34,1",273.4 mm,₺1.4,"329,709",  7.4  ,56%
Canakkale,Marmara,Small City,2022,8,Summer,28.87,41.88,542000,445.15,9354.28,Low,2.0,168742.0,29.91,6.68,37.15,19:00,0.2876,"32,1",90.3 mm,₺1.5,"29,143",  11.4  ,89%
Adana,Mediterranean,Large City,2015,4,Spring,24.46,62.32,2237940,599.39,18521.51,High,7.0,730820.0,25.6,13.74,55.6,08:00,1.1003,"30,0",88.4 mm,₺0.88,"260,865",  5.9  ,68%
Eskisehir,Central Anatolia,Medium City,2020,9,Autumn,11.95,,882456,1122.92,13348.32,Medium,4.0,278661.0,16.3,17.99,42.15,08:00,0.4179,"66,4",26.2 mm,₺1.3,"578,183",  11.2  ,45%
Manisa,Aegean,Medium City,2019,10,Autumn,16.82,48.57,1452881,640.31,15196.92,Medium,3.0,540161.0,18.06,13.9,10.65,10:00,0.6993,"18,4",288.2 mm,₺1.41,"899,845",  8.0  ,60%
Afyonkarahisar,Aegean,Small City,2016,3,Spring,20.15,68.63,734000,258.59,9818.72,Low,2.0,275884.0,11.79,8.55,38.87,19:00,0.2816,"30,4",,₺1.93,"273,835",  3.2  ,47%
Hatay,Mediterranean,Large City,2018,6,Summer,44.86,42.8,1609856,519.39,6029.49,Low,5.0,577579.0,35.17,9.85,54.19,10:00,0.2391,"69,3",129.8 mm,₺1.37,"255,022",  5.7  ,48%
Izmir,Aegean,Megacity,2023,10,Autumn,17.89,51.6,4394694,3838.92,18456.88,High,12.0,1234699.0,33.2,5.38,28.93,21:00,2.8492,"16,4",296.7 mm,₺1.68,,  11.7  ,60%
Bursa,Marmara,Large City,2015,10,Autumn,13.75,76.94,3056120,4812.8,16767.0,High,9.0,1138004.0,14.11,17.73,,21:00,1.7649,"60,4",85.7 mm,₺1.69,,  6.8  ,39%
Erzurum,Eastern Anatolia,Medium City,2018,12,Winter,,75.52,762321,156.32,,Low,2.0,213861.0,35.83,8.96,53.45,08:00,0.3958,"35,4",67.7 mm,₺1.2,"53,173",  2.5  ,77%
Kayseri,Central Anatolia,Large City,2018,7,Summer,30.58,73.22,1441523,369.66,11516.71,Medium,4.0,527177.0,,13.07,27.61,20:00,0.973,"10,8",91.3 mm,₺1.64,"392,110",  3.1  ,62%
Hatay,Mediterranean,Large City,2020,6,Summer,36.53,54.47,1609856,767.8,8937.01,Low,,525405.0,16.32,7.81,42.82,20:00,0.8198,"38,0",85.8 mm,₺1.2,"538,630",  7.3  ,72%
Samsun,Black Sea,Large City,2015,8,Summer,22.62,54.47,1361505,759.35,11257.59,Low,5.0,461527.0,36.3,12.96,23.04,21:00,0.6219,"75,6",158.7 mm,₺0.52,"401,494",  2.0  ,
Hatay,Mediterranean,Large City,2016,11,Autumn,20.6,51.21,1609856,553.17,9183.95,Low,4.0,487655.0,5.73,8.76,26.24,18:00,0.6657,"23,9",173.9 mm,,"105,173",  7.4  ,
Tekirdag,Marmara,Medium City,2018,12,Winter,1.13,54.59,1085000,929.06,13148.98,Medium,2.0,405929.0,19.17,15.41,50.67,20:00,0.7044,"45,1",,₺1.99,"519,608",  3.3  ,98%
Balıkesir,Marmara,Medium City,2019,2,Winter,2.68,55.38,1264958,337.58,8050.01,Low,4.0,386910.0,22.86,11.86,56.51,21:00,0.8545,"71,3",,₺0.91,"198,546",  5.0  ,37%
Kahramanmaras,Mediterranean,Medium City,2015,8,Summer,37.08,49.19,1178234,667.08,8760.96,Low,2.0,395158.0,39.48,6.58,43.34,18:00,0.6151,"20,1",189.7 mm,₺1.9,"422,496",  10.5  ,96%
Balıkesir,Marmara,Medium City,2017,11,Autumn,15.79,78.63,1264958,440.58,9290.7,Low,3.0,395921.0,42.32,6.06,51.6,20:00,0.5569,"68,8",270.5 mm,₺1.73,"208,050",  8.5  ,72%
Istanbul,Marmara,Megacity,2018,12,Winter,0.15,,15840900,4110.79,17004.21,High,41.0,5447867.0,8.13,13.34,23.74,21:00,14.2837,"73,1",38.4 mm,₺0.8,"301,610",  9.9  ,52%
Gaziantep,Southeastern Anatolia,Large City,2022,4,Spring,19.85,71.79,2101263,475.57,,High,6.0,632789.0,43.58,17.54,28.57,08:00,1.3237,"51,8",148.6 mm,₺2.0,"63,963",  7.9  ,83%
Samsun,Black Sea,Large City,2015,1,Winter,-0.96,80.51,1361505,277.29,11016.48,Low,5.0,391171.0,37.98,11.27,27.79,10:00,0.8113,"41,4",175.2 mm,₺1.09,"406,177",  8.4  ,63%
Balıkesir,Marmara,Medium City,2022,11,Autumn,13.51,,1264958,919.43,9749.29,Low,3.0,466339.0,,6.96,39.24,18:00,1.9449,"26,4",164.2 mm,₺1.6,"192,273",  7.4  ,62%
Ankara,Central Anatolia,Megacity,2015,1,Winter,-3.88,80.59,5639076,1207.96,17178.01,High,16.0,1939020.0,23.92,5.59,13.29,09:00,4.337,"30,3",225.2 mm,,"838,464",  8.3  ,61%
Erzurum,Eastern Anatolia,Medium City,2023,4,Spring,,65.58,762321,470.54,8725.02,Low,1.0,274870.0,10.86,18.52,14.65,20:00,0.2905,"38,3",96.7 mm,₺2.44,,  8.0  ,85%
Trabzon,Black Sea,Medium City,2018,12,Winter,-1.6,44.93,811874,552.75,6317.63,Low,4.0,247961.0,36.32,16.13,71.16,18:00,0.4282,"40,8",76.2 mm,₺1.65,"269,335",  2.8  ,82%
Samsun,Black Sea,Large City,2018,7,Summer,27.9,80.05,1361505,1516.66,7533.37,Low,3.0,395366.0,14.84,18.16,12.1,19:00,0.7462,"60,7",245.5 mm,₺1.06,"224,043",  3.8  ,75%
Kayseri,Central Anatolia,Large City,2022,4,Spring,15.23,,1441523,529.79,,Medium,3.0,421966.0,17.86,5.52,69.46,20:00,0.7416,,51.2 mm,₺1.86,"276,761",  4.5  ,51%
Manisa,Aegean,Medium City,2022,7,Summer,34.49,63.61,1452881,410.38,11268.63,Medium,4.0,451244.0,27.38,18.99,13.16,08:00,1.0809,"35,7",,,"642,530",  4.9  ,62%
Malatya,Eastern Anatolia,Medium City,2017,1,Winter,-4.83,83.72,781118,251.48,7917.46,Low,2.0,257090.0,30.25,6.85,52.59,21:00,0.4335,"62,1",164.4 mm,₺1.7,"812,075",  9.1  ,75%
Antalya,Mediterranean,Large City,2015,5,Spring,26.26,82.6,2619832,1001.56,9357.3,Low,6.0,893419.0,20.95,7.81,21.98,08:00,0.9946,"31,4",134.7 mm,₺1.39,"572,620",  2.6  ,47%
Sivas,Central Anatolia,Medium City,2021,4,Spring,17.48,52.32,634149,241.17,8987.46,Low,,233793.0,26.77,19.35,21.02,20:00,0.2756,"72,3",299.8 mm,₺1.24,"892,243",  10.4  ,54%
Diyarbakir,Southeastern Anatolia,Large City,2016,5,Spring,25.46,45.95,1801268,551.2,7927.53,Low,4.0,634972.0,12.58,18.0,23.86,21:00,0.5978,"27,5",255.9 mm,₺1.95,"434,586",  8.0  ,54%
Balıkesir,Marmara,Medium City,2016,3,Spring,19.45,73.2,1264958,508.12,8611.7,Low,4.0,475246.0,44.22,10.56,61.81,08:00,0.4129,"38,8",198.8 mm,₺1.92,"748,115",,56%
Tekirdag,Marmara,Medium City,2021,6,Summer,31.83,45.88,1085000,758.95,12887.57,Medium,3.0,343615.0,30.28,15.89,19.57,08:00,0.7574,"64,1",262.6 mm,₺2.33,"247,414",  5.9  ,33%
Samsun,Black Sea,Large City,2019,11,Autumn,12.87,48.16,1361505,1367.76,9846.3,Low,3.0,388406.0,,14.27,58.16,10:00,0.5727,"68,0",113.4 mm,₺2.31,"715,534",  4.7  ,
Istanbul,Marmara,Megacity,2023,1,Winter,0.36,46.34,15840900,3506.51,18488.23,High,,5223133.0,23.16,,12.63,21:00,16.1934,,299.5 mm,₺2.47,"794,556",  11.2  ,50%
Istanbul,Marmara,Megacity,2023,1,Winter,1.94,78.92,15840900,18207.31,19860.12,High,41.0,4582517.0,32.57,19.53,55.95,21:00,14.2789,"8,4",278.6 mm,₺2.39,"867,885",  10.1  ,50%
Trabzon,Black Sea,Medium City,2019,5,Spring,21.12,83.74,811874,544.73,11044.57,Low,2.0,253231.0,33.93,10.73,65.43,18:00,0.318,"62,9",177.7 mm,₺2.47,"748,234",  11.7  ,99%
Tekirdag,Marmara,Medium City,2021,3,Spring,18.58,65.62,1085000,293.32,14349.2,Medium,3.0,319856.0,23.46,15.96,65.42,18:00,0.5949,"78,1",143.4 mm,₺1.92,"780,704",  11.9  ,
Canakkale,Marmara,Small City,2022,1,Winter,1.51,,542000,278.74,7543.86,Low,2.0,204150.0,18.92,18.43,,09:00,0.3857,"54,2",202.7 mm,₺2.35,"141,517",  4.4  ,36%
Sivas,Central Anatolia,Medium City,2016,2,Winter,-4.3,70.2,634149,141.78,11065.77,Low,3.0,226376.0,39.84,10.14,46.49,18:00,0.3778,,244.9 mm,₺2.01,"713,098",  4.0  ,64%
Istanbul,Marmara,Megacity,2020,9,Autumn,15.31,79.96,15840900,8097.1,19784.24,High,42.0,4871794.0,10.18,13.57,44.29,09:00,9.3847,"41,9",,₺2.16,"316,776",  7.8  ,53%
Diyarbakir,Southeastern Anatolia,Large City,2023,8,Summer,34.65,77.62,1801268,1267.39,9623.33,Low,5.0,515464.0,34.2,18.33,39.25,,1.2061,"7,8",61.9 mm,₺0.51,"141,022",  3.8  ,56%
Tekirdag,Marmara,Medium City,2016,9,Autumn,8.91,57.16,1085000,2142.65,14317.98,Medium,3.0,352568.0,25.79,15.23,25.71,08:00,0.5591,"41,8",293.7 mm,₺1.6,"869,299",  7.9  ,75%
Mugla,Aegean,Medium City,2022,4,Spring,21.63,68.83,1012321,294.13,10703.79,Low,2.0,317348.0,14.18,14.68,69.77,10:00,0.4747,,134.8 mm,₺1.81,"731,430",  11.1  ,80%
Eskisehir,Central Anatolia,Medium City,2018,8,Summer,28.26,57.85,882456,408.22,12497.07,Medium,4.0,,23.51,11.1,56.36,08:00,0.5043,"70,8",154.1 mm,₺1.38,"528,917",  5.5  ,58%
Istanbul,Marmara,Megacity,2021,8,Summer,33.7,63.75,15840900,4205.82,16225.82,High,41.0,,5.68,11.57,24.14,19:00,13.2043,,214.1 mm,₺1.25,"123,203",  3.3  ,56%
Kocaeli,Marmara,Large City,2021,2,Winter,0.32,82.2,2031963,690.64,19360.68,High,7.0,662743.0,25.99,8.12,17.07,21:00,1.6259,"16,4",100.5 mm,₺1.85,"537,153",  9.6  ,64%
Mersin,Mediterranean,Large City,2023,9,Autumn,19.64,60.18,1936586,875.94,11272.48,Medium,,708680.0,10.85,7.83,26.66,10:00,1.0545,"75,5",101.7 mm,₺2.22,"863,385",  9.6  ,41%
Samsun,Black Sea,Large City,2019,3,Spring,15.05,71.83,1361505,935.29,8997.82,Low,3.0,403795.0,36.62,11.65,30.36,21:00,0.4779,"34,3",71.3 mm,,"150,279",  5.4  ,70%
Kocaeli,Marmara,Large City,2017,4,Spring,14.83,48.33,2031963,540.7,19896.16,High,,681460.0,19.64,11.07,70.97,20:00,1.2181,"46,0",244.8 mm,₺1.79,,  8.5  ,53%
Malatya,Eastern Anatolia,Medium City,2023,12,Winter,-7.85,51.6,781118,667.43,9467.09,Low,2.0,240519.0,33.74,16.13,14.79,08:00,0.1482,,209.0 mm,₺2.36,"566,372",  9.4  ,54%
Diyarbakir,Southeastern Anatolia,Large City,2021,12,Winter,2.9,50.26,1801268,1551.76,9795.57,Low,5.0,561347.0,16.66,5.3,73.96,19:00,1.0959,"27,7",196.9 mm,₺1.24,"824,728",,52%
Van,Eastern Anatolia,Medium City,2019,1,Winter,-5.9,48.57,1126384,274.02,10154.32,Low,2.0,353370.0,13.31,6.02,43.58,18:00,0.6796,"8,1",49.3 mm,₺1.77,"167,787",  9.6  ,41%
Malatya,Eastern Anatolia,Medium City,2020,7,Summer,24.11,67.72,781118,171.63,10556.91,Low,3.0,291005.0,8.58,18.73,57.27,21:00,0.4245,"61,1",168.5 mm,₺1.34,"495,819",  11.4  ,88%
Trabzon,Black Sea,Medium City,2019,10,Autumn,17.54,83.41,811874,427.99,9579.56,Low,3.0,298141.0,33.79,5.72,,19:00,0.3291,"11,6",204.3 mm,₺2.47,"659,480",  11.4  ,36%
Kayseri,Central Anatolia,Large City,2018,7,Summer,25.53,72.93,1441523,407.92,12332.43,Medium,3.0,430882.0,24.73,13.69,68.56,09:00,0.8595,"52,4",148.5 mm,₺1.02,"676,951",  2.7  ,31%
Samsun,Black Sea,Large City,2016,6,Summer,23.72,41.8,1361505,296.53,8667.71,Low,3.0,480655.0,29.82,17.62,40.09,09:00,0.7527,"9,9",15.7 mm,₺1.29,"579,619",  3.4  ,48%
Adana,Mediterranean,Large City,2020,10,Autumn,,,2237940,3633.96,18048.38,High,6.0,,33.35,8.73,31.72,,1.6071,"70,9",187.1 mm,₺1.64,"378,612",  2.1  ,98%
Eskisehir,Central Anatolia,Medium City,2018,2,Winter,-1.92,54.67,882456,178.38,,Medium,2.0,249179.0,17.13,9.06,43.82,10:00,0.6468,"56,0",110.8 mm,₺2.31,"197,221",  10.9  ,85%
Manisa,Aegean,Medium City,2021,10,Autumn,,64.74,1452881,303.41,12533.91,Medium,4.0,529733.0,35.23,9.19,13.91,09:00,0.751,"35,6",220.9 mm,₺1.44,"497,104",  8.2  ,31%
Hatay,Mediterranean,Large City,2017,1,Winter,6.75,43.72,1609856,613.27,7762.95,Low,6.0,469331.0,,6.12,66.53,18:00,1.0005,"58,3",245.6 mm,₺0.62,"750,458",  6.1  ,84%
Antalya,Mediterranean,Large City,2023,5,Spring,26.81,,2619832,525.44,,Low,7.0,842177.0,43.44,7.23,15.55,21:00,1.1393,"34,4",275.2 mm,₺0.65,"457,342",  2.5  ,48%
Denizli,Aegean,Medium City,2018,10,Autumn,19.86,43.85,1062840,1282.96,11378.48,Medium,3.0,338956.0,37.37,10.11,59.13,18:00,0.5053,"49,4",31.9 mm,₺1.77,"606,199",  7.2  ,34%
Kayseri,Central Anatolia,Large City,2018,5,Spring,15.15,83.33,1441523,378.91,14043.51,Medium,3.0,513112.0,9.61,14.73,65.88,21:00,0.6147,"13,1",163.9 mm,₺2.43,"255,627",  9.1  ,54%
Hatay,Mediterranean,Large City,2019,5,Spring,,57.06,1609856,697.0,11875.89,Low,5.0,530636.0,,18.36,63.61,19:00,0.6189,"6,4",283.9 mm,₺0.72,"630,889",  10.3  ,57%
Bursa,Marmara,Large City,2020,1,Winter,2.62,,3056120,800.08,17692.02,High,10.0,1124370.0,8.79,14.48,21.59,19:00,2.7893,"21,4",76.8 mm,₺2.27,"44,207",  5.3  ,65%
Mardin,Southeastern Anatolia,Small City,2015,8,Summer,39.36,,833645,855.19,9603.6,Low,3.0,245245.0,24.44,9.71,23.9,19:00,0.4541,"74,6",183.9 mm,₺1.49,,  11.4  ,31%
Konya,Central Anatolia,Large City,2019,3,Spring,17.2,40.62,2320259,764.43,13933.1,Medium,5.0,843905.0,35.49,5.58,50.27,20:00,1.1976,"12,0",285.1 mm,₺0.8,"206,285",  2.2  ,63%
Mersin,Mediterranean,Large City,2017,2,Winter,6.6,54.18,1936586,1709.6,13896.07,Medium,6.0,635636.0,19.89,14.01,22.91,10:00,1.285,,104.1 mm,₺0.73,"482,308",  3.3  ,32%
Hatay,Mediterranean,Large City,2019,4,Spring,26.08,84.69,1609856,894.29,10821.82,Low,5.0,480246.0,15.87,19.9,23.94,08:00,0.6688,"65,8",23.6 mm,₺2.18,"819,926",  9.5  ,30%
Manisa,Aegean,Medium City,2022,7,Summer,35.38,42.62,1452881,983.33,14087.99,Medium,4.0,488555.0,27.98,17.33,72.69,19:00,1.0623,"57,8",211.3 mm,₺2.39,"682,907",  10.6  ,30%
Mersin,Mediterranean,Large City,2022,11,Autumn,22.36,53.94,1936586,414.35,15127.31,Medium,6.0,669178.0,34.47,14.02,10.56,20:00,0.992,"20,3",119.7 mm,₺2.4,"558,401",  9.2  ,64%
Hatay,Mediterranean,Large City,2019,5,Spring,20.52,43.98,1609856,383.18,9142.07,Low,5.0,473608.0,7.47,19.38,29.81,21:00,0.601,"40,4",131.3 mm,₺2.01,"120,306",  7.1  ,53%
Konya,Central Anatolia,Large City,2022,5,Spring,12.41,84.31,2320259,860.06,15594.84,Medium,6.0,670988.0,9.32,15.28,72.73,21:00,1.1701,"52,9",258.9 mm,₺2.2,"334,001",  4.3  ,48%
Istanbul,Marmara,Megacity,2019,9,Autumn,13.4,61.52,15840900,4990.35,18527.32,High,40.0,5665852.0,14.3,6.2,17.93,19:00,10.3179,"79,1",88.0 mm,₺2.3,"453,129",  4.9  ,80%
Van,Eastern Anatolia,Medium City,2021,12,Winter,-6.46,65.82,1126384,717.54,8548.3,Low,3.0,350394.0,35.73,8.97,49.0,10:00,0.601,"31,2",145.7 mm,₺0.51,"780,079",  10.9  ,49%
Mugla,Aegean,Medium City,2023,8,Summer,35.08,56.61,1012321,901.71,9421.51,Low,3.0,334624.0,22.63,18.2,43.0,21:00,0.487,"69,2",216.9 mm,₺1.09,"242,370",  5.3  ,84%
Hatay,Mediterranean,Large City,2021,2,Winter,6.63,82.63,1609856,534.28,6897.06,Low,5.0,466803.0,33.83,14.47,70.15,08:00,0.9412,"20,4",217.3 mm,₺1.16,"845,936",,62%
Denizli,Aegean,Medium City,2018,1,Winter,7.07,76.86,1062840,285.67,12866.2,Medium,2.0,396327.0,18.72,11.28,69.2,20:00,0.8241,"25,9",22.6 mm,₺0.62,"133,119",  3.0  ,63%
Manisa,Aegean,Medium City,2017,2,Winter,8.87,84.99,1452881,330.84,12466.76,Medium,,,6.07,6.38,37.88,19:00,0.8182,"73,4",117.3 mm,₺1.23,"380,890",  6.1  ,54%
Diyarbakir,Southeastern Anatolia,Large City,2018,6,Summer,35.4,79.97,1801268,360.61,,Low,6.0,516469.0,14.96,13.65,16.17,21:00,0.9788,"17,5",162.2 mm,₺1.12,"836,567",  8.3  ,86%
Izmir,Aegean,Megacity,2018,7,Summer,32.86,74.08,4394694,1540.85,17342.97,High,11.0,1276137.0,43.09,14.19,,18:00,3.3664,"36,9",62.3 mm,₺1.48,"830,961",  7.5  ,61%
Antalya,Mediterranean,Large City,2022,7,Summer,37.03,69.46,2619832,571.56,8403.13,Low,7.0,955531.0,38.42,13.67,63.73,20:00,1.3459,"56,1",221.0 mm,₺0.68,"363,998",  11.8  ,90%
Sakarya,Marmara,Medium City,2023,7,Summer,31.8,74.36,1003000,269.29,12888.16,Medium,3.0,359066.0,24.26,9.57,70.19,21:00,0.6291,"73,1",,₺2.09,"287,754",  7.0  ,46%
Kocaeli,Marmara,Large City,2021,9,Autumn,17.42,50.88,2031963,1009.18,,High,6.0,581088.0,44.12,17.99,57.17,21:00,1.4,"39,0",225.8 mm,₺1.58,,  4.7  ,61%
Diyarbakir,Southeastern Anatolia,Large City,2022,4,Spring,25.68,,1801268,583.06,,Low,6.0,563355.0,35.14,,45.53,19:00,0.7367,"17,7",121.0 mm,₺0.85,"647,252",  5.0  ,76%
Ankara,Central Anatolia,Megacity,2019,12,Winter,-4.24,55.74,5639076,1465.37,14498.97,High,16.0,1727042.0,17.92,8.56,42.79,08:00,4.6318,"55,6",132.2 mm,₺1.11,"835,239",  3.4  ,64%
Diyarbakir,Southeastern Anatolia,Large City,2018,7,Summer,34.75,70.8,1801268,2147.06,9089.86,Low,,574182.0,40.26,14.58,37.67,19:00,0.9641,"52,7",15.4 mm,₺2.22,"637,460",  7.7  ,90%
Trabzon,Black Sea,Medium City,2018,11,Autumn,14.43,80.07,811874,559.62,10768.21,Low,4.0,237456.0,7.99,5.86,39.16,08:00,0.3512,"49,5",68.5 mm,₺1.74,"512,348",  10.7  ,80%
Diyarbakir,Southeastern Anatolia,Large City,2021,11,Autumn,20.75,71.91,1801268,550.63,8701.43,Low,5.0,,41.43,15.73,51.43,18:00,0.7048,"60,7",10.8 mm,₺0.79,"867,613",  8.8  ,57%
Bursa,Marmara,Large City,2015,2,Winter,1.93,55.7,3056120,5448.12,17342.42,High,8.0,992356.0,32.82,16.81,31.01,21:00,2.563,"43,3",67.5 mm,₺0.95,"358,904",  6.0  ,38%
Erzurum,Eastern Anatolia,Medium City,2023,3,Spring,9.58,49.36,762321,198.04,9710.66,Low,1.0,,28.85,11.24,13.15,21:00,0.3717,"72,2",125.9 mm,₺1.6,"152,661",  8.8  ,65%
Mersin,Mediterranean,Large City,2021,7,Summer,39.02,48.89,1936586,1099.03,12996.68,Medium,5.0,670709.0,17.21,19.61,,20:00,1.4646,"62,0",231.9 mm,₺1.69,"106,220",  9.9  ,99%
Mardin,Southeastern Anatolia,Small City,2019,10,Autumn,22.8,76.14,833645,269.7,6010.1,Low,2.0,261375.0,16.38,7.55,49.52,09:00,0.3777,"26,0",228.1 mm,₺1.6,"842,383",,92%
Gaziantep,Southeastern Anatolia,Large City,2017,9,Autumn,20.41,67.36,2101263,747.0,18074.36,High,,778341.0,20.69,11.56,32.64,08:00,1.1971,"42,1",205.9 mm,,"475,582",  5.0  ,72%
Malatya,Eastern Anatolia,Medium City,2017,7,Summer,19.49,66.87,781118,286.21,11586.03,Low,1.0,279806.0,39.57,5.33,,09:00,0.4593,"21,4",11.4 mm,₺1.92,"206,183",  6.7  ,56%
Adana,Mediterranean,Large City,2018,3,Spring,,45.95,2237940,469.8,17995.9,High,7.0,646257.0,16.64,18.92,39.86,19:00,1.2406,"75,5",16.0 mm,,"170,078",  10.5  ,63%
Van,Eastern Anatolia,Medium City,2023,4,Spring,12.07,50.43,1126384,265.48,7546.08,Low,4.0,410507.0,28.64,13.01,57.41,19:00,0.5021,"58,2",292.9 mm,₺1.63,"195,745",  4.7  ,65%
Malatya,Eastern Anatolia,Medium City,2016,5,Spring,9.69,70.21,781118,180.84,8832.97,Low,2.0,255550.0,29.28,6.85,50.78,19:00,0.282,,32.5 mm,₺1.97,"871,615",  4.2  ,98%
Mardin,Southeastern Anatolia,Small City,2015,2,Winter,5.33,45.29,833645,527.1,7779.69,Low,3.0,297308.0,5.01,6.53,,09:00,0.4289,"38,4",112.7 mm,₺1.45,"721,927",  5.0  ,97%
Hatay,Mediterranean,Large City,2018,10,Autumn,20.04,48.59,1609856,387.35,8044.95,Low,5.0,607539.0,21.9,16.8,13.88,09:00,0.6888,"8,5",287.4 mm,₺1.45,"701,192",,59%
Adana,Mediterranean,Large City,2017,6,Summer,38.49,52.44,2237940,1248.87,16264.78,High,6.0,769089.0,22.79,14.5,,21:00,1.8487,"51,2",86.4 mm,₺1.68,"194,395",  8.7  ,34%
Mugla,Aegean,Medium City,2017,3,Spring,21.29,52.23,1012321,326.04,8682.08,Low,4.0,301831.0,21.96,12.66,72.67,20:00,0.3712,"52,1",262.6 mm,₺1.19,"434,182",  8.0  ,45%
Gaziantep,Southeastern Anatolia,Large City,2021,7,Summer,36.55,42.54,2101263,528.61,17042.21,High,7.0,634841.0,22.93,14.55,54.01,18:00,2.0933,"29,9",250.0 mm,₺1.41,"64,256",  8.2  ,48%
Mersin,Mediterranean,Large City,2016,3,Spring,26.47,58.81,1936586,652.43,12189.86,Medium,6.0,659394.0,8.63,7.35,38.86,18:00,0.8622,"70,3",118.7 mm,₺1.25,"343,512",  11.2  ,
Hatay,Mediterranean,Large City,2019,11,Autumn,17.71,54.04,1609856,2919.68,9681.27,Low,5.0,454815.0,34.38,10.77,64.53,10:00,0.6324,"58,0",276.0 mm,₺1.74,"193,380",  10.4  ,55%
Malatya,Eastern Anatolia,Medium City,2017,6,Summer,23.91,57.93,781118,182.71,12597.31,Low,,221417.0,37.42,16.76,11.98,19:00,0.4206,"66,7",,₺2.01,"667,807",  9.7  ,98%
Tekirdag,Marmara,Medium City,2018,12,Winter,-0.54,63.48,1085000,422.44,15095.44,Medium,2.0,400379.0,12.25,19.36,,20:00,0.807,"30,9",201.4 mm,₺2.3,"263,915",  2.2  ,
Samsun,Black Sea,Large City,2019,5,Spring,13.65,49.74,1361505,649.52,9019.35,Low,4.0,406058.0,,12.85,,08:00,0.5163,"52,1",198.5 mm,,"498,720",  5.4  ,85%
Hatay,Mediterranean,Large City,2021,1,Winter,12.18,51.68,1609856,592.82,10061.57,Low,6.0,474687.0,20.37,17.54,39.65,19:00,1.0035,"55,1",93.2 mm,₺0.78,"820,533",  2.5  ,58%
Samsun,Black Sea,Large City,2020,10,Autumn,11.96,73.38,1361505,2718.48,9873.26,Low,3.0,486048.0,44.11,16.8,65.74,18:00,0.5965,"17,1",123.6 mm,₺0.72,"874,474",  8.2  ,34%
Malatya,Eastern Anatolia,Medium City,2017,8,Summer,19.83,73.28,781118,274.61,9653.92,Low,1.0,256838.0,41.2,11.52,70.28,08:00,0.3814,"19,7",258.5 mm,₺1.46,,  11.9  ,87%
Canakkale,Marmara,Small City,2018,8,Summer,30.48,84.1,542000,206.1,8450.49,Low,1.0,173510.0,27.7,13.02,51.57,08:00,0.3087,"35,7",187.5 mm,₺1.73,"878,776",  3.9  ,68%
Erzurum,Eastern Anatolia,Medium City,2021,5,Spring,9.1,51.11,762321,571.85,7787.0,Low,2.0,250734.0,26.83,9.44,24.23,09:00,0.3096,"66,1",249.1 mm,₺1.65,"355,021",  10.0  ,83%
Erzurum,Eastern Anatolia,Medium City,2016,9,Autumn,6.62,51.88,762321,217.76,6769.15,Low,1.0,255936.0,40.17,8.65,12.53,08:00,0.3115,"77,6",142.1 mm,₺2.08,"418,423",  3.5  ,52%
Konya,Central Anatolia,Large City,2022,1,Winter,-1.38,50.77,2320259,587.8,13570.1,Medium,5.0,815727.0,13.76,6.08,35.4,,1.7923,"56,3",81.3 mm,,"479,152",  2.2  ,76%
Malatya,Eastern Anatolia,Medium City,2022,5,Spring,10.56,70.8,781118,249.29,6870.07,Low,1.0,286606.0,8.29,18.38,74.86,19:00,0.301,"70,7",233.3 mm,₺2.42,"542,685",,79%
Mersin,Mediterranean,Large City,2015,1,Winter,10.59,,1936586,911.81,13632.9,Medium,6.0,604225.0,36.28,19.52,12.42,19:00,1.2668,"47,3",183.6 mm,₺1.65,"445,124",  2.2  ,76%
Van,Eastern Anatolia,Medium City,2021,5,Spring,7.99,83.89,1126384,420.23,8430.89,Low,3.0,,18.71,17.97,15.38,09:00,0.4662,"32,7",272.9 mm,₺0.89,"155,831",  5.6  ,33%
Balıkesir,Marmara,Medium City,2016,3,Spring,20.52,,1264958,1322.63,8620.97,Low,3.0,472390.0,42.08,5.9,32.86,09:00,0.4791,"70,9",59.9 mm,₺1.07,"72,224",  5.4  ,30%
Ankara,Central Anatolia,Megacity,2023,4,Spring,14.74,68.41,5639076,1823.83,17383.42,High,17.0,1747533.0,,6.69,27.9,18:00,3.86,"17,5",,₺1.34,"664,396",  7.4  ,95%
Kayseri,Central Anatolia,Large City,2023,8,Summer,,44.9,1441523,328.83,12946.91,Medium,4.0,438832.0,34.59,12.65,31.78,08:00,0.9939,"32,6",198.2 mm,₺1.65,"549,002",  7.7  ,44%
Konya,Central Anatolia,Large City,2017,11,Autumn,12.64,40.57,2320259,688.86,14503.35,Medium,6.0,754558.0,38.31,8.01,54.97,21:00,1.0178,"74,5",132.1 mm,₺2.29,"644,071",  2.3  ,35%
Hatay,Mediterranean,Large City,2017,9,Autumn,19.3,61.71,1609856,956.56,8355.39,Low,6.0,502213.0,15.45,12.68,20.9,09:00,0.5897,"67,5",223.9 mm,₺1.13,"531,420",  8.0  ,92%
Kocaeli,Marmara,Large City,2017,5,Spring,16.81,79.21,2031963,573.7,19096.65,High,6.0,627447.0,21.66,15.96,13.61,10:00,1.2443,"41,9",112.5 mm,₺2.49,"420,821",  8.1  ,96%
Manisa,Aegean,Medium City,2016,6,Summer,34.21,62.95,1452881,1425.35,8302.38,Medium,3.0,477039.0,38.4,16.34,17.26,10:00,0.9929,"45,2",63.1 mm,₺1.73,"627,765",  11.5  ,83%
Bursa,Marmara,Large City,2015,12,Winter,0.97,83.14,3056120,4229.85,14911.69,High,8.0,,15.06,15.42,,09:00,2.5094,"7,6",228.3 mm,₺1.21,"91,194",  2.8  ,88%
Canakkale,Marmara,Small City,2019,12,Winter,3.95,78.75,542000,132.03,9558.49,Low,2.0,194769.0,9.2,6.45,37.69,08:00,0.2925,"56,7",206.5 mm,₺2.11,,  8.4  ,86%
Gaziantep,Southeastern Anatolia,Large City,2023,6,Summer,37.35,43.89,2101263,449.8,17073.78,High,6.0,588753.0,8.94,5.02,70.87,08:00,1.8025,"68,1",31.4 mm,₺1.6,"866,818",  6.9  ,32%
Erzurum,Eastern Anatolia,Medium City,2020,10,Autumn,7.51,73.42,762321,579.99,9286.51,Low,3.0,272328.0,5.5,14.06,21.06,19:00,0.319,"58,4",208.6 mm,₺1.32,,  8.3  ,81%
Bursa,Marmara,Large City,2022,2,Winter,1.86,59.27,3056120,854.87,17844.59,High,9.0,902827.0,13.89,6.75,64.31,21:00,2.7659,"52,9",82.3 mm,₺2.4,"572,090",  7.4  ,63%
Kayseri,Central Anatolia,Large City,2023,12,Winter,-1.1,,1441523,426.68,15496.67,Medium,3.0,547659.0,43.97,19.84,67.88,21:00,1.1122,"65,2",285.6 mm,₺0.73,"271,055",  10.4  ,30%
Manisa,Aegean,Medium City,2017,2,Winter,5.45,78.98,1452881,1210.19,11665.23,Medium,5.0,418677.0,41.37,14.74,18.8,19:00,0.9039,"23,1",249.7 mm,₺2.21,"516,114",  8.1  ,38%
Trabzon,Black Sea,Medium City,2020,4,Spring,16.71,81.33,811874,250.7,11002.56,Low,2.0,236801.0,16.48,17.68,12.35,21:00,0.2885,"72,0",230.8 mm,₺1.28,"55,302",  2.7  ,58%
Malatya,Eastern Anatolia,Medium City,2017,1,Winter,-6.33,43.39,781118,259.89,,Low,1.0,243468.0,20.4,17.77,21.02,10:00,0.4448,"53,4",13.6 mm,₺2.24,"831,486",  8.1  ,66%
Balıkesir,Marmara,Medium City,2016,7,Summer,33.3,66.54,1264958,1932.79,5667.68,Low,3.0,420090.0,,6.54,74.23,,0.5286,"25,9",172.6 mm,₺1.3,"60,985",  5.4  ,82%
Diyarbakir,Southeastern Anatolia,Large City,2019,9,Autumn,18.66,82.87,1801268,436.6,9070.83,Low,6.0,660914.0,38.78,14.68,70.64,20:00,0.8246,,138.0 mm,₺0.92,"730,417",  11.9  ,53%
Mersin,Mediterranean,Large City,2020,9,Autumn,21.34,53.96,1936586,452.31,17478.46,Medium,,696791.0,39.65,9.56,73.12,10:00,1.0662,"54,5",182.5 mm,,"879,848",  4.2  ,73%
Konya,Central Anatolia,Large City,2023,9,Autumn,12.81,43.51,2320259,978.6,14520.32,Medium,7.0,798392.0,15.08,19.74,64.88,,0.9805,"55,3",143.9 mm,₺0.98,"476,139",  10.6  ,75%
Bursa,Marmara,Large City,2017,12,Winter,0.75,56.19,3056120,1036.39,20609.5,High,9.0,980147.0,21.44,10.33,36.6,09:00,2.592,"30,9",57.6 mm,₺0.79,,  11.5  ,89%
Istanbul,Marmara,Megacity,2023,11,Autumn,16.23,74.64,15840900,6051.49,16944.3,High,40.0,5809728.0,38.65,11.31,44.19,19:00,9.7109,"68,0",74.0 mm,₺2.32,"247,619",  11.8  ,72%
Kocaeli,Marmara,Large City,2021,4,Spring,20.6,73.81,2031963,658.25,15897.71,High,7.0,768079.0,24.02,19.92,67.34,10:00,1.0656,"69,5",172.8 mm,₺1.49,"74,179",  7.1  ,46%
Mersin,Mediterranean,Large City,2022,6,Summer,37.76,44.12,1936586,391.98,9683.95,Medium,5.0,586583.0,10.47,11.74,64.45,20:00,1.3323,"74,8",250.5 mm,₺1.4,"16,166",  9.4  ,36%
Canakkale,Marmara,Small City,2022,3,Spring,16.83,71.89,542000,115.15,8419.88,Low,2.0,165099.0,20.6,16.87,28.32,21:00,0.1779,"40,2",35.2 mm,₺0.52,"382,822",  9.5  ,67%
Erzurum,Eastern Anatolia,Medium City,2015,4,Spring,13.54,71.22,762321,370.15,8023.4,Low,3.0,255180.0,16.86,18.66,57.7,10:00,0.2605,"17,1",165.6 mm,₺1.32,"477,217",  8.7  ,31%
Canakkale,Marmara,Small City,2018,10,Autumn,16.17,50.9,542000,802.65,11511.03,Low,1.0,172711.0,5.54,18.51,66.49,21:00,0.2221,"67,3",235.9 mm,₺1.53,"44,708",  11.8  ,98%
Adana,Mediterranean,Large City,2021,9,Autumn,25.16,47.19,2237940,513.84,17128.12,High,8.0,706221.0,15.42,8.07,14.83,20:00,1.4771,"41,3",149.6 mm,₺1.33,"858,292",  11.5  ,49%
Diyarbakir,Southeastern Anatolia,Large City,2022,11,Autumn,23.32,80.04,1801268,577.91,9559.19,Low,5.0,636523.0,39.0,6.43,58.26,10:00,0.7194,"50,2",240.1 mm,₺1.09,,  6.1  ,76%
Istanbul,Marmara,Megacity,2017,4,Spring,18.48,44.02,15840900,6340.36,16581.97,High,41.0,4967990.0,43.14,14.26,27.91,09:00,10.1654,"78,9",149.1 mm,₺1.43,"653,330",  2.8  ,63%
Van,Eastern Anatolia,Medium City,2023,4,Spring,11.42,,1126384,601.81,8789.17,Low,3.0,349782.0,43.86,12.0,37.9,09:00,0.4922,"22,8",171.9 mm,₺0.66,"119,980",  3.8  ,69%
Istanbul,Marmara,Megacity,2020,6,Summer,34.23,46.19,15840900,23123.76,18035.42,High,41.0,5893118.0,34.68,5.22,32.85,20:00,13.1084,"49,7",282.3 mm,₺1.16,"863,107",  5.9  ,87%
Antalya,Mediterranean,Large City,2023,3,Spring,25.17,,2619832,703.81,6501.29,Low,8.0,920912.0,7.65,16.6,45.93,18:00,0.9669,"68,3",134.9 mm,,"810,449",  6.0  ,93%
Tekirdag,Marmara,Medium City,2016,1,Winter,3.73,73.43,1085000,217.45,11077.63,Medium,2.0,361565.0,8.12,11.41,68.42,10:00,0.6909,"65,5",64.3 mm,₺0.68,"176,426",  8.8  ,83%
Canakkale,Marmara,Small City,2018,7,Summer,29.14,47.03,542000,127.48,11567.99,Low,3.0,195554.0,26.03,,35.15,08:00,0.3135,"46,6",24.4 mm,₺2.41,"346,541",  4.1  ,54%
Kahramanmaras,Mediterranean,Medium City,2016,2,Winter,10.68,41.49,1178234,346.13,8483.01,Low,2.0,397435.0,15.58,12.71,70.17,19:00,0.6496,"69,3",159.1 mm,₺0.84,"530,540",  6.0  ,80%
Mugla,Aegean,Medium City,2023,4,Spring,19.07,84.8,1012321,221.51,10972.22,Low,3.0,312908.0,22.66,6.96,,21:00,0.4496,"28,0",,₺2.39,"734,799",  8.3  ,58%
Sakarya,Marmara,Medium City,2018,9,Autumn,16.16,59.01,1003000,347.65,9693.74,Medium,4.0,377114.0,41.46,19.06,41.97,21:00,0.5052,"41,2",297.3 mm,₺0.75,"666,061",  5.2  ,57%
Ankara,Central Anatolia,Megacity,2022,3,Spring,16.37,51.81,5639076,7905.69,18978.23,High,17.0,1609061.0,30.35,8.33,49.98,21:00,3.561,"63,9",165.1 mm,₺2.26,"692,429",  7.2  ,33%
Trabzon,Black Sea,Medium City,2018,12,Winter,-0.81,78.41,811874,169.48,10151.44,Low,2.0,260143.0,31.54,8.24,60.45,21:00,0.4922,"34,2",79.6 mm,₺1.37,"222,273",  7.1  ,31%
Trabzon,Black Sea,Medium City,2021,10,Autumn,11.82,55.93,811874,446.46,9600.53,Low,2.0,275915.0,,5.74,44.29,,0.3602,"17,6",278.7 mm,₺0.8,"677,522",  7.6  ,87%
Konya,Central Anatolia,Large City,2020,1,Winter,-0.35,66.77,2320259,547.95,13722.85,Medium,6.0,862386.0,36.6,19.29,15.3,18:00,1.7984,"18,0",35.9 mm,₺0.52,"422,493",  7.1  ,42%
Sivas,Central Anatolia,Medium City,2020,7,Summer,30.66,60.37,634149,203.91,8037.0,Low,3.0,231767.0,35.76,15.02,71.05,18:00,0.3335,"69,0",298.4 mm,₺0.7,"741,215",  11.5  ,62%
Malatya,Eastern Anatolia,Medium City,2023,7,Summer,24.71,80.99,781118,230.2,7617.21,Low,1.0,284234.0,27.87,8.63,41.24,21:00,0.4871,"24,4",184.2 mm,₺1.54,"500,226",  4.0  ,91%
Kocaeli,Marmara,Large City,2017,9,Autumn,14.16,71.51,2031963,441.67,16817.97,High,7.0,611292.0,,7.91,52.98,10:00,1.2249,"51,0",138.3 mm,₺2.36,"740,592",  5.1  ,85%
Manisa,Aegean,Medium City,2015,8,Summer,36.26,83.75,1452881,344.89,13387.6,Medium,4.0,484027.0,39.37,9.64,19.35,10:00,0.8869,"33,9",289.3 mm,₺1.7,"564,642",  6.0  ,82%
Balıkesir,Marmara,Medium City,2020,12,Winter,1.77,75.91,1264958,849.78,9175.59,Low,4.0,443646.0,7.32,15.44,33.35,19:00,0.7427,"28,2",196.9 mm,₺2.33,"42,790",  10.7  ,
Denizli,Aegean,Medium City,2019,3,Spring,22.42,67.75,1062840,258.74,14320.44,Medium,4.0,390165.0,26.65,15.64,56.42,20:00,0.5375,"66,7",198.2 mm,₺1.27,"728,676",  11.4  ,98%
Diyarbakir,Southeastern Anatolia,Large City,2023,9,Autumn,20.83,77.36,1801268,399.45,12890.08,Low,4.0,625154.0,36.72,11.13,16.83,21:00,0.8448,"76,6",255.7 mm,₺1.28,"268,902",  10.2  ,83%
Sivas,Central Anatolia,Medium City,2019,5,Spring,11.47,51.22,634149,906.81,,Low,3.0,184285.0,24.44,11.33,70.99,,0.2283,"57,3",293.0 mm,₺1.3,"630,467",  7.0  ,79%
Antalya,Mediterranean,Large City,2022,5,Spring,25.93,,2619832,1168.03,9487.52,Low,8.0,881778.0,,15.16,70.39,21:00,1.0368,"75,3",171.1 mm,₺2.19,"608,572",  5.5  ,42%
Antalya,Mediterranean,Large City,2022,8,Summer,36.18,67.19,2619832,560.7,7140.54,Low,8.0,863601.0,26.87,13.3,29.89,19:00,1.2738,"14,2",,₺1.37,"180,372",  9.2  ,41%
Istanbul,Marmara,Megacity,2015,8,Summer,32.52,59.23,15840900,4347.42,17846.19,High,40.0,5717738.0,21.02,14.99,50.7,,12.2936,"37,7",53.3 mm,₺2.1,"689,226",  6.2  ,49%
Tekirdag,Marmara,Medium City,2018,11,Autumn,15.24,42.67,1085000,221.33,13484.05,Medium,4.0,377275.0,5.29,9.75,41.46,18:00,0.5105,"78,0",39.5 mm,₺1.39,"627,007",  11.9  ,48%
Mugla,Aegean,Medium City,2016,2,Winter,6.5,75.44,1012321,219.29,8588.83,Low,,305813.0,39.32,9.54,53.56,20:00,0.5,"10,7",273.6 mm,₺0.86,"149,205",  8.5  ,
Eskisehir,Central Anatolia,Medium City,2018,10,Autumn,11.0,55.39,882456,859.96,12260.87,Medium,2.0,262384.0,39.53,17.34,41.58,19:00,0.4374,"55,2",29.3 mm,,"336,389",  11.6  ,96%
Samsun,Black Sea,Large City,2018,3,Spring,16.3,61.19,1361505,688.66,4012.87,Low,3.0,498282.0,38.53,10.42,36.44,20:00,0.4585,"12,3",203.6 mm,₺0.86,"179,529",  11.4  ,43%
Canakkale,Marmara,Small City,2018,2,Winter,-0.98,48.13,542000,168.83,8474.54,Low,3.0,184058.0,27.43,16.15,72.01,20:00,0.3266,"45,4",122.1 mm,₺0.73,"880,582",  9.4  ,44%
Istanbul,Marmara,Megacity,2016,8,Summer,35.98,56.53,15840900,5096.46,18027.23,High,40.0,5969893.0,17.36,11.08,,18:00,13.5101,"77,7",31.2 mm,₺1.79,"113,631",  8.5  ,64%
Kayseri,Central Anatolia,Large City,2017,3,Spring,18.73,60.1,1441523,388.18,12910.95,Medium,3.0,429834.0,26.74,9.57,15.58,20:00,0.7155,,153.3 mm,₺0.6,"26,573",  8.9  ,50%
Canakkale,Marmara,Small City,2023,10,Autumn,13.02,83.13,542000,254.32,7799.57,Low,2.0,180169.0,38.14,8.71,48.74,09:00,0.2452,"22,9",296.5 mm,₺0.99,,  4.6  ,89%
Eskisehir,Central Anatolia,Medium City,2022,1,Winter,-3.56,67.2,882456,720.08,13635.91,Medium,4.0,253880.0,35.22,8.43,28.83,08:00,0.6996,"50,2",166.3 mm,,"411,793",  7.9  ,52%
Istanbul,Marmara,Megacity,2018,5,Spring,17.26,63.79,15840900,4096.37,19663.69,High,41.0,5078127.0,28.51,10.19,17.74,08:00,7.8592,"22,2",242.4 mm,₺1.79,"749,826",  11.8  ,98%
Antalya,Mediterranean,Large City,2022,3,Spring,24.64,64.19,2619832,541.55,10221.59,Low,8.0,808498.0,16.46,5.69,14.15,21:00,2.9371,"55,2",198.5 mm,₺1.43,"570,554",  6.9  ,50%
Van,Eastern Anatolia,Medium City,2019,3,Spring,10.15,72.33,1126384,1040.07,8018.56,Low,3.0,,34.84,14.64,42.98,08:00,0.426,"28,6",50.0 mm,,"875,835",  10.5  ,61%
Canakkale,Marmara,Small City,2023,10,Autumn,,67.52,542000,477.54,7326.56,Low,3.0,160624.0,40.43,,12.19,08:00,0.2386,"43,8",100.2 mm,₺2.38,"891,225",  2.1  ,45%
Denizli,Aegean,Medium City,2016,6,Summer,37.48,51.9,1062840,241.73,12753.5,Medium,4.0,371909.0,5.48,6.66,14.14,08:00,0.6206,"69,0",48.2 mm,₺0.86,"786,008",  6.2  ,99%
Hatay,Mediterranean,Large City,2021,5,Spring,24.9,52.15,1609856,505.32,7321.33,Low,6.0,459038.0,15.49,13.93,42.26,08:00,0.7088,"6,8",148.0 mm,₺2.47,"379,895",  4.6  ,35%
Eskisehir,Central Anatolia,Medium City,2020,7,Summer,24.01,62.2,882456,182.95,10945.45,Medium,3.0,321253.0,21.74,8.05,21.32,09:00,0.5603,"78,4",243.5 mm,₺1.51,"128,542",  3.6  ,67%
Canakkale,Marmara,Small City,2021,7,Summer,29.03,74.69,542000,326.8,8289.56,Low,2.0,184604.0,14.48,16.69,23.38,20:00,0.3012,"8,6",159.5 mm,₺1.71,"778,551",  9.1  ,93%
Mersin,Mediterranean,Large City,2021,3,Spring,23.52,53.73,1936586,425.17,11818.88,Medium,4.0,571628.0,,11.14,73.65,20:00,0.9528,"73,5",79.2 mm,₺1.8,"481,876",  11.3  ,82%
Istanbul,Marmara,Megacity,2023,5,Spring,17.78,77.15,15840900,27865.64,18274.41,High,,5783215.0,34.91,13.64,20.08,19:00,9.4304,"18,1",12.4 mm,₺2.21,"807,876",  5.1  ,78%
Antalya,Mediterranean,Large City,2023,12,Winter,9.12,62.87,2619832,782.6,7904.48,Low,6.0,932184.0,42.79,6.35,50.98,19:00,1.5788,"21,0",94.6 mm,₺0.55,"783,536",  8.6  ,36%
Kocaeli,Marmara,Large City,2021,4,Spring,18.66,76.78,2031963,1029.86,19473.39,High,6.0,770180.0,7.8,13.03,57.97,18:00,1.2798,"53,3",237.8 mm,₺1.76,"236,551",  7.4  ,34%
Kocaeli,Marmara,Large City,2021,6,Summer,29.47,67.46,2031963,1499.56,15226.22,High,6.0,689406.0,23.3,19.82,20.44,08:00,1.695,,50.4 mm,₺1.37,"863,646",  5.4  ,85%
Antalya,Mediterranean,Large City,2019,1,Winter,11.43,56.27,2619832,3462.73,9217.08,Low,,935969.0,,16.42,72.4,08:00,1.4608,"35,6",286.8 mm,₺2.38,"551,430",  5.2  ,89%
Eskisehir,Central Anatolia,Medium City,2022,3,Spring,16.86,50.17,882456,718.56,15950.76,Medium,3.0,,17.71,7.1,12.92,21:00,0.4104,"64,5",70.5 mm,₺2.43,"322,619",  11.9  ,46%
Antalya,Mediterranean,Large City,2020,12,Winter,6.96,53.29,2619832,2067.61,8552.61,Low,7.0,830741.0,44.61,14.17,60.19,18:00,1.3616,"55,8",253.5 mm,₺2.06,"817,799",  11.0  ,58%
Bursa,Marmara,Large City,2021,2,Winter,4.16,48.48,3056120,1232.23,18059.8,High,10.0,973073.0,12.68,8.99,50.51,,2.9463,"53,5",246.7 mm,₺2.38,"407,286",  9.6  ,50%
Gaziantep,Southeastern Anatolia,Large City,2019,9,Autumn,20.79,78.07,2101263,509.16,19493.8,High,6.0,768452.0,36.43,13.34,25.12,18:00,1.5386,"47,1",282.2 mm,₺1.14,"824,873",  11.7  ,37%
Sakarya,Marmara,Medium City,2020,3,Spring,15.87,81.12,1003000,615.0,12682.45,Medium,3.0,348313.0,22.61,12.69,35.16,21:00,0.4591,"30,4",61.7 mm,₺1.38,,  2.1  ,68%
Antalya,Mediterranean,Large City,2019,6,Summer,36.21,63.34,2619832,852.07,9557.51,Low,6.0,960079.0,,6.82,42.07,21:00,1.1968,"36,8",240.3 mm,₺0.79,"608,731",  2.3  ,71%
Ankara,Central Anatolia,Megacity,2017,1,Winter,-1.16,57.6,5639076,1205.12,16710.32,High,15.0,2069946.0,11.29,15.52,51.67,08:00,4.2841,,49.3 mm,₺1.27,"819,651",  6.8  ,45%
Diyarbakir,Southeastern Anatolia,Large City,2020,2,Winter,6.24,58.68,1801268,630.85,10654.39,Low,6.0,613216.0,12.39,5.89,59.64,19:00,1.2356,"16,0",16.8 mm,₺1.56,"751,932",  10.8  ,78%
Mardin,Southeastern Anatolia,Small City,2023,2,Winter,5.01,50.12,833645,177.83,8000.06,Low,2.0,308625.0,41.87,10.6,69.63,09:00,0.4945,"8,4",276.9 mm,₺1.51,"409,958",  7.0  ,91%
Malatya,Eastern Anatolia,Medium City,2015,6,Summer,20.45,59.4,781118,176.86,10698.61,Low,1.0,220606.0,44.7,,45.18,19:00,0.4137,"22,7",,₺1.62,"662,576",  11.7  ,90%
Kocaeli,Marmara,Large City,2023,9,Autumn,19.8,67.86,2031963,1380.28,18445.63,High,8.0,721064.0,13.16,9.38,41.37,20:00,1.5178,"78,9",227.1 mm,₺0.96,"670,623",  7.6  ,75%
Balıkesir,Marmara,Medium City,2015,2,Winter,-0.3,55.52,1264958,277.15,7408.67,Low,5.0,,43.61,15.47,72.98,18:00,0.6072,"55,4",42.6 mm,₺0.78,"379,562",  8.5  ,75%
Hatay,Mediterranean,Large City,2021,1,Winter,9.12,64.12,1609856,355.63,,Low,4.0,534137.0,27.8,12.38,67.13,08:00,0.9724,"51,0",113.5 mm,₺2.4,"551,435",  8.7  ,33%
Samsun,Black Sea,Large City,2022,7,Summer,27.71,67.4,1361505,483.82,7840.75,Low,3.0,399181.0,36.71,11.54,32.12,19:00,0.8004,"32,1",41.1 mm,₺1.11,"205,175",  2.9  ,82%
Adana,Mediterranean,Large City,2020,5,Spring,20.68,83.27,2237940,654.32,19427.59,High,8.0,783315.0,10.89,16.36,22.83,08:00,1.5002,"46,6",272.0 mm,₺0.99,"699,276",  2.2  ,53%
Van,Eastern Anatolia,Medium City,2021,6,Summer,,65.43,1126384,1459.72,10202.73,Low,3.0,397017.0,44.16,13.93,38.95,09:00,0.5553,"53,5",129.0 mm,₺0.97,,  10.0  ,82%
Eskisehir,Central Anatolia,Medium City,2017,2,Winter,1.49,,882456,348.76,9910.33,Medium,4.0,281364.0,24.04,12.06,63.34,18:00,0.636,"14,4",244.1 mm,₺1.83,"880,253",  2.9  ,41%
Izmir,Aegean,Megacity,2021,5,Spring,22.13,49.11,4394694,3759.11,18497.58,High,12.0,1622622.0,10.82,13.87,55.5,20:00,2.8022,"72,3",74.3 mm,₺2.49,"539,025",  7.1  ,97%
Balıkesir,Marmara,Medium City,2019,11,Autumn,19.08,80.21,1264958,655.66,9796.84,Low,,401187.0,29.62,16.95,36.67,18:00,0.6042,"47,8",82.0 mm,,"135,922",  5.2  ,97%
Kayseri,Central Anatolia,Large City,2023,12,Winter,-1.5,69.05,1441523,789.78,12599.55,Medium,3.0,525073.0,19.28,19.04,69.07,10:00,0.9273,"5,7",123.4 mm,₺1.79,"412,764",  4.9  ,59%
Diyarbakir,Southeastern Anatolia,Large City,2021,8,Summer,38.71,77.96,1801268,747.99,9371.21,Low,5.0,683746.0,26.27,13.6,74.62,08:00,1.01,"21,4",34.0 mm,₺0.94,"274,697",,62%
Istanbul,Marmara,Megacity,2020,4,Spring,14.58,57.69,15840900,9285.12,17410.36,High,41.0,4880121.0,11.99,7.98,74.96,10:00,10.3036,"37,9",51.1 mm,₺2.48,"17,721",  2.1  ,47%
Ankara,Central Anatolia,Megacity,2018,3,Spring,16.12,79.94,5639076,1612.87,17385.29,High,16.0,1927511.0,36.56,18.28,34.91,09:00,3.0406,"65,2",58.1 mm,₺2.27,"482,584",  10.5  ,38%
Antalya,Mediterranean,Large City,2015,10,Autumn,23.86,44.78,2619832,2305.14,7556.06,Low,8.0,858733.0,18.64,15.29,15.3,09:00,1.0737,"28,0",219.7 mm,₺1.53,"77,189",  8.1  ,93%
Canakkale,Marmara,Small City,2015,4,Spring,19.66,70.35,542000,314.51,9181.89,Low,1.0,,26.18,18.24,16.54,20:00,0.1783,"79,5",15.0 mm,₺1.33,"799,458",  10.1  ,57%
Izmir,Aegean,Megacity,2015,12,Winter,1.2,58.95,4394694,1037.93,19852.04,High,13.0,1255039.0,19.37,15.51,61.28,10:00,4.0411,"6,6",174.8 mm,₺1.29,"602,249",  5.3  ,89%
Manisa,Aegean,Medium City,2017,1,Winter,4.56,82.75,1452881,2472.77,14883.46,Medium,4.0,545160.0,9.93,9.04,58.61,20:00,0.8625,"17,1",237.5 mm,₺1.68,"626,052",  3.9  ,78%
Adana,Mediterranean,Large City,2017,2,Winter,5.54,62.33,2237940,938.94,17633.87,High,7.0,750943.0,12.48,10.41,66.37,21:00,2.102,"17,8",210.4 mm,₺0.52,"173,430",  10.6  ,31%
Sakarya,Marmara,Medium City,2020,4,Spring,17.28,77.33,1003000,317.65,15930.22,Medium,4.0,326948.0,17.68,14.73,47.08,19:00,0.4816,"6,6",84.9 mm,₺1.65,"297,716",  11.2  ,42%
Van,Eastern Anatolia,Medium City,2016,8,Summer,24.43,84.18,1126384,253.85,8606.67,Low,4.0,340552.0,11.86,16.57,15.26,,0.5615,"22,4",12.4 mm,₺0.64,"14,466",  4.3  ,
Malatya,Eastern Anatolia,Medium City,2017,7,Summer,21.0,56.72,781118,400.39,7194.82,Low,2.0,223099.0,24.68,8.84,69.22,21:00,0.4462,"47,8",248.3 mm,₺0.75,"160,685",  7.6  ,72%
Kocaeli,Marmara,Large City,2020,1,Winter,1.41,59.96,2031963,712.42,20597.89,High,7.0,764062.0,36.85,13.75,52.92,08:00,1.5039,"20,5",64.2 mm,₺0.98,"784,306",  5.5  ,51%
Manisa,Aegean,Medium City,2022,10,Autumn,21.63,79.44,1452881,321.01,13970.12,Medium,3.0,538823.0,43.6,13.72,62.55,08:00,0.8415,"37,4",148.8 mm,₺1.41,"656,091",  10.2  ,79%
Manisa,Aegean,Medium City,2018,2,Winter,,79.49,1452881,331.55,,Medium,4.0,517386.0,9.78,16.69,,20:00,0.9495,"43,6",204.4 mm,₺1.74,"365,021",  8.6  ,38%
Eskisehir,Central Anatolia,Medium City,2016,8,Summer,,79.78,882456,763.34,,Medium,3.0,,42.22,9.24,25.23,21:00,0.6016,,199.6 mm,₺0.54,"447,784",,60%
Samsun,Black Sea,Large City,2019,12,Winter,2.6,68.88,1361505,491.66,10834.4,Low,3.0,513257.0,24.85,15.84,32.65,19:00,0.8197,"40,0",34.5 mm,₺0.84,"555,646",,33%
Malatya,Eastern Anatolia,Medium City,2020,11,Autumn,5.05,79.65,781118,177.48,8487.8,Low,1.0,288135.0,19.42,11.01,44.11,09:00,0.3598,"79,1",44.7 mm,₺1.12,"533,789",  7.2  ,55%
Hatay,Mediterranean,Large City,2020,12,Winter,8.78,,1609856,1407.26,10097.93,Low,5.0,548467.0,29.96,16.44,12.23,18:00,1.0667,"8,0",27.2 mm,₺1.92,"355,179",  3.3  ,89%
Erzurum,Eastern Anatolia,Medium City,2022,4,Spring,,79.3,762321,293.63,9899.68,Low,2.0,240828.0,44.69,,34.95,09:00,0.3412,"48,2",93.2 mm,₺1.27,"161,091",  9.0  ,49%
Diyarbakir,Southeastern Anatolia,Large City,2016,2,Winter,9.13,44.6,1801268,472.28,9325.29,Low,4.0,613640.0,11.1,13.64,37.57,09:00,1.0272,,204.2 mm,₺1.0,"303,118",  5.6  ,56%
Balıkesir,Marmara,Medium City,2015,7,Summer,33.23,72.66,1264958,967.13,10015.55,Low,4.0,387297.0,34.53,15.4,70.11,21:00,0.6181,"15,8",299.6 mm,₺2.09,"785,947",  5.0  ,76%
Manisa,Aegean,Medium City,2022,11,Autumn,20.06,82.56,1452881,410.37,14287.21,Medium,4.0,483910.0,25.02,17.83,26.59,19:00,0.6617,"25,9",31.8 mm,₺1.66,"711,667",  8.0  ,72%
Sivas,Central Anatolia,Medium City,2021,8,Summer,,54.76,634149,134.36,7026.84,Low,1.0,229515.0,8.83,12.42,,21:00,0.3453,"44,1",283.9 mm,₺1.51,"255,815",  10.8  ,78%
Malatya,Eastern Anatolia,Medium City,2023,8,Summer,,79.72,781118,188.71,7442.04,Low,1.0,289235.0,17.79,17.92,67.95,19:00,0.4955,"11,1",189.6 mm,₺1.29,"174,747",,98%
Tekirdag,Marmara,Medium City,2023,6,Summer,33.49,48.23,1085000,371.14,,Medium,2.0,400480.0,30.07,19.87,48.55,20:00,0.7302,"37,8",176.0 mm,₺1.38,"779,246",  9.5  ,53%
Tekirdag,Marmara,Medium City,2015,2,Winter,4.27,54.9,1085000,655.35,13891.81,Medium,4.0,355576.0,12.75,16.28,20.38,,0.6806,"79,8",108.3 mm,₺2.42,"378,926",  11.2  ,95%
Ankara,Central Anatolia,Megacity,2020,9,Autumn,12.92,53.71,5639076,2775.83,19370.41,High,15.0,1889790.0,12.45,14.91,23.43,09:00,3.7402,"31,3",138.3 mm,₺1.34,"661,746",  6.4  ,46%
Eskisehir,Central Anatolia,Medium City,2017,12,Winter,-1.2,75.31,882456,353.22,,Medium,2.0,,31.79,19.07,,20:00,0.5524,"24,2",166.5 mm,₺1.65,"875,196",  11.0  ,56%
Istanbul,Marmara,Megacity,2016,3,Spring,17.75,45.72,15840900,6576.53,17091.48,High,41.0,5874589.0,26.12,9.1,,18:00,7.4931,"43,3",197.1 mm,₺1.36,"676,239",  5.5  ,40%
Manisa,Aegean,Medium City,2015,2,Winter,1.99,73.4,1452881,361.36,13461.12,Medium,3.0,507209.0,44.36,,46.48,19:00,0.8801,"68,9",131.4 mm,₺1.48,"45,104",  2.9  ,68%
Mardin,Southeastern Anatolia,Small City,2016,9,Autumn,18.56,71.85,833645,321.54,10458.59,Low,3.0,271943.0,10.89,19.48,65.57,09:00,0.3127,"58,8",205.6 mm,₺0.76,"893,003",  5.1  ,92%
Diyarbakir,Southeastern Anatolia,Large City,2023,2,Winter,7.39,68.34,1801268,398.41,8592.27,Low,,576086.0,6.72,16.71,38.85,,1.0742,"38,7",12.8 mm,₺1.45,"404,543",  9.0  ,74%
Tekirdag,Marmara,Medium City,2015,12,Winter,-0.78,68.07,1085000,275.74,14406.11,Medium,3.0,363473.0,17.88,17.23,66.48,19:00,0.6857,"12,1",156.6 mm,₺0.65,"545,572",  3.8  ,88%
Gaziantep,Southeastern Anatolia,Large City,2019,8,Summer,37.3,42.45,2101263,1607.57,19517.19,High,8.0,721981.0,16.01,7.34,48.95,19:00,1.8847,"43,9",122.9 mm,₺2.43,,  8.5  ,40%
Kayseri,Central Anatolia,Large City,2017,4,Spring,14.76,56.53,1441523,620.29,13317.24,Medium,5.0,512668.0,5.22,19.9,54.36,08:00,0.5641,"16,4",132.2 mm,₺2.17,"81,776",  9.9  ,86%
Sakarya,Marmara,Medium City,2021,10,Autumn,16.61,57.16,1003000,735.53,14103.2,Medium,2.0,324566.0,36.45,16.94,35.13,21:00,0.5135,"72,7",127.4 mm,₺2.42,"451,947",  7.3  ,90%
Canakkale,Marmara,Small City,2022,3,Spring,,70.68,542000,232.61,9250.22,Low,1.0,179853.0,38.28,16.36,52.09,18:00,0.2361,"75,0",,₺1.55,"26,487",  5.0  ,91%
Afyonkarahisar,Aegean,Small City,2015,6,Summer,34.88,83.66,734000,628.57,8893.19,Low,1.0,213345.0,10.28,12.43,32.46,21:00,0.3811,"26,4",98.5 mm,₺1.87,"241,369",  10.5  ,96%
Canakkale,Marmara,Small City,2017,8,Summer,31.61,81.17,542000,137.74,11939.52,Low,2.0,187862.0,34.07,6.9,55.11,,0.2996,"76,8",285.6 mm,₺1.6,"313,195",  3.5  ,73%
Adana,Mediterranean,Large City,2019,2,Winter,12.09,40.08,2237940,505.17,18711.91,High,6.0,725405.0,44.25,9.23,14.09,20:00,1.9658,"27,9",183.8 mm,₺1.44,"50,396",  11.9  ,
Kayseri,Central Anatolia,Large City,2023,5,Spring,11.46,79.35,1441523,317.21,12694.66,Medium,3.0,439961.0,35.38,13.29,17.21,19:00,0.7079,"62,1",110.3 mm,₺1.59,"436,074",  6.9  ,54%
Sivas,Central Anatolia,Medium City,2018,7,Summer,28.94,57.27,634149,202.01,9221.2,Low,1.0,201470.0,24.66,15.94,20.33,18:00,0.3309,"25,1",44.3 mm,₺1.55,"712,768",  5.5  ,66%
Sivas,Central Anatolia,Medium City,2020,11,Autumn,9.28,69.55,634149,213.22,,Low,2.0,234086.0,38.64,7.19,39.22,08:00,0.2585,"37,9",133.3 mm,₺1.08,"490,724",  8.0  ,
Diyarbakir,Southeastern Anatolia,Large City,2017,6,Summer,38.41,55.76,1801268,804.21,13125.16,Low,5.0,541684.0,35.34,5.22,56.36,19:00,0.8444,"27,7",231.3 mm,₺1.74,"502,705",  3.7  ,
Manisa,Aegean,Medium City,2020,8,Summer,34.25,43.57,1452881,500.47,15070.18,Medium,3.0,527000.0,,14.93,54.55,20:00,1.0018,"61,1",123.1 mm,₺2.24,"607,881",,73%
Trabzon,Black Sea,Medium City,2020,8,Summer,29.61,73.45,811874,264.93,6069.82,Low,4.0,283793.0,8.74,13.3,,20:00,0.4749,"7,3",219.6 mm,₺0.66,"303,911",  5.6  ,79%
Hatay,Mediterranean,Large City,2021,1,Winter,9.4,84.9,1609856,2780.47,10086.49,Low,4.0,541327.0,30.03,7.76,18.66,10:00,1.0863,"57,5",124.4 mm,₺1.01,"416,424",  10.3  ,45%
Erzurum,Eastern Anatolia,Medium City,2022,3,Spring,9.95,76.17,762321,361.98,6239.91,Low,1.0,286006.0,7.32,19.21,11.21,19:00,0.3545,,57.9 mm,₺0.99,"242,464",  3.2  ,32%
Ankara,Central Anatolia,Megacity,2019,8,Summer,31.41,59.86,5639076,4229.44,17943.42,High,17.0,1810131.0,,13.94,64.5,21:00,4.8442,"18,3",78.2 mm,₺1.97,"799,908",  6.8  ,56%
Diyarbakir,Southeastern Anatolia,Large City,2018,7,Summer,34.37,45.51,1801268,473.61,7537.67,Low,4.0,583431.0,16.63,9.92,67.63,18:00,0.9279,"53,8",118.0 mm,₺0.59,"827,567",  6.8  ,35%
Konya,Central Anatolia,Large City,2023,2,Winter,-2.48,51.95,2320259,756.3,13288.35,Medium,5.0,701475.0,18.67,16.09,51.72,21:00,2.0067,"56,2",237.8 mm,₺0.94,"712,037",  10.8  ,44%
Mugla,Aegean,Medium City,2019,11,Autumn,20.97,75.49,1012321,921.18,9473.61,Low,3.0,361330.0,23.7,18.92,64.04,18:00,0.335,"62,8",169.4 mm,₺1.26,"278,402",  8.7  ,67%
Kayseri,Central Anatolia,Large City,2018,7,Summer,27.72,79.37,1441523,288.73,13052.5,Medium,5.0,531574.0,25.7,9.85,53.56,18:00,0.907,"40,2",100.6 mm,₺2.03,,  5.7  ,47%
Istanbul,Marmara,Megacity,2023,11,Autumn,16.32,62.56,15840900,9621.22,17766.95,High,40.0,4713909.0,24.12,12.07,19.42,21:00,8.8115,"7,9",41.1 mm,₺0.6,"466,122",  2.6  ,63%
Van,Eastern Anatolia,Medium City,2017,9,Autumn,6.88,66.92,1126384,236.1,11647.37,Low,3.0,381055.0,41.97,13.24,36.11,10:00,0.5446,"30,9",139.9 mm,₺1.8,"898,824",  7.1  ,
Diyarbakir,Southeastern Anatolia,Large City,2016,6,Summer,36.89,51.28,1801268,729.35,10307.03,Low,4.0,524128.0,23.03,6.95,52.09,21:00,0.9368,"20,7",111.3 mm,₺1.94,"809,836",  10.9  ,45%
Tekirdag,Marmara,Medium City,2015,12,Winter,1.14,51.44,1085000,575.39,13600.17,Medium,4.0,318952.0,24.55,15.0,11.95,09:00,0.6503,"73,9",279.0 mm,₺2.02,"328,624",  10.7  ,34%
Mardin,Southeastern Anatolia,Small City,2015,8,Summer,32.68,73.55,833645,239.93,8785.13,Low,3.0,242383.0,33.53,13.57,46.49,08:00,0.4302,"72,8",281.6 mm,₺0.64,"736,325",  7.6  ,46%
Mugla,Aegean,Medium City,2021,7,Summer,36.45,64.72,1012321,287.09,8982.62,Low,4.0,354209.0,33.48,9.81,44.24,19:00,0.5492,"51,5",123.4 mm,₺0.96,"723,012",,89%
Antalya,Mediterranean,Large City,2022,3,Spring,20.39,,2619832,945.24,7577.87,Low,8.0,,5.05,10.7,19.75,19:00,1.1672,"63,5",255.4 mm,₺0.54,"426,279",  6.8  ,89%
Trabzon,Black Sea,Medium City,2016,3,Spring,18.3,77.41,811874,335.86,11169.29,Low,2.0,231275.0,8.81,6.56,47.77,18:00,0.265,"21,0",202.2 mm,₺1.64,"711,290",  8.3  ,54%
Hatay,Mediterranean,Large City,2016,10,Autumn,24.32,56.44,1609856,404.18,11044.84,Low,4.0,504481.0,34.58,11.39,30.57,09:00,0.6088,"18,6",214.7 mm,₺2.43,"595,698",  7.9  ,86%
Kahramanmaras,Mediterranean,Medium City,2016,5,Spring,22.86,73.4,1178234,339.23,,Low,4.0,355018.0,12.01,19.53,22.41,20:00,0.3776,"23,4",39.3 mm,₺2.24,"446,400",  4.1  ,30%
Erzurum,Eastern Anatolia,Medium City,2022,2,Winter,-5.15,57.15,762321,197.49,7919.19,Low,2.0,280785.0,16.97,14.52,39.56,10:00,0.4557,"5,1",127.3 mm,₺2.29,"219,114",  11.5  ,34%
Samsun,Black Sea,Large City,2022,12,Winter,-2.97,75.18,1361505,408.42,9168.57,Low,4.0,427815.0,20.13,6.33,73.79,21:00,0.7586,"64,8",239.9 mm,₺0.56,"188,143",  8.4  ,92%
Trabzon,Black Sea,Medium City,2020,12,Winter,-1.59,50.82,811874,196.03,7729.43,Low,4.0,306015.0,31.37,18.88,25.34,21:00,0.4935,"27,3",54.4 mm,₺0.7,"475,214",  4.0  ,90%
Izmir,Aegean,Megacity,2023,9,Autumn,19.39,,4394694,1142.73,17761.99,High,,1287148.0,6.17,17.39,31.78,19:00,2.9915,"42,6",165.9 mm,₺1.24,,  4.3  ,53%
Kahramanmaras,Mediterranean,Medium City,2019,6,Summer,38.64,74.91,1178234,695.12,9383.47,Low,3.0,388764.0,22.55,,59.71,,0.6768,"17,1",289.2 mm,₺1.55,"334,720",  8.5  ,34%
Izmir,Aegean,Megacity,2015,2,Winter,4.03,51.59,4394694,1071.46,18220.19,High,13.0,1343323.0,,18.07,53.24,09:00,3.3688,"77,0",146.2 mm,₺2.05,"124,343",  4.8  ,88%
Eskisehir,Central Anatolia,Medium City,2015,3,Spring,15.76,53.16,882456,539.19,13201.49,Medium,2.0,251207.0,44.57,7.5,60.67,18:00,0.3614,"34,3",164.5 mm,₺0.67,"621,529",  7.9  ,60%
Sivas,Central Anatolia,Medium City,2015,4,Spring,17.35,80.9,634149,210.38,9087.69,Low,1.0,209184.0,27.65,7.64,69.68,,0.2447,"34,8",207.5 mm,₺1.82,"125,625",,82%
Diyarbakir,Southeastern Anatolia,Large City,2015,3,Spring,24.5,55.29,1801268,384.69,7757.9,Low,6.0,566205.0,27.94,10.9,30.7,10:00,0.6656,,144.6 mm,,"253,229",  7.2  ,73%
Kocaeli,Marmara,Large City,2019,12,Winter,2.06,68.58,2031963,455.05,16323.82,High,6.0,726048.0,38.28,6.26,16.5,10:00,1.9091,"48,5",37.0 mm,,"760,521",  3.1  ,55%
Ankara,Central Anatolia,Megacity,2020,7,Summer,29.54,66.51,5639076,1537.61,19319.49,High,16.0,1746033.0,36.9,16.61,54.3,10:00,5.411,"33,7",250.2 mm,₺0.61,"177,232",  2.4  ,75%
Canakkale,Marmara,Small City,2017,12,Winter,1.63,43.0,542000,452.67,7388.29,Low,3.0,181959.0,41.26,,15.55,,0.2913,"59,2",137.6 mm,₺0.63,"825,535",  6.8  ,73%
Denizli,Aegean,Medium City,2019,6,Summer,29.89,,1062840,467.54,12422.22,Medium,4.0,362991.0,12.1,9.43,34.39,20:00,0.6413,"67,1",152.0 mm,₺1.73,"526,926",  7.3  ,35%
Canakkale,Marmara,Small City,2023,5,Spring,19.25,40.47,542000,145.76,9773.0,Low,1.0,194239.0,33.8,10.33,41.41,10:00,0.2382,"6,2",182.6 mm,₺1.06,"899,920",  10.8  ,88%
Canakkale,Marmara,Small City,2018,4,Spring,17.61,43.72,542000,698.59,9035.36,Low,,205539.0,12.42,12.68,52.42,08:00,0.1994,"74,2",56.5 mm,₺0.55,"590,643",  8.8  ,67%
Sakarya,Marmara,Medium City,2022,10,Autumn,13.0,81.52,1003000,581.86,12849.77,Medium,2.0,371737.0,15.47,8.7,26.22,20:00,0.5129,"78,8",275.9 mm,₺0.93,"56,497",  11.2  ,40%
Manisa,Aegean,Medium City,2023,7,Summer,33.37,43.54,1452881,455.51,16182.16,Medium,4.0,462210.0,30.77,18.77,59.74,08:00,0.9977,"41,3",42.5 mm,₺1.99,"103,963",,69%
Sivas,Central Anatolia,Medium City,2021,10,Autumn,11.59,,634149,138.25,9839.93,Low,1.0,179491.0,5.01,7.53,31.33,19:00,0.2746,"17,3",188.0 mm,₺1.78,,  7.0  ,66%
Gaziantep,Southeastern Anatolia,Large City,2015,11,Autumn,21.15,46.87,2101263,2669.0,18128.22,High,6.0,620725.0,21.49,9.61,64.59,18:00,1.1796,"58,2",110.9 mm,₺1.72,"58,622",  10.4  ,80%
Denizli,Aegean,Medium City,2021,11,Autumn,19.61,43.48,1062840,677.3,12400.68,Medium,2.0,359013.0,41.98,5.16,72.52,20:00,0.5405,"32,1",95.7 mm,₺1.06,,,75%
Eskisehir,Central Anatolia,Medium City,2019,5,Spring,14.9,44.6,882456,256.13,13660.02,Medium,,254357.0,32.75,8.31,54.23,18:00,0.3952,"43,5",75.5 mm,₺2.19,"897,588",  9.6  ,99%
Afyonkarahisar,Aegean,Small City,2015,10,Autumn,18.66,59.7,734000,237.71,12638.09,Low,3.0,260256.0,40.47,18.33,12.29,10:00,0.2603,"44,1",,₺1.64,"124,241",  11.1  ,
Kahramanmaras,Mediterranean,Medium City,2021,7,Summer,37.65,79.94,1178234,302.8,8591.64,Low,,436362.0,34.41,17.5,47.18,08:00,0.6259,"67,9",143.2 mm,₺0.83,,  9.5  ,45%
Manisa,Aegean,Medium City,2020,10,Autumn,,47.67,1452881,447.73,9959.92,Medium,5.0,441824.0,5.64,8.46,54.41,09:00,0.794,"13,6",114.3 mm,₺2.21,"572,087",  11.9  ,48%
Mersin,Mediterranean,Large City,2022,5,Spring,24.3,76.96,1936586,661.09,14243.71,Medium,6.0,659205.0,20.15,11.86,42.65,20:00,0.7574,"28,5",99.7 mm,₺2.49,"50,816",  9.7  ,79%
Konya,Central Anatolia,Large City,2023,6,Summer,29.11,57.03,2320259,796.08,13944.27,Medium,6.0,722064.0,16.03,12.49,69.9,08:00,1.528,"41,0",297.0 mm,₺0.87,"486,254",  11.8  ,67%
Sakarya,Marmara,Medium City,2019,4,Spring,22.2,63.9,1003000,298.48,13418.49,Medium,4.0,314419.0,37.33,6.04,30.39,08:00,0.5002,"35,3",137.9 mm,₺0.69,,  8.1  ,39%
Denizli,Aegean,Medium City,2018,11,Autumn,19.34,43.98,1062840,219.43,,Medium,4.0,354955.0,38.78,16.21,48.14,10:00,0.5148,"22,2",,₺1.92,"288,846",  3.9  ,91%
Kayseri,Central Anatolia,Large City,2023,2,Winter,-1.97,81.74,1441523,392.51,13579.25,Medium,5.0,423854.0,27.6,9.94,34.13,,0.9629,"78,7",45.5 mm,₺1.81,"355,211",  5.9  ,81%
Van,Eastern Anatolia,Medium City,2017,4,Spring,10.46,48.57,1126384,465.05,8648.85,Low,2.0,,41.71,10.81,62.19,21:00,0.3616,"57,7",45.2 mm,₺0.54,"529,960",  4.0  ,66%
Canakkale,Marmara,Small City,2022,9,Autumn,17.1,58.18,542000,132.43,8496.91,Low,1.0,194522.0,16.02,9.59,39.02,10:00,0.2402,"72,4",297.7 mm,₺2.16,"456,567",  8.9  ,86%
Gaziantep,Southeastern Anatolia,Large City,2018,10,Autumn,20.87,69.08,2101263,1073.23,17485.0,High,8.0,751339.0,22.92,17.77,28.73,21:00,1.3856,"48,5",39.0 mm,₺0.72,"170,123",  3.7  ,86%
Trabzon,Black Sea,Medium City,2023,7,Summer,32.17,55.0,811874,228.97,9734.91,Low,4.0,228044.0,13.43,19.36,74.86,21:00,0.4507,"22,8",113.8 mm,₺2.48,"877,912",  11.6  ,30%
Eskisehir,Central Anatolia,Medium City,2022,9,Autumn,15.09,60.55,882456,203.56,12641.23,Medium,4.0,260355.0,17.32,14.78,50.12,09:00,0.4504,"52,5",15.4 mm,₺2.27,"87,439",  9.0  ,62%
Manisa,Aegean,Medium City,2019,7,Summer,33.3,78.35,1452881,572.18,13346.45,Medium,3.0,519339.0,28.49,11.78,23.59,10:00,0.996,"59,2",190.1 mm,₺1.01,"298,327",  3.7  ,88%
Canakkale,Marmara,Small City,2015,2,Winter,3.78,56.93,542000,361.16,9636.94,Low,2.0,167345.0,7.48,11.82,27.85,20:00,0.2649,"52,8",246.9 mm,₺1.7,"608,408",  6.3  ,49%
Samsun,Black Sea,Large City,2017,4,Spring,13.94,83.42,1361505,302.13,11335.78,Low,4.0,467154.0,,6.6,46.94,21:00,0.5195,"61,2",227.2 mm,₺2.49,"517,163",  7.9  ,44%
Mugla,Aegean,Medium City,2020,12,Winter,11.47,71.91,1012321,322.08,9202.92,Low,2.0,335179.0,13.16,6.81,15.14,10:00,0.5317,"7,1",268.2 mm,₺1.34,"117,247",  2.4  ,98%
Diyarbakir,Southeastern Anatolia,Large City,2018,1,Winter,6.36,51.78,1801268,665.17,9008.83,Low,,603000.0,36.19,7.81,51.35,18:00,1.1129,"74,0",286.7 mm,₺2.06,"837,263",  4.9  ,31%
Kayseri,Central Anatolia,Large City,2019,1,Winter,-2.49,73.57,1441523,297.95,12464.98,Medium,5.0,446200.0,16.63,6.46,37.83,21:00,1.1031,"7,3",18.0 mm,₺1.96,"272,367",  9.7  ,63%
Erzurum,Eastern Anatolia,Medium City,2022,4,Spring,10.21,79.83,762321,200.97,8358.02,Low,1.0,257869.0,24.06,19.24,16.67,08:00,0.3238,"24,6",15.9 mm,₺0.98,"780,488",  4.1  ,30%
Istanbul,Marmara,Megacity,2018,3,Spring,17.39,64.34,15840900,9326.21,16606.01,High,41.0,5962712.0,29.15,19.9,63.9,10:00,8.123,"26,3",29.1 mm,₺2.39,"406,368",  8.5  ,80%
Afyonkarahisar,Aegean,Small City,2016,3,Spring,20.24,79.01,734000,451.77,9301.44,Low,2.0,206654.0,32.02,9.23,17.49,08:00,0.2621,"55,4",291.9 mm,₺1.88,"537,498",  9.3  ,90%
Antalya,Mediterranean,Large City,2018,5,Spring,23.17,66.64,2619832,3772.73,9333.07,Low,8.0,773239.0,,18.6,35.0,09:00,0.9206,"30,3",116.7 mm,₺1.53,"470,999",  5.9  ,64%
Sivas,Central Anatolia,Medium City,2016,2,Winter,-4.69,83.88,634149,353.85,12312.38,Low,1.0,202995.0,20.07,6.17,48.61,08:00,0.3294,"38,2",167.3 mm,₺0.58,"774,219",  4.9  ,95%
Antalya,Mediterranean,Large City,2020,8,Summer,38.87,73.82,2619832,634.99,,Low,6.0,864386.0,31.45,12.03,18.33,21:00,1.3673,"52,3",102.0 mm,₺2.04,"737,949",  5.7  ,64%
Manisa,Aegean,Medium City,2020,4,Spring,19.05,64.23,1452881,811.91,13849.75,Medium,4.0,410578.0,39.46,7.46,15.85,20:00,0.6734,"71,5",51.6 mm,₺0.7,"78,499",  7.2  ,88%
Tekirdag,Marmara,Medium City,2021,7,Summer,30.81,48.9,1085000,708.25,10972.65,Medium,3.0,392912.0,11.46,,51.38,21:00,0.7962,"12,1",143.8 mm,₺1.76,"897,494",  9.5  ,37%
Kocaeli,Marmara,Large City,2018,5,Spring,15.94,63.77,2031963,417.5,18069.12,High,6.0,642057.0,34.1,14.45,36.38,10:00,1.1326,"58,0",281.2 mm,₺1.81,"122,609",  4.9  ,34%
Konya,Central Anatolia,Large City,2015,12,Winter,-3.04,54.7,2320259,593.99,15454.41,Medium,7.0,791858.0,17.59,13.53,54.88,18:00,1.3906,"16,1",,₺2.42,"257,194",  10.6  ,78%
Balıkesir,Marmara,Medium City,2020,12,Winter,,72.81,1264958,503.33,8222.66,Low,,429737.0,24.28,9.38,56.63,19:00,0.8201,"54,5",11.6 mm,₺2.11,"423,458",,97%
Antalya,Mediterranean,Large City,2023,12,Winter,7.97,61.63,2619832,596.74,10782.59,Low,,907015.0,41.26,13.57,45.35,19:00,1.6617,"24,9",102.6 mm,₺1.58,"742,717",  2.6  ,98%
Konya,Central Anatolia,Large City,2023,2,Winter,-2.23,60.74,2320259,998.87,11644.39,Medium,7.0,809301.0,15.56,8.38,32.69,09:00,1.8539,"37,5",62.8 mm,₺1.75,"398,010",  9.6  ,
Mardin,Southeastern Anatolia,Small City,2015,1,Winter,5.79,67.12,833645,1440.61,9449.48,Low,3.0,279955.0,17.38,16.36,24.85,10:00,0.4481,"15,1",128.4 mm,₺0.53,"218,132",  9.4  ,93%
Hatay,Mediterranean,Large City,2021,6,Summer,38.43,55.02,1609856,2975.73,7761.83,Low,5.0,464007.0,40.2,12.66,50.09,18:00,0.9298,"37,9",170.4 mm,₺2.15,"879,496",  6.9  ,93%
Van,Eastern Anatolia,Medium City,2015,9,Autumn,7.5,50.49,1126384,364.16,9011.1,Low,2.0,333551.0,25.16,10.77,63.34,10:00,0.4369,"66,8",158.3 mm,₺0.6,"303,726",  10.0  ,57%
Bursa,Marmara,Large City,2020,5,Spring,17.13,41.39,3056120,1696.34,17835.59,High,10.0,1086821.0,11.4,5.35,39.8,10:00,1.8018,"49,6",34.3 mm,₺1.65,"363,605",,52%
Antalya,Mediterranean,Large City,2016,8,Summer,39.13,64.08,2619832,1085.06,10247.73,Low,7.0,782555.0,16.2,16.54,31.04,21:00,1.1621,"80,0",269.3 mm,₺1.66,"872,008",  10.5  ,54%
Antalya,Mediterranean,Large City,2022,4,Spring,23.28,,2619832,1194.48,9474.02,Low,8.0,826285.0,28.23,12.42,30.15,18:00,0.978,"6,7",172.1 mm,₺1.12,"115,399",  3.9  ,95%
Mugla,Aegean,Medium City,2021,10,Autumn,17.35,,1012321,399.63,8573.96,Low,2.0,305341.0,39.39,16.42,41.45,10:00,0.4075,"33,7",205.1 mm,₺1.7,"156,114",  8.8  ,60%
Afyonkarahisar,Aegean,Small City,2022,10,Autumn,20.93,68.52,734000,458.36,8469.27,Low,1.0,219979.0,,10.08,72.49,21:00,0.3116,"25,8",36.6 mm,₺1.7,"296,117",  9.1  ,42%
Denizli,Aegean,Medium City,2019,1,Winter,7.92,67.13,1062840,217.57,12727.55,Medium,4.0,374685.0,5.99,15.45,,18:00,0.7728,"10,3",123.5 mm,₺0.79,"223,267",  10.4  ,35%
Mardin,Southeastern Anatolia,Small City,2015,2,Winter,4.54,45.97,833645,787.21,9948.17,Low,4.0,289306.0,37.86,5.62,71.85,19:00,0.4149,"53,5",17.4 mm,₺2.1,"260,709",  4.2  ,
Samsun,Black Sea,Large City,2016,1,Winter,-0.92,84.1,1361505,767.07,7242.3,Low,4.0,434245.0,31.8,5.62,52.03,10:00,0.6283,"77,9",271.7 mm,,"233,956",  5.2  ,35%
Canakkale,Marmara,Small City,2019,8,Summer,33.29,41.22,542000,120.86,6127.3,Low,1.0,,,19.93,10.28,18:00,0.0822,"64,0",50.8 mm,,"120,764",  10.1  ,60%
Canakkale,Marmara,Small City,2019,1,Winter,-0.74,68.48,542000,568.09,11329.87,Low,2.0,199166.0,19.69,7.74,67.53,18:00,0.317,"69,2",108.7 mm,₺2.19,,  6.0  ,54%
Tekirdag,Marmara,Medium City,2021,6,Summer,30.66,56.52,1085000,414.3,13256.06,Medium,2.0,330183.0,20.64,8.67,47.24,08:00,0.7475,"77,6",28.2 mm,,"81,027",  3.7  ,92%
Mardin,Southeastern Anatolia,Small City,2017,6,Summer,34.59,59.13,833645,212.07,5481.83,Low,4.0,316014.0,12.45,10.76,27.54,18:00,0.3842,"51,4",86.7 mm,₺2.37,"37,344",  10.1  ,39%
Istanbul,Marmara,Megacity,2022,2,Winter,2.54,68.37,15840900,5538.64,15606.39,High,41.0,5355823.0,32.02,10.65,43.49,21:00,13.0638,"77,9",148.4 mm,₺1.15,"192,308",  10.3  ,63%
Istanbul,Marmara,Megacity,2020,4,Spring,20.17,67.87,15840900,25444.49,15188.92,High,40.0,4799508.0,18.26,14.86,16.82,18:00,11.0628,"53,6",279.4 mm,₺0.68,"15,091",  2.1  ,77%
Izmir,Aegean,Megacity,2020,8,Summer,39.97,67.03,4394694,4151.88,19878.92,High,11.0,1625313.0,33.3,15.68,47.87,08:00,3.7317,"20,5",205.7 mm,₺1.17,"571,367",  8.1  ,69%
Eskisehir,Central Anatolia,Medium City,2017,11,Autumn,9.8,71.43,882456,318.73,13396.05,Medium,2.0,301219.0,20.41,5.05,11.94,21:00,0.426,,278.7 mm,₺1.99,"332,365",  8.3  ,97%
Mersin,Mediterranean,Large City,2017,7,Summer,37.13,73.74,1936586,669.85,12781.93,Medium,4.0,632280.0,14.35,8.4,10.57,21:00,1.2579,"46,0",110.2 mm,₺1.35,"108,171",  6.7  ,63%
Mersin,Mediterranean,Large City,2015,8,Summer,39.89,72.56,1936586,3717.41,14811.94,Medium,4.0,586313.0,13.23,10.09,25.92,08:00,1.1284,"40,8",297.8 mm,₺1.24,"648,354",  7.1  ,39%
Malatya,Eastern Anatolia,Medium City,2015,10,Autumn,5.56,,781118,185.15,9402.86,Low,2.0,241198.0,16.35,,50.49,10:00,0.3088,"43,9",,₺0.84,"257,308",  8.8  ,33%
Konya,Central Anatolia,Large City,2023,4,Spring,14.06,61.61,2320259,1257.45,13222.0,Medium,7.0,757946.0,19.19,,74.65,10:00,1.1943,"78,7",244.8 mm,₺1.05,"727,030",  7.7  ,99%
Istanbul,Marmara,Megacity,2015,4,Spring,18.07,61.04,15840900,4405.7,17950.76,High,40.0,5992118.0,41.14,6.57,65.92,10:00,8.6334,"66,2",144.2 mm,₺2.29,"760,336",  8.3  ,47%
Afyonkarahisar,Aegean,Small City,2019,9,Autumn,19.14,54.06,734000,270.67,7773.63,Low,2.0,224201.0,21.01,16.1,55.41,19:00,0.2943,"16,3",66.4 mm,₺1.77,"101,769",  3.5  ,92%
Ankara,Central Anatolia,Megacity,2018,4,Spring,12.89,75.93,5639076,4091.37,18463.56,High,15.0,1853231.0,13.4,16.64,,19:00,3.3513,"9,5",12.9 mm,₺1.23,"392,846",  5.0  ,73%
Diyarbakir,Southeastern Anatolia,Large City,2021,12,Winter,7.77,76.29,1801268,933.8,7182.24,Low,4.0,560576.0,22.7,12.41,41.31,10:00,1.2116,"67,6",236.8 mm,₺2.34,"591,126",  10.1  ,77%
Denizli,Aegean,Medium City,2020,2,Winter,5.66,75.83,1062840,659.6,10656.01,Medium,4.0,331409.0,30.26,13.95,39.34,09:00,0.7917,"57,3",38.5 mm,₺2.15,,  2.9  ,77%
Mardin,Southeastern Anatolia,Small City,2019,7,Summer,37.15,66.99,833645,233.41,8673.55,Low,2.0,279296.0,9.14,17.56,54.91,09:00,0.4198,"70,3",33.7 mm,₺0.74,"842,865",  8.2  ,
Van,Eastern Anatolia,Medium City,2021,5,Spring,8.19,76.62,1126384,1018.75,7100.4,Low,4.0,362707.0,43.8,8.84,22.79,20:00,0.4568,"39,1",,₺0.51,"581,981",  3.2  ,44%
Antalya,Mediterranean,Large City,2016,1,Winter,9.09,76.94,2619832,552.48,9299.72,Low,7.0,841190.0,25.93,15.5,46.44,18:00,1.4221,"35,7",83.1 mm,₺2.12,"279,577",  5.4  ,58%
Balıkesir,Marmara,Medium City,2015,1,Winter,-2.75,54.32,1264958,435.56,7735.25,Low,3.0,390701.0,,5.75,38.99,08:00,0.6921,"5,6",183.8 mm,₺1.28,,  8.5  ,90%
Balıkesir,Marmara,Medium City,2018,7,Summer,29.63,42.28,1264958,429.98,7271.15,Low,5.0,358734.0,8.76,13.67,,10:00,0.5899,"47,0",74.9 mm,₺2.33,"643,648",  2.8  ,67%
Trabzon,Black Sea,Medium City,2022,10,Autumn,14.86,80.06,811874,490.03,9571.87,Low,2.0,298842.0,34.52,13.96,13.22,18:00,0.3479,"17,0",248.1 mm,₺0.97,"351,259",  7.9  ,81%
Kocaeli,Marmara,Large City,2021,2,Winter,0.02,52.2,2031963,423.68,20474.68,High,,648382.0,13.7,10.5,73.47,18:00,1.7374,"44,7",194.9 mm,₺1.39,"198,242",  5.8  ,59%
Sivas,Central Anatolia,Medium City,2015,6,Summer,28.49,65.81,634149,847.56,7845.61,Low,2.0,234260.0,33.82,12.5,69.79,21:00,0.3253,"46,6",201.9 mm,₺2.33,"172,038",  9.8  ,99%
Mersin,Mediterranean,Large City,2018,7,Summer,40.67,67.99,1936586,2741.58,14452.94,Medium,6.0,691151.0,23.37,17.63,14.31,08:00,1.2953,"27,2",119.9 mm,₺0.84,,  7.6  ,
Bursa,Marmara,Large City,2021,5,Spring,16.89,62.39,3056120,3397.65,18401.91,High,8.0,1065275.0,40.94,18.44,65.83,19:00,1.7891,"31,5",63.8 mm,,"189,024",  8.6  ,71%
Denizli,Aegean,Medium City,2022,11,Autumn,20.2,55.01,1062840,318.59,12121.28,Medium,2.0,381281.0,40.81,15.0,39.53,19:00,0.5892,"47,4",178.6 mm,₺2.37,"55,101",  10.0  ,41%
Hatay,Mediterranean,Large City,2016,8,Summer,40.72,80.96,1609856,3136.88,,Low,6.0,494906.0,16.42,19.96,39.44,08:00,1.0143,"58,1",206.9 mm,₺2.18,"254,409",  6.7  ,
Bursa,Marmara,Large City,2021,3,Spring,19.41,66.61,3056120,1581.64,17018.69,High,9.0,964562.0,15.3,10.72,34.2,09:00,1.6868,"63,3",68.2 mm,₺2.32,"83,246",  2.3  ,85%
Sivas,Central Anatolia,Medium City,2019,4,Spring,14.71,66.84,634149,146.48,10330.83,Low,1.0,188802.0,35.39,7.89,33.54,10:00,0.2713,"78,4",84.2 mm,₺1.3,"163,007",  10.8  ,81%
Samsun,Black Sea,Large City,2022,5,Spring,16.35,41.16,1361505,317.74,7594.32,Low,5.0,463958.0,25.97,,73.92,18:00,0.5628,"37,8",32.0 mm,₺2.2,"248,019",  2.3  ,55%
Bursa,Marmara,Large City,2021,10,Autumn,,65.96,3056120,2364.62,19613.39,High,10.0,976270.0,6.92,17.0,20.37,20:00,2.0001,"39,3",97.5 mm,₺1.43,"44,195",  9.8  ,62%
Samsun,Black Sea,Large City,2020,12,Winter,3.04,56.69,1361505,520.27,9429.58,Low,3.0,470922.0,5.29,19.82,33.75,08:00,0.7543,"11,5",33.9 mm,,"727,101",  10.1  ,40%
Balıkesir,Marmara,Medium City,2017,2,Winter,1.25,60.61,1264958,276.35,10254.56,Low,4.0,404816.0,27.44,9.5,54.84,09:00,0.665,"31,4",242.4 mm,₺1.87,"164,125",  6.1  ,66%
Bursa,Marmara,Large City,2022,12,Winter,4.51,55.97,3056120,933.62,20359.53,High,9.0,926247.0,33.11,6.0,69.52,10:00,3.0049,"40,4",278.9 mm,₺2.11,"846,551",  7.8  ,52%
Eskisehir,Central Anatolia,Medium City,2019,10,Autumn,15.05,73.17,882456,422.21,12833.6,Medium,4.0,263688.0,29.81,9.16,40.14,20:00,0.4685,"66,4",244.2 mm,₺1.31,"183,390",  5.1  ,76%
Afyonkarahisar,Aegean,Small City,2018,6,Summer,33.73,42.6,734000,439.24,10783.52,Low,3.0,249359.0,13.65,12.77,44.13,20:00,0.332,"10,5",219.4 mm,₺1.14,"574,005",  5.7  ,71%
Samsun,Black Sea,Large City,2022,7,Summer,29.99,67.78,1361505,300.58,9089.62,Low,3.0,474689.0,37.22,19.19,57.59,19:00,0.764,"16,5",73.2 mm,₺0.94,"51,381",  7.1  ,80%
Ankara,Central Anatolia,Megacity,2022,3,Spring,16.37,51.81,5639076,7905.69,18978.23,High,17.0,1609061.0,30.35,8.33,49.98,21:00,3.561,"8,4",183.1 mm,₺2.3,"238,538",,40%
Diyarbakir,Southeastern Anatolia,Large City,2017,3,Spring,23.63,75.26,1801268,738.26,11346.86,Low,4.0,639718.0,5.31,10.16,72.43,19:00,0.6297,"39,2",234.8 mm,₺0.97,"728,296",  4.2  ,68%
Eskisehir,Central Anatolia,Medium City,2019,3,Spring,13.55,,882456,298.95,12946.54,Medium,2.0,279908.0,7.29,15.78,22.96,18:00,0.3905,"19,2",167.4 mm,₺0.56,"565,233",  10.2  ,80%
Afyonkarahisar,Aegean,Small City,2021,3,Spring,21.52,58.06,734000,1420.13,,Low,1.0,225707.0,41.68,12.02,19.22,20:00,0.2729,"71,1",144.5 mm,₺2.18,"514,035",  4.7  ,31%
Konya,Central Anatolia,Large City,2022,8,Summer,29.96,65.88,2320259,560.03,12891.76,Medium,7.0,777518.0,27.29,,17.22,19:00,1.6732,"57,1",36.1 mm,₺1.91,"523,353",  3.9  ,91%
Kahramanmaras,Mediterranean,Medium City,2018,7,Summer,38.18,42.62,1178234,658.24,6043.8,Low,2.0,429827.0,13.4,9.43,34.73,21:00,0.6739,"76,8",149.6 mm,₺1.77,"186,712",  7.5  ,71%
Manisa,Aegean,Medium City,2023,3,Spring,24.91,72.12,1452881,653.49,13840.87,Medium,4.0,548506.0,42.97,5.49,66.59,08:00,0.7575,"65,1",298.0 mm,₺1.92,"186,830",  11.7  ,56%
Samsun,Black Sea,Large City,2020,7,Summer,28.61,47.6,1361505,1227.85,10240.22,Low,4.0,460014.0,11.14,5.88,51.32,10:00,0.807,"34,3",191.5 mm,₺2.02,"365,574",  11.6  ,56%
Antalya,Mediterranean,Large City,2016,8,Summer,37.03,76.0,2619832,671.04,9656.73,Low,6.0,751755.0,5.72,8.24,47.08,09:00,1.4254,"6,9",11.1 mm,₺1.97,"240,380",  11.2  ,46%
Gaziantep,Southeastern Anatolia,Large City,2016,8,Summer,36.1,64.1,2101263,586.8,19712.84,High,7.0,756294.0,35.84,7.5,40.48,10:00,1.5856,"36,3",261.8 mm,₺0.75,"317,296",  2.9  ,66%
Adana,Mediterranean,Large City,2015,4,Spring,23.49,83.61,2237940,628.37,14719.76,High,8.0,655547.0,,18.24,,08:00,1.1665,"30,1",127.7 mm,₺1.25,"612,807",,64%
Samsun,Black Sea,Large City,2020,10,Autumn,9.21,40.35,1361505,529.46,11263.7,Low,4.0,385354.0,13.44,17.62,,08:00,0.5967,"44,8",218.0 mm,₺1.42,"222,253",  4.3  ,53%
Van,Eastern Anatolia,Medium City,2023,8,Summer,19.67,76.7,1126384,629.44,11014.19,Low,2.0,426807.0,38.65,8.1,68.51,21:00,0.6679,"39,4",10.9 mm,₺1.92,"593,127",  9.8  ,
Sakarya,Marmara,Medium City,2016,8,Summer,33.65,59.42,1003000,257.16,12172.49,Medium,2.0,305955.0,31.86,17.64,67.74,20:00,0.5716,"39,5",222.9 mm,₺0.68,"63,367",  3.2  ,73%
Trabzon,Black Sea,Medium City,2017,7,Summer,,,811874,626.4,9048.63,Low,3.0,271853.0,,15.02,62.25,08:00,0.4446,"30,1",127.8 mm,₺0.58,"796,295",  9.2  ,53%
Adana,Mediterranean,Large City,2020,7,Summer,39.57,56.41,2237940,895.18,18208.2,High,8.0,640597.0,37.15,12.63,34.96,18:00,2.0202,"63,0",295.7 mm,₺0.54,"705,325",  6.7  ,87%
Erzurum,Eastern Anatolia,Medium City,2023,4,Spring,7.38,79.22,762321,163.22,5656.98,Low,1.0,253959.0,23.48,11.43,27.78,20:00,0.3666,"53,1",198.8 mm,₺0.88,"485,778",  3.9  ,81%
Ankara,Central Anatolia,Megacity,2017,8,Summer,29.03,50.86,5639076,9095.12,20635.36,High,17.0,1687056.0,9.69,11.1,31.98,,4.189,"34,7",130.1 mm,₺1.49,"519,740",  9.1  ,83%
Manisa,Aegean,Medium City,2022,1,Winter,1.97,60.81,1452881,337.88,15050.31,Medium,3.0,,7.49,7.22,54.67,09:00,1.0425,"22,8",200.4 mm,₺1.5,"234,214",  10.5  ,42%
Istanbul,Marmara,Megacity,2021,3,Spring,15.75,,15840900,3642.54,16905.95,High,40.0,5128221.0,30.06,6.98,23.28,20:00,8.6935,,48.8 mm,₺2.09,"389,183",  11.0  ,62%
Kayseri,Central Anatolia,Large City,2020,2,Winter,-3.57,43.75,1441523,414.7,,Medium,4.0,521952.0,23.23,15.59,25.36,08:00,1.0997,"68,4",237.1 mm,₺2.15,"153,639",  11.9  ,
Ankara,Central Anatolia,Megacity,2018,7,Summer,26.19,68.49,5639076,1989.0,19266.66,High,15.0,1815089.0,12.01,18.72,34.9,19:00,4.3583,"16,8",94.4 mm,₺1.96,"498,424",  7.2  ,79%
Sivas,Central Anatolia,Medium City,2015,2,Winter,-0.1,40.21,634149,141.83,,Low,3.0,186218.0,27.65,16.45,24.86,20:00,0.2707,"79,5",224.7 mm,₺1.94,"681,570",  10.5  ,33%
Denizli,Aegean,Medium City,2021,6,Summer,33.33,66.36,1062840,234.29,13165.82,Medium,2.0,373563.0,30.95,9.73,73.38,21:00,0.6298,"79,6",48.2 mm,₺0.75,"783,995",  11.2  ,51%
Kayseri,Central Anatolia,Large City,2023,9,Autumn,,67.43,1441523,664.53,12278.39,Medium,4.0,521367.0,18.01,15.69,21.8,10:00,0.8516,"31,0",235.4 mm,₺2.33,"814,721",  5.8  ,38%
Balıkesir,Marmara,Medium City,2015,6,Summer,31.01,,1264958,379.57,9253.55,Low,5.0,404584.0,19.27,7.1,42.15,19:00,0.6295,"15,5",160.3 mm,₺0.67,"555,791",  9.5  ,61%
Ankara,Central Anatolia,Megacity,2019,9,Autumn,12.46,84.32,5639076,2152.88,16356.9,High,16.0,1861751.0,43.72,11.7,26.03,08:00,3.5543,"24,2",245.2 mm,,,  3.6  ,35%
Samsun,Black Sea,Large City,2016,6,Summer,32.87,40.36,1361505,2477.14,7385.75,Low,5.0,405776.0,26.06,10.94,64.7,19:00,0.7008,"44,2",284.1 mm,₺1.18,"187,063",  4.2  ,33%
Gaziantep,Southeastern Anatolia,Large City,2022,11,Autumn,19.16,55.0,2101263,662.39,18910.06,High,6.0,715422.0,25.42,10.72,55.54,09:00,1.3204,"49,1",136.6 mm,₺1.88,"667,972",  4.6  ,84%
Tekirdag,Marmara,Medium City,2023,11,Autumn,14.4,75.48,1085000,1933.14,13666.26,Medium,2.0,311335.0,31.39,13.45,48.73,09:00,0.5964,"53,0",207.5 mm,₺0.99,"140,419",  6.6  ,36%
Afyonkarahisar,Aegean,Small City,2023,8,Summer,36.93,59.85,734000,163.41,11259.44,Low,,219159.0,9.09,9.26,45.99,21:00,0.4742,"38,7",31.3 mm,₺2.49,"210,197",  4.0  ,82%
Diyarbakir,Southeastern Anatolia,Large City,2015,8,Summer,36.87,41.69,1801268,453.0,8911.38,Low,6.0,658065.0,42.62,8.91,66.13,21:00,0.929,"25,3",155.1 mm,₺2.43,"836,369",  5.5  ,77%
Antalya,Mediterranean,Large City,2018,11,Autumn,23.15,67.44,2619832,535.59,10216.96,Low,7.0,937817.0,44.87,9.17,47.79,09:00,0.9428,"58,6",187.4 mm,₺0.94,"84,575",  3.2  ,67%
Diyarbakir,Southeastern Anatolia,Large City,2015,8,Summer,37.4,63.45,1801268,662.72,8182.68,Low,6.0,610395.0,31.49,19.35,,21:00,1.0656,"37,3",149.4 mm,₺2.41,,  6.4  ,63%
Antalya,Mediterranean,Large City,2018,3,Spring,26.23,44.55,2619832,2259.02,11036.82,Low,8.0,837469.0,22.04,8.34,67.97,18:00,0.8732,"28,0",67.8 mm,₺0.89,"640,022",  8.0  ,47%
Kahramanmaras,Mediterranean,Medium City,2018,12,Winter,7.41,83.58,1178234,254.47,10580.6,Low,4.0,404611.0,,5.1,58.03,18:00,0.7191,"72,2",207.4 mm,₺1.58,"695,538",  8.5  ,98%
Sakarya,Marmara,Medium City,2017,11,Autumn,11.87,,1003000,221.76,14946.63,Medium,4.0,301102.0,44.34,7.11,21.97,20:00,0.4393,"7,2",278.8 mm,₺1.61,"291,123",  3.9  ,88%
Samsun,Black Sea,Large City,2019,9,Autumn,10.09,50.71,1361505,293.54,7189.9,Low,3.0,407042.0,40.77,8.47,24.83,,0.5705,"53,8",232.5 mm,₺0.5,"547,544",,99%
Kahramanmaras,Mediterranean,Medium City,2023,8,Summer,35.56,71.61,1178234,275.71,5994.7,Low,4.0,362449.0,40.52,16.54,25.7,09:00,0.7051,"72,1",234.3 mm,,"170,456",  9.4  ,
Adana,Mediterranean,Large City,2019,1,Winter,12.13,64.7,2237940,570.75,15082.59,High,7.0,683610.0,17.89,17.15,54.3,08:00,1.8445,"42,4",248.8 mm,₺1.8,"470,236",,69%
Denizli,Aegean,Medium City,2023,11,Autumn,19.43,66.5,1062840,345.44,12420.97,Medium,4.0,390809.0,17.21,6.55,34.16,20:00,0.5973,"27,8",145.8 mm,₺1.57,"359,458",  9.8  ,94%
Trabzon,Black Sea,Medium City,2018,9,Autumn,15.18,57.67,811874,788.68,9429.92,Low,4.0,299692.0,41.88,18.74,67.54,10:00,0.3453,"50,3",199.5 mm,₺2.24,"836,850",  3.6  ,
Samsun,Black Sea,Large City,2023,2,Winter,2.65,50.66,1361505,612.36,7762.83,Low,5.0,397769.0,8.3,17.63,41.42,20:00,0.6981,"24,7",202.8 mm,₺1.3,"77,848",  9.4  ,86%
Balıkesir,Marmara,Medium City,2018,1,Winter,0.84,,1264958,647.34,11573.63,Low,3.0,440960.0,20.9,12.2,11.13,19:00,0.7688,"52,8",235.7 mm,₺0.99,"760,042",  7.7  ,74%
Diyarbakir,Southeastern Anatolia,Large City,2019,2,Winter,9.84,50.81,1801268,755.88,4669.92,Low,4.0,536530.0,6.61,8.02,,09:00,0.777,"22,6",267.8 mm,₺2.17,,  2.4  ,82%
Canakkale,Marmara,Small City,2020,9,Autumn,18.5,84.65,542000,236.84,5496.74,Low,1.0,191836.0,38.88,8.7,,08:00,0.2548,"46,7",269.6 mm,₺1.11,"319,565",  4.0  ,68%
Bursa,Marmara,Large City,2017,6,Summer,27.23,78.52,3056120,1362.8,17278.39,High,8.0,1076423.0,38.61,17.36,65.57,08:00,2.177,"5,3",237.1 mm,₺1.12,"807,534",  9.9  ,48%
Trabzon,Black Sea,Medium City,2019,12,Winter,,76.14,811874,299.04,7686.96,Low,2.0,291955.0,44.68,6.96,35.66,19:00,0.4651,"74,2",121.1 mm,₺2.14,"592,227",,56%
Bursa,Marmara,Large City,2018,2,Winter,-3.04,70.22,3056120,1032.77,18827.83,High,,989585.0,6.95,17.66,32.26,19:00,2.7668,"61,5",152.4 mm,₺1.53,"696,365",  2.4  ,41%
Mersin,Mediterranean,Large City,2018,3,Spring,23.15,77.46,1936586,2046.32,16178.86,Medium,5.0,589746.0,10.57,5.05,55.8,10:00,0.7928,"30,5",269.3 mm,₺1.23,"387,401",  3.4  ,31%
Mugla,Aegean,Medium City,2015,11,Autumn,23.28,49.91,1012321,221.03,8132.65,Low,,284415.0,30.03,13.16,35.46,18:00,0.3674,"66,9",38.7 mm,₺1.15,"152,612",  7.7  ,61%
Afyonkarahisar,Aegean,Small City,2022,12,Winter,4.08,40.01,734000,963.59,11296.13,Low,3.0,262827.0,11.08,5.92,39.89,20:00,0.4959,"23,0",243.5 mm,₺2.49,"443,440",  6.0  ,33%
Canakkale,Marmara,Small City,2019,5,Spring,22.1,63.68,542000,190.79,10227.28,Low,2.0,195334.0,33.56,17.34,45.91,10:00,0.2173,"78,5",173.8 mm,₺1.43,"401,284",  6.7  ,69%
Diyarbakir,Southeastern Anatolia,Large City,2016,7,Summer,35.43,43.16,1801268,448.69,10125.74,Low,5.0,555858.0,18.48,14.3,69.62,21:00,0.8905,"14,7",163.2 mm,₺0.53,"194,163",  7.9  ,69%
Afyonkarahisar,Aegean,Small City,2020,4,Spring,22.56,55.24,734000,370.41,7808.74,Low,2.0,225061.0,20.48,19.47,31.84,18:00,0.2778,"14,9",138.7 mm,,"452,809",  8.1  ,92%
Mardin,Southeastern Anatolia,Small City,2022,8,Summer,38.39,73.83,833645,226.99,7113.2,Low,4.0,304989.0,42.83,9.69,18.56,09:00,0.5073,"52,4",169.1 mm,₺0.79,"8,428",,82%
Van,Eastern Anatolia,Medium City,2019,1,Winter,-4.69,84.14,1126384,2218.33,8542.53,Low,3.0,373704.0,25.87,13.09,10.57,20:00,0.6073,"43,3",22.9 mm,₺1.85,"451,399",,38%
Bursa,Marmara,Large City,2021,1,Winter,,55.18,3056120,850.97,16111.27,High,9.0,923824.0,6.81,13.79,72.41,08:00,3.0075,"30,3",150.1 mm,₺0.95,"247,190",  7.8  ,94%
Kahramanmaras,Mediterranean,Medium City,2016,7,Summer,,46.26,1178234,1218.6,11417.92,Low,4.0,439969.0,18.39,10.69,23.85,19:00,0.6083,"34,5",,₺1.61,"5,499",  9.9  ,74%
Denizli,Aegean,Medium City,2022,6,Summer,35.04,41.92,1062840,272.77,14037.6,Medium,4.0,317309.0,38.56,14.6,66.52,19:00,0.7288,"77,0",225.5 mm,₺1.19,"730,164",  8.3  ,53%
Gaziantep,Southeastern Anatolia,Large City,2017,8,Summer,34.07,52.3,2101263,2180.72,17839.31,High,8.0,620809.0,7.74,8.15,22.39,20:00,1.906,,28.3 mm,₺0.78,"242,478",  7.8  ,41%
Hatay,Mediterranean,Large City,2020,7,Summer,36.22,51.41,1609856,357.11,8507.28,Low,4.0,589475.0,12.85,5.34,,19:00,2.9225,"8,9",242.6 mm,₺1.72,"488,060",  2.9  ,35%
Bursa,Marmara,Large City,2017,7,Summer,32.28,51.32,3056120,1295.72,,High,8.0,859935.0,23.01,17.27,68.37,08:00,2.3931,"44,8",123.4 mm,₺1.81,"635,073",  5.4  ,60%
Sivas,Central Anatolia,Medium City,2015,12,Winter,-1.77,49.59,634149,611.22,9348.32,Low,1.0,194444.0,35.5,13.77,12.04,09:00,0.3239,"22,9",136.6 mm,₺2.4,"98,125",  2.7  ,57%
Tekirdag,Marmara,Medium City,2019,6,Summer,31.9,45.89,1085000,344.38,12377.87,Medium,3.0,340731.0,30.09,13.7,43.61,21:00,0.7266,"46,4",105.5 mm,₺1.13,"42,219",  5.9  ,39%
Afyonkarahisar,Aegean,Small City,2021,7,Summer,36.28,51.72,734000,179.46,,Low,3.0,239268.0,31.29,19.97,55.9,19:00,0.4375,,271.0 mm,₺2.38,"721,044",  3.0  ,63%
Konya,Central Anatolia,Large City,2016,2,Winter,0.91,,2320259,840.0,12737.07,Medium,,726136.0,8.88,13.76,71.55,08:00,1.2966,,93.2 mm,₺1.03,"190,220",  11.8  ,81%
Tekirdag,Marmara,Medium City,2023,4,Spring,19.11,50.34,1085000,1424.47,,Medium,4.0,,34.48,18.45,15.73,20:00,0.5635,"61,7",234.3 mm,₺1.9,"92,607",,75%
Mugla,Aegean,Medium City,2022,2,Winter,2.67,,1012321,211.96,9890.14,Low,2.0,377789.0,30.0,15.93,28.13,10:00,0.6307,"61,1",284.9 mm,₺0.75,"457,281",  8.1  ,90%
Samsun,Black Sea,Large City,2023,10,Autumn,11.79,73.21,1361505,544.52,8503.82,Low,3.0,515977.0,8.28,5.52,11.95,09:00,0.5505,"6,2",70.8 mm,₺2.13,"530,329",  3.0  ,67%
Manisa,Aegean,Medium City,2016,12,Winter,3.98,64.52,1452881,292.19,11390.89,Medium,3.0,477837.0,22.76,14.39,,20:00,0.9787,"38,7",211.8 mm,₺1.82,"657,373",  2.3  ,
Mersin,Mediterranean,Large City,2017,12,Winter,9.92,,1936586,1783.19,13368.37,Medium,,586518.0,20.46,9.39,51.91,19:00,1.3469,"25,9",207.8 mm,₺0.89,"509,958",  8.4  ,77%
Erzurum,Eastern Anatolia,Medium City,2020,4,Spring,11.66,77.92,762321,344.42,9232.28,Low,1.0,240292.0,16.79,17.99,39.07,10:00,0.3058,"22,6",32.3 mm,,"613,964",  4.6  ,61%
Manisa,Aegean,Medium City,2015,5,Spring,21.91,70.35,1452881,392.38,12356.13,Medium,3.0,545038.0,43.43,7.95,74.66,18:00,0.6572,"14,8",202.1 mm,₺2.46,"315,547",  6.8  ,52%
Kahramanmaras,Mediterranean,Medium City,2020,9,Autumn,18.88,75.73,1178234,572.2,11128.39,Low,2.0,,36.78,6.48,65.58,20:00,0.4755,"15,0",267.3 mm,₺0.65,"83,990",  7.4  ,97%
Gaziantep,Southeastern Anatolia,Large City,2015,7,Summer,35.87,,2101263,1004.11,17068.34,High,7.0,645271.0,28.2,16.49,53.36,10:00,1.5754,"11,4",296.0 mm,₺1.63,"764,113",  8.4  ,80%
Kahramanmaras,Mediterranean,Medium City,2018,3,Spring,21.87,76.53,1178234,391.66,10497.63,Low,4.0,361246.0,17.35,9.4,31.63,08:00,0.4385,"74,5",48.3 mm,₺2.01,"359,648",,70%
Trabzon,Black Sea,Medium City,2021,1,Winter,1.58,40.95,811874,351.74,8645.71,Low,2.0,297044.0,34.6,,55.53,10:00,0.5045,"52,5",17.2 mm,₺0.76,"214,758",  6.1  ,46%
Kocaeli,Marmara,Large City,2016,4,Spring,16.98,52.21,2031963,505.01,18834.33,High,8.0,589827.0,15.86,11.04,22.29,18:00,1.1919,"9,6",57.0 mm,₺0.86,"312,219",  6.7  ,62%
Gaziantep,Southeastern Anatolia,Large City,2018,7,Summer,34.76,73.64,2101263,749.06,18969.23,High,6.0,656292.0,38.68,13.1,41.11,19:00,1.5449,"69,9",160.0 mm,₺0.56,"257,609",,76%
Izmir,Aegean,Megacity,2018,6,Summer,36.01,53.98,4394694,2398.16,18197.23,High,11.0,1379105.0,8.88,11.49,17.97,09:00,3.398,"49,4",162.6 mm,₺1.81,,  10.6  ,63%
Mardin,Southeastern Anatolia,Small City,2019,1,Winter,5.72,80.51,833645,227.67,8897.34,Low,2.0,269077.0,13.08,19.54,46.8,08:00,0.4259,"65,4",236.9 mm,₺2.1,"708,327",  4.4  ,
Izmir,Aegean,Megacity,2021,5,Spring,21.77,40.84,4394694,978.63,18305.95,High,12.0,1419387.0,21.56,13.98,40.25,19:00,2.7496,"6,6",,₺2.24,"796,831",  10.5  ,58%
Mugla,Aegean,Medium City,2017,2,Winter,6.82,72.94,1012321,295.8,9610.39,Low,2.0,372673.0,31.94,12.61,12.55,20:00,0.5135,"33,8",,₺2.24,"66,188",  5.5  ,54%
Afyonkarahisar,Aegean,Small City,2017,6,Summer,34.65,41.12,734000,149.56,,Low,3.0,246707.0,41.63,10.23,50.27,19:00,0.4143,"26,5",138.0 mm,₺1.81,"398,142",  3.9  ,37%
Malatya,Eastern Anatolia,Medium City,2022,5,Spring,13.2,78.07,781118,817.97,10272.0,Low,3.0,235084.0,41.46,16.75,57.47,18:00,0.3251,"20,4",237.1 mm,₺1.61,"564,199",  7.4  ,38%
Sakarya,Marmara,Medium City,2016,6,Summer,32.08,68.62,1003000,237.16,14467.55,Medium,4.0,341452.0,33.82,12.67,39.96,09:00,0.64,,170.3 mm,₺0.85,"658,280",  11.2  ,87%
Ankara,Central Anatolia,Megacity,2023,8,Summer,29.38,59.65,5639076,2994.45,16533.93,High,17.0,1892933.0,,16.22,67.39,20:00,4.4526,"48,3",61.9 mm,₺0.57,"459,067",  4.5  ,31%
Balıkesir,Marmara,Medium City,2021,9,Autumn,15.69,41.81,1264958,631.33,10616.81,Low,3.0,436510.0,20.34,17.55,,18:00,0.54,"61,6",17.7 mm,₺2.47,"325,635",  3.2  ,
Kahramanmaras,Mediterranean,Medium City,2017,2,Winter,9.23,81.23,1178234,257.72,10583.76,Low,2.0,376299.0,35.17,5.55,60.31,10:00,0.6316,"69,9",278.4 mm,₺2.27,"62,108",  6.4  ,
Van,Eastern Anatolia,Medium City,2020,9,Autumn,6.88,50.29,1126384,877.24,9084.94,Low,4.0,348601.0,17.26,5.63,68.82,21:00,0.5004,"50,9",296.1 mm,₺1.06,"30,817",  6.5  ,59%
Mardin,Southeastern Anatolia,Small City,2021,1,Winter,5.37,79.63,833645,391.94,10419.82,Low,4.0,,12.65,8.85,56.37,09:00,1.2645,"29,1",62.5 mm,₺0.75,"428,901",  11.6  ,68%
Gaziantep,Southeastern Anatolia,Large City,2015,4,Spring,23.59,45.19,2101263,1824.28,17663.55,High,6.0,715752.0,25.14,9.07,43.39,19:00,1.1177,,166.4 mm,₺2.18,"326,499",  6.8  ,41%
Ankara,Central Anatolia,Megacity,2015,7,Summer,25.97,79.16,5639076,2467.37,18978.06,High,15.0,1802864.0,5.22,17.98,51.95,,4.6035,"54,7",161.6 mm,₺1.27,"221,633",  8.2  ,62%
Van,Eastern Anatolia,Medium City,2015,1,Winter,,56.0,1126384,231.83,8316.84,Low,2.0,339280.0,44.09,6.67,40.75,,0.6236,"64,6",125.5 mm,₺1.65,"372,567",  9.2  ,88%
Erzurum,Eastern Anatolia,Medium City,2016,12,Winter,-1.85,43.02,762321,230.14,9088.83,Low,3.0,240084.0,,17.0,40.44,08:00,0.4564,,127.7 mm,₺2.42,,  5.0  ,
Malatya,Eastern Anatolia,Medium City,2023,10,Autumn,6.69,51.48,781118,261.93,8547.67,Low,3.0,293086.0,21.97,10.84,38.41,21:00,0.3677,"17,4",172.3 mm,₺2.25,,  11.6  ,53%
Mersin,Mediterranean,Large City,2021,11,Autumn,24.17,80.52,1936586,578.52,12009.78,Medium,5.0,703337.0,43.53,10.23,30.7,20:00,2.5063,"73,7",,₺1.46,"603,614",  6.9  ,83%
Trabzon,Black Sea,Medium City,2015,11,Autumn,10.36,54.24,811874,179.45,8368.35,Low,4.0,227408.0,19.46,14.49,40.73,09:00,0.3234,"42,3",62.3 mm,₺0.66,"724,207",  3.7  ,85%
Afyonkarahisar,Aegean,Small City,2023,9,Autumn,16.34,40.86,734000,163.65,11797.94,Low,3.0,213066.0,,8.08,30.32,18:00,0.2946,"39,6",31.0 mm,₺0.64,"442,376",  6.4  ,55%
Mersin,Mediterranean,Large City,2022,7,Summer,39.7,,1936586,1600.08,10866.61,Medium,5.0,704130.0,25.28,17.39,63.92,20:00,1.3326,"52,7",79.6 mm,₺2.18,,  6.3  ,57%
Manisa,Aegean,Medium City,2017,2,Winter,4.49,65.6,1452881,357.78,10306.1,Medium,3.0,527822.0,34.0,16.94,74.07,19:00,0.9273,"63,8",245.0 mm,₺2.01,"59,124",  7.6  ,62%
Kocaeli,Marmara,Large City,2015,1,Winter,-1.36,59.43,2031963,1512.14,17906.45,High,8.0,637626.0,,16.95,55.86,10:00,1.6225,"33,1",286.6 mm,₺2.3,"655,822",  4.9  ,96%
Sakarya,Marmara,Medium City,2019,11,Autumn,16.36,74.54,1003000,207.42,14645.06,Medium,4.0,300523.0,29.68,17.75,,09:00,0.4918,"15,5",137.3 mm,₺2.06,,  3.9  ,39%
Denizli,Aegean,Medium City,2023,11,Autumn,15.03,79.18,1062840,271.42,12084.97,Medium,,368039.0,16.19,9.98,66.59,20:00,0.5567,"49,2",84.4 mm,₺1.93,"865,323",  6.9  ,66%
Ankara,Central Anatolia,Megacity,2016,10,Autumn,12.29,71.15,5639076,3873.79,18843.27,High,15.0,2052807.0,35.52,8.03,72.5,19:00,3.2703,"43,7",17.6 mm,₺2.44,,  4.2  ,62%
Antalya,Mediterranean,Large City,2020,1,Winter,7.36,72.43,2619832,1042.84,12386.05,Low,7.0,967222.0,39.09,17.36,71.13,18:00,1.416,"12,4",284.6 mm,₺1.72,"127,416",  9.8  ,52%
Sivas,Central Anatolia,Medium City,2021,8,Summer,27.56,73.89,634149,169.39,8621.78,Low,3.0,200433.0,5.25,12.41,46.1,08:00,0.3352,"57,3",113.6 mm,₺1.31,"686,013",  8.7  ,
Gaziantep,Southeastern Anatolia,Large City,2021,6,Summer,33.06,56.6,2101263,452.97,20092.32,High,8.0,676386.0,43.66,9.47,36.24,19:00,1.9773,"58,1",265.4 mm,₺0.72,"519,349",  6.5  ,84%
Hatay,Mediterranean,Large City,2023,5,Spring,23.25,61.74,1609856,324.4,7791.3,Low,6.0,,20.13,16.25,40.94,20:00,0.6343,"24,2",98.9 mm,₺1.72,"588,299",  8.5  ,41%
Kayseri,Central Anatolia,Large City,2018,7,Summer,27.13,80.89,1441523,1202.36,12950.69,Medium,5.0,536326.0,38.29,6.67,70.77,20:00,1.1135,"26,6",181.1 mm,,"800,722",  8.7  ,70%
Diyarbakir,Southeastern Anatolia,Large City,2022,4,Spring,22.3,55.98,1801268,467.32,5833.95,Low,4.0,601102.0,24.94,6.3,48.14,18:00,0.6779,"63,9",54.9 mm,₺2.3,"119,960",  9.0  ,83%
Denizli,Aegean,Medium City,2016,1,Winter,4.94,63.92,1062840,280.04,12843.07,Medium,3.0,356447.0,30.52,14.43,74.12,10:00,0.7271,"54,2",285.7 mm,₺1.89,"517,054",  6.7  ,80%
Erzurum,Eastern Anatolia,Medium City,2022,2,Winter,-9.78,71.05,762321,227.47,,Low,3.0,240582.0,22.11,13.2,61.53,10:00,0.5402,"68,5",160.4 mm,₺1.03,"261,128",  2.7  ,82%
Eskisehir,Central Anatolia,Medium City,2018,9,Autumn,13.28,53.45,882456,235.97,11984.31,Medium,,329233.0,29.77,8.2,44.31,18:00,0.474,"45,1",81.8 mm,₺1.45,"447,284",  5.2  ,87%
Eskisehir,Central Anatolia,Medium City,2018,11,Autumn,13.04,,882456,206.26,12355.74,Medium,3.0,274750.0,6.29,11.94,53.23,20:00,0.3925,"59,2",199.2 mm,₺1.11,"362,014",  3.8  ,63%
Canakkale,Marmara,Small City,2017,2,Winter,-2.03,58.98,542000,1068.94,10158.03,Low,1.0,203524.0,17.37,17.36,63.38,08:00,0.3417,"24,6",103.5 mm,₺2.08,"85,011",  6.4  ,87%
Balıkesir,Marmara,Medium City,2022,12,Winter,1.8,78.91,1264958,759.5,7878.27,Low,4.0,451723.0,8.61,8.1,72.71,19:00,0.8403,"54,4",186.8 mm,₺2.05,"550,275",  8.8  ,73%
Balıkesir,Marmara,Medium City,2015,7,Summer,34.91,52.51,1264958,1006.4,7196.78,Low,5.0,359490.0,11.27,17.41,37.25,19:00,0.6125,"10,3",16.0 mm,₺2.5,"373,227",  7.7  ,50%
Ankara,Central Anatolia,Megacity,2021,11,Autumn,10.16,41.3,5639076,2551.07,15987.57,High,17.0,1795321.0,29.99,12.51,45.06,08:00,3.4401,"41,8",98.6 mm,₺1.95,"236,931",  10.1  ,68%
Bursa,Marmara,Large City,2018,10,Autumn,18.51,47.59,3056120,3587.57,19945.85,High,,953153.0,42.29,8.91,,20:00,1.9518,"75,1",163.2 mm,₺2.28,"322,151",  9.9  ,70%
Mardin,Southeastern Anatolia,Small City,2022,4,Spring,21.36,62.84,833645,217.25,10760.89,Low,3.0,241623.0,35.05,7.51,48.42,21:00,0.332,"25,8",85.7 mm,₺2.14,"595,594",  6.5  ,45%
Afyonkarahisar,Aegean,Small City,2017,5,Spring,,52.02,734000,324.72,7713.75,Low,1.0,274288.0,22.71,8.86,10.85,10:00,0.2769,"6,7",82.8 mm,₺1.63,"661,018",  9.4  ,44%
Konya,Central Anatolia,Large City,2019,5,Spring,16.66,61.95,2320259,1239.47,,Medium,7.0,690203.0,17.32,14.39,57.63,19:00,1.2693,"23,1",104.6 mm,₺1.68,"762,568",,73%
Erzurum,Eastern Anatolia,Medium City,2017,9,Autumn,7.68,62.22,762321,251.2,8077.69,Low,1.0,281735.0,22.57,8.03,40.9,,0.3093,,200.1 mm,₺1.86,"131,576",,46%
Izmir,Aegean,Megacity,2022,11,Autumn,19.22,59.27,4394694,4756.65,19646.35,High,13.0,1334765.0,34.08,19.04,27.56,18:00,3.0622,"66,2",225.7 mm,₺0.73,"149,927",  5.0  ,76%
Van,Eastern Anatolia,Medium City,2015,2,Winter,-10.94,45.07,1126384,352.3,10765.18,Low,3.0,408793.0,5.16,19.11,15.04,,0.5708,,36.4 mm,₺0.9,"491,813",  3.4  ,93%
Canakkale,Marmara,Small City,2023,7,Summer,31.25,76.04,542000,120.41,9759.95,Low,,190574.0,,7.1,38.07,09:00,0.0929,"46,1",111.8 mm,₺1.79,"498,238",  4.1  ,60%
Sakarya,Marmara,Medium City,2020,1,Winter,2.11,66.09,1003000,416.68,13676.14,Medium,3.0,378719.0,18.02,6.42,,09:00,0.7087,"57,7",12.0 mm,₺0.55,"7,534",  3.2  ,34%
Kocaeli,Marmara,Large City,2019,5,Spring,18.65,64.84,2031963,521.94,16753.25,High,8.0,700562.0,39.79,15.96,61.76,20:00,1.3194,"9,0",117.6 mm,,"190,669",  10.1  ,65%
Afyonkarahisar,Aegean,Small City,2021,10,Autumn,17.99,,734000,705.18,11639.72,Low,2.0,240691.0,6.43,10.48,22.12,10:00,0.3153,"14,4",,₺1.35,"706,665",  3.5  ,50%
Malatya,Eastern Anatolia,Medium City,2019,5,Spring,10.02,47.61,781118,332.34,10339.43,Low,3.0,255244.0,39.64,9.34,50.26,20:00,0.3482,"22,6",144.3 mm,₺1.82,"542,442",  9.9  ,41%
Bursa,Marmara,Large City,2021,10,Autumn,16.67,62.94,3056120,804.87,,High,9.0,976608.0,41.8,5.63,74.79,08:00,1.8429,"35,5",236.4 mm,₺0.63,"236,566",  3.0  ,66%
Hatay,Mediterranean,Large City,2016,11,Autumn,24.87,,1609856,1925.72,6257.39,Low,5.0,503193.0,,12.15,56.91,,0.6218,"60,9",122.0 mm,₺1.78,"136,611",  11.8  ,44%
Balıkesir,Marmara,Medium City,2015,12,Winter,2.06,83.23,1264958,479.03,10287.86,Low,5.0,397478.0,7.76,6.42,17.68,20:00,0.7676,"78,5",185.7 mm,₺0.59,"757,603",  4.6  ,89%
Eskisehir,Central Anatolia,Medium City,2016,7,Summer,29.83,58.19,882456,1469.65,13040.52,Medium,3.0,305237.0,31.49,12.52,54.59,20:00,0.5422,"58,6",134.3 mm,₺1.89,"706,092",  10.3  ,
Mersin,Mediterranean,Large City,2020,3,Spring,25.97,72.76,1936586,561.99,14441.31,Medium,,639037.0,14.27,6.67,62.73,09:00,0.9325,"8,9",211.0 mm,₺1.63,"564,750",  11.2  ,38%
Bursa,Marmara,Large City,2020,6,Summer,29.28,75.69,3056120,1269.3,17331.79,High,10.0,879566.0,9.02,19.2,50.65,08:00,2.2313,"73,0",122.4 mm,₺1.38,,  4.1  ,53%
Kahramanmaras,Mediterranean,Medium City,2015,3,Spring,27.54,71.73,1178234,1610.17,7946.31,Low,2.0,334295.0,37.18,13.68,64.8,08:00,0.3463,"37,6",90.1 mm,₺1.63,"192,565",  10.3  ,45%
Izmir,Aegean,Megacity,2020,7,Summer,35.76,82.11,4394694,2548.1,17200.95,High,12.0,1382104.0,18.34,6.89,,10:00,12.7938,,189.8 mm,₺0.94,"419,054",  5.4  ,88%
Hatay,Mediterranean,Large City,2023,11,Autumn,23.12,75.81,1609856,1027.47,11322.96,Low,6.0,456140.0,26.5,17.61,33.84,10:00,0.7278,"35,4",134.7 mm,₺2.49,"350,805",,35%
Manisa,Aegean,Medium City,2021,3,Spring,22.65,82.78,1452881,485.64,12804.79,Medium,5.0,420130.0,24.72,6.25,49.16,21:00,0.6837,"51,7",284.8 mm,₺1.2,"424,016",  11.6  ,33%
Sakarya,Marmara,Medium City,2018,6,Summer,27.7,62.73,1003000,1022.44,12641.6,Medium,4.0,307543.0,19.59,17.86,43.44,10:00,0.688,,229.3 mm,₺1.34,"460,808",  3.2  ,
Balıkesir,Marmara,Medium City,2020,8,Summer,31.09,83.77,1264958,361.29,9860.21,Low,3.0,361410.0,32.98,9.6,32.3,21:00,0.7363,"48,5",155.0 mm,₺0.81,,  8.4  ,50%
Mugla,Aegean,Medium City,2016,3,Spring,20.77,84.46,1012321,424.75,8746.3,Low,4.0,343103.0,26.57,7.38,67.62,08:00,0.4035,"54,4",136.1 mm,₺2.02,,  9.6  ,60%
Izmir,Aegean,Megacity,2021,5,Spring,20.38,74.89,4394694,1043.21,18621.54,High,11.0,1460435.0,33.26,16.41,70.08,09:00,2.7236,"45,9",56.6 mm,₺1.88,"77,818",  6.4  ,89%
Konya,Central Anatolia,Large City,2016,3,Spring,15.16,57.63,2320259,481.38,11799.67,Medium,7.0,672977.0,35.99,19.2,20.11,18:00,0.9772,"9,3",201.3 mm,₺2.26,"200,856",  11.1  ,70%
Bursa,Marmara,Large City,2015,1,Winter,,68.47,3056120,1502.56,,High,8.0,895656.0,18.56,17.29,21.27,19:00,2.352,"46,1",198.9 mm,₺0.88,"122,319",  9.3  ,49%
Hatay,Mediterranean,Large City,2016,5,Spring,26.47,82.31,1609856,415.43,7362.58,Low,4.0,605669.0,22.53,18.49,38.87,18:00,0.7015,"71,8",43.2 mm,₺0.72,"346,465",  2.3  ,43%
Balıkesir,Marmara,Medium City,2023,12,Winter,-1.58,40.32,1264958,263.99,11939.76,Low,4.0,421400.0,33.11,19.34,35.98,08:00,0.8209,"21,4",199.5 mm,₺1.15,"311,989",  5.8  ,62%
Ankara,Central Anatolia,Megacity,2017,3,Spring,18.41,69.4,5639076,2779.29,,High,16.0,1776541.0,28.99,12.59,69.34,,2.7888,"48,1",168.1 mm,₺2.27,"14,614",  10.9  ,77%
Balıkesir,Marmara,Medium City,2017,10,Autumn,14.96,47.73,1264958,372.5,9468.93,Low,4.0,479466.0,43.32,5.16,54.4,19:00,0.5073,"48,9",294.6 mm,₺0.82,"653,184",  10.3  ,81%
Hatay,Mediterranean,Large City,2017,8,Summer,37.1,53.98,1609856,328.89,7671.71,Low,5.0,598603.0,10.06,17.23,60.55,10:00,0.8128,"26,7",22.4 mm,₺0.55,"609,536",  5.9  ,72%
Hatay,Mediterranean,Large City,2019,12,Winter,8.01,81.61,1609856,405.11,9086.15,Low,4.0,542029.0,36.87,5.66,,18:00,0.9796,"12,1",86.4 mm,₺2.49,"488,125",  7.2  ,95%
Erzurum,Eastern Anatolia,Medium City,2020,2,Winter,-9.63,58.56,762321,854.79,8429.85,Low,3.0,268740.0,28.03,17.8,33.43,19:00,0.4606,"78,1",38.1 mm,₺2.33,"883,107",,97%
Denizli,Aegean,Medium City,2019,2,Winter,2.36,48.65,1062840,614.57,14630.4,Medium,4.0,361645.0,12.63,15.41,21.99,20:00,0.8422,"12,4",291.0 mm,₺2.29,"875,768",  7.3  ,76%
Manisa,Aegean,Medium City,2023,9,Autumn,19.08,52.01,1452881,408.89,14947.24,Medium,4.0,527012.0,,15.71,16.53,10:00,0.7573,"21,4",30.9 mm,₺1.62,"715,984",  3.9  ,66%
Sakarya,Marmara,Medium City,2016,2,Winter,1.64,83.29,1003000,284.41,10618.19,Medium,3.0,324993.0,,13.14,35.36,20:00,0.7075,"11,7",36.4 mm,₺1.08,"680,831",  9.7  ,75%
Istanbul,Marmara,Megacity,2016,6,Summer,29.83,43.73,15840900,14003.59,15349.07,High,41.0,4632669.0,7.49,7.69,69.47,20:00,14.3957,"10,8",286.4 mm,₺2.49,"834,992",  7.7  ,50%
Hatay,Mediterranean,Large City,2017,3,Spring,26.22,,1609856,590.03,9513.18,Low,6.0,504583.0,24.05,18.81,24.72,10:00,0.5319,"46,0",21.6 mm,₺0.7,"656,084",  10.9  ,49%
Van,Eastern Anatolia,Medium City,2021,3,Spring,7.9,57.46,1126384,475.59,10799.39,Low,4.0,332209.0,28.64,9.4,33.96,21:00,0.4022,"75,7",23.7 mm,₺1.47,,  6.6  ,34%
Afyonkarahisar,Aegean,Small City,2023,7,Summer,34.56,60.76,734000,216.79,9270.58,Low,2.0,240116.0,7.14,6.8,53.45,10:00,0.4383,"6,5",36.0 mm,₺1.9,"546,079",  10.1  ,81%
Diyarbakir,Southeastern Anatolia,Large City,2015,7,Summer,34.36,48.67,1801268,462.06,11435.29,Low,5.0,650221.0,44.02,17.94,18.32,08:00,0.8897,"70,6",298.6 mm,₺1.05,"20,065",  8.6  ,
Antalya,Mediterranean,Large City,2022,5,Spring,23.8,61.93,2619832,806.47,5497.99,Low,7.0,740112.0,33.95,18.64,39.14,08:00,1.014,"35,0",61.4 mm,₺0.8,"644,371",  4.8  ,88%
Istanbul,Marmara,Megacity,2018,12,Winter,,61.57,15840900,11100.23,,High,41.0,5294734.0,25.88,9.96,72.32,20:00,13.2079,"11,7",124.6 mm,₺1.81,"532,046",  11.2  ,65%
Tekirdag,Marmara,Medium City,2021,3,Spring,17.55,53.84,1085000,220.02,,Medium,2.0,317883.0,37.3,16.78,35.82,20:00,0.5475,"5,5",187.2 mm,₺1.75,"235,755",  2.4  ,55%
Manisa,Aegean,Medium City,2020,1,Winter,7.83,73.49,1452881,380.46,11481.84,Medium,4.0,457126.0,26.5,18.8,32.55,18:00,0.8985,"47,0",282.6 mm,₺1.64,"650,629",  11.4  ,36%
Gaziantep,Southeastern Anatolia,Large City,2022,5,Spring,24.8,47.54,2101263,548.11,,High,6.0,657634.0,42.2,15.61,35.4,,1.4644,"13,2",178.7 mm,₺1.71,"688,980",  3.1  ,50%
Samsun,Black Sea,Large City,2023,4,Spring,18.55,52.96,1361505,1165.34,9268.67,Low,3.0,497928.0,40.36,11.78,13.15,20:00,0.5458,"6,8",100.9 mm,,"625,982",  9.6  ,42%
Samsun,Black Sea,Large City,2021,10,Autumn,14.58,41.27,1361505,397.82,10904.45,Low,5.0,458460.0,30.98,11.02,25.02,19:00,0.5682,"27,5",66.8 mm,₺1.44,"74,635",  3.4  ,41%
Samsun,Black Sea,Large City,2019,2,Winter,-0.73,67.24,1361505,1225.33,8323.78,Low,5.0,415523.0,7.95,18.19,11.45,18:00,0.7879,,249.7 mm,₺2.13,"620,096",  6.0  ,90%
Bursa,Marmara,Large City,2018,2,Winter,0.1,54.09,3056120,904.49,18943.17,High,8.0,,15.31,12.35,35.28,18:00,2.5026,"76,5",231.9 mm,₺0.8,"371,228",  11.6  ,34%
Mardin,Southeastern Anatolia,Small City,2016,7,Summer,35.21,57.57,833645,386.06,9550.5,Low,3.0,297714.0,43.97,6.9,62.18,08:00,0.4271,"25,5",106.9 mm,₺0.94,"149,065",  9.1  ,62%
Kocaeli,Marmara,Large City,2016,3,Spring,17.9,79.18,2031963,885.11,20313.38,High,8.0,701458.0,31.5,6.43,,08:00,1.2808,"29,5",171.2 mm,₺0.74,"415,653",  7.3  ,30%
Mardin,Southeastern Anatolia,Small City,2018,10,Autumn,21.13,59.8,833645,311.11,10441.18,Low,4.0,268106.0,12.42,16.88,16.07,08:00,0.3508,"37,0",184.5 mm,₺2.29,"244,997",,42%
Sivas,Central Anatolia,Medium City,2021,8,Summer,28.67,68.53,634149,177.84,7771.96,Low,2.0,194769.0,24.07,17.34,22.04,09:00,0.3806,"38,0",148.4 mm,₺0.94,"417,497",  8.7  ,97%
Trabzon,Black Sea,Medium City,2018,2,Winter,-0.74,73.03,811874,218.63,8975.75,Low,4.0,289846.0,11.79,15.78,40.05,18:00,0.4409,"79,8",244.8 mm,₺1.46,"711,649",  9.2  ,68%
Balıkesir,Marmara,Medium City,2015,11,Autumn,13.81,58.12,1264958,352.0,11475.86,Low,5.0,411307.0,39.45,7.32,36.52,20:00,0.1369,"49,1",,₺2.12,"781,813",  3.7  ,85%
Istanbul,Marmara,Megacity,2023,12,Winter,2.58,63.65,15840900,25964.81,18948.69,High,41.0,6014356.0,35.47,10.31,38.24,10:00,15.4528,"41,6",64.5 mm,₺1.91,"112,370",  11.1  ,70%
Mugla,Aegean,Medium City,2023,2,Winter,5.18,,1012321,330.43,7991.8,Low,2.0,365594.0,32.93,18.89,,19:00,0.5827,"46,7",199.3 mm,₺1.39,"254,009",  6.9  ,90%
Sakarya,Marmara,Medium City,2020,6,Summer,33.14,41.73,1003000,385.63,14907.84,Medium,4.0,332443.0,35.01,9.66,65.69,21:00,0.6914,"6,9",62.0 mm,₺1.11,"728,296",  9.9  ,
Eskisehir,Central Anatolia,Medium City,2016,3,Spring,14.02,44.96,882456,219.07,13214.91,Medium,2.0,287961.0,5.88,14.43,55.61,20:00,0.4183,"76,4",99.0 mm,₺0.84,"796,020",  4.3  ,71%
Samsun,Black Sea,Large City,2019,11,Autumn,11.45,68.69,1361505,308.14,8023.72,Low,5.0,382495.0,13.26,18.95,47.95,19:00,0.5071,"37,8",231.6 mm,₺0.94,"763,780",  7.6  ,48%
Hatay,Mediterranean,Large City,2016,12,Winter,7.52,77.47,1609856,2293.18,10396.52,Low,5.0,454850.0,7.82,7.58,31.83,08:00,2.858,"50,8",288.9 mm,₺2.11,"823,063",  11.2  ,71%
Manisa,Aegean,Medium City,2022,11,Autumn,19.53,50.09,1452881,1346.88,11664.95,Medium,3.0,507431.0,23.4,11.51,39.4,18:00,0.7439,"24,9",280.2 mm,₺1.12,"109,114",  10.2  ,61%
Sakarya,Marmara,Medium City,2018,9,Autumn,12.98,57.17,1003000,654.1,12806.74,Medium,3.0,356225.0,17.72,10.08,61.02,10:00,0.4907,"31,0",257.6 mm,₺0.65,"355,081",  10.7  ,88%
Mardin,Southeastern Anatolia,Small City,2020,6,Summer,32.01,,833645,231.38,7938.06,Low,4.0,238009.0,18.23,5.22,28.33,20:00,0.4916,"76,3",188.8 mm,₺1.98,"685,992",  8.5  ,66%
Mersin,Mediterranean,Large City,2015,3,Spring,,64.37,1936586,434.28,12333.28,Medium,4.0,590883.0,23.88,10.74,49.27,09:00,0.772,"29,4",99.2 mm,₺1.99,"145,104",  7.3  ,42%
Samsun,Black Sea,Large City,2022,7,Summer,26.63,69.3,1361505,512.74,11426.06,Low,5.0,,43.43,12.49,38.65,18:00,0.7619,,110.9 mm,₺1.04,"699,113",  6.8  ,60%
Balıkesir,Marmara,Medium City,2023,2,Winter,4.81,51.13,1264958,1137.33,9292.15,Low,5.0,445451.0,18.94,8.83,31.33,10:00,0.738,"71,5",295.9 mm,₺0.58,"834,983",  10.0  ,44%
Diyarbakir,Southeastern Anatolia,Large City,2017,5,Spring,21.26,51.31,1801268,1545.8,6763.27,Low,4.0,585108.0,22.93,16.88,72.05,21:00,0.652,,244.6 mm,₺2.3,"451,656",  3.8  ,62%
Adana,Mediterranean,Large City,2020,3,Spring,24.2,82.71,2237940,1775.43,17033.29,High,,785490.0,33.02,19.28,38.92,08:00,1.2424,,36.6 mm,₺0.98,"593,811",  11.7  ,46%
Mardin,Southeastern Anatolia,Small City,2017,9,Autumn,19.89,,833645,284.74,7675.85,Low,3.0,272498.0,34.07,,52.48,18:00,0.28,"22,6",140.9 mm,₺2.28,"869,529",  7.0  ,48%
Balıkesir,Marmara,Medium City,2018,7,Summer,32.7,,1264958,387.12,8911.96,Low,3.0,421936.0,,19.24,47.68,08:00,0.6561,"22,8",250.7 mm,₺1.33,"764,574",  11.1  ,54%
Sakarya,Marmara,Medium City,2022,12,Winter,-1.62,81.39,1003000,550.47,15820.69,Medium,2.0,379354.0,34.58,17.13,22.31,19:00,0.813,"59,4",51.0 mm,₺1.06,"846,271",  4.0  ,77%
Samsun,Black Sea,Large City,2019,11,Autumn,,77.16,1361505,827.17,10743.39,Low,4.0,474941.0,10.0,6.6,26.89,20:00,0.6418,"21,0",203.4 mm,₺1.31,"308,981",  6.6  ,93%
Izmir,Aegean,Megacity,2019,3,Spring,18.8,77.84,4394694,1963.17,17389.92,High,12.0,1593134.0,15.12,16.72,42.2,19:00,2.2535,"77,9",220.3 mm,₺1.35,"89,164",  9.4  ,85%
Diyarbakir,Southeastern Anatolia,Large City,2015,6,Summer,39.74,72.92,1801268,1144.62,11532.03,Low,5.0,660545.0,15.0,13.71,46.52,10:00,0.9831,"70,9",192.5 mm,₺0.87,"227,379",  4.7  ,42%
Van,Eastern Anatolia,Medium City,2022,8,Summer,20.89,41.36,1126384,348.73,7044.81,Low,4.0,360110.0,30.44,15.33,16.76,19:00,0.7097,"31,6",107.7 mm,₺2.44,"739,139",  10.1  ,84%
Izmir,Aegean,Megacity,2017,10,Autumn,20.29,,4394694,6675.97,19926.08,High,11.0,1608814.0,38.72,12.81,10.35,20:00,2.5476,"56,9",122.7 mm,₺0.64,"195,502",  11.0  ,67%
Konya,Central Anatolia,Large City,2021,7,Summer,26.75,77.57,2320259,502.84,12372.79,Medium,6.0,712854.0,26.03,7.58,11.2,18:00,1.5836,"24,3",158.8 mm,₺1.02,"514,210",  6.4  ,51%
Kahramanmaras,Mediterranean,Medium City,2022,12,Winter,8.76,43.22,1178234,1924.06,9819.84,Low,4.0,410942.0,27.11,15.28,61.34,21:00,0.6075,"14,3",112.0 mm,₺1.19,"840,194",  6.1  ,96%
Tekirdag,Marmara,Medium City,2019,9,Autumn,14.14,54.49,1085000,291.97,12250.75,Medium,2.0,395232.0,11.59,7.61,28.48,10:00,0.5226,"9,5",126.6 mm,₺1.08,"549,317",  5.1  ,
Adana,Mediterranean,Large City,2019,12,Winter,9.5,42.0,2237940,513.49,18965.34,High,6.0,668525.0,16.42,12.06,,08:00,1.9293,"67,8",80.4 mm,₺1.14,"735,363",  8.4  ,39%
Kahramanmaras,Mediterranean,Medium City,2017,7,Summer,37.81,72.28,1178234,325.52,10857.42,Low,2.0,372183.0,17.61,11.18,27.45,19:00,0.5306,"43,9",112.7 mm,₺0.97,"715,291",  11.5  ,80%
Afyonkarahisar,Aegean,Small City,2020,4,Spring,23.9,67.81,734000,367.18,6723.61,Low,3.0,274661.0,20.33,13.3,51.78,19:00,0.3059,"49,5",51.9 mm,₺1.87,"624,104",  9.9  ,73%
Trabzon,Black Sea,Medium City,2020,2,Winter,4.34,52.29,811874,178.44,7931.13,Low,3.0,255356.0,34.62,17.93,32.09,10:00,0.525,"68,0",236.7 mm,₺1.05,,  5.2  ,59%
Mugla,Aegean,Medium City,2020,8,Summer,,53.94,1012321,367.86,9989.77,Low,4.0,309150.0,41.55,17.49,31.53,21:00,1.6559,"71,0",18.0 mm,₺1.66,"234,542",  6.1  ,41%
Konya,Central Anatolia,Large City,2019,10,Autumn,13.12,77.72,2320259,669.68,16379.33,Medium,6.0,832778.0,22.17,9.02,47.27,21:00,1.0688,"21,6",71.8 mm,₺2.47,"196,785",  8.7  ,
Istanbul,Marmara,Megacity,2015,11,Autumn,16.35,60.57,15840900,6471.54,,High,42.0,5642354.0,36.34,5.16,68.06,20:00,7.7955,"61,1",130.2 mm,₺1.01,"603,886",  7.5  ,43%
Bursa,Marmara,Large City,2017,7,Summer,32.21,62.39,3056120,715.25,17367.9,High,8.0,911530.0,36.3,15.62,17.56,08:00,2.2517,"24,1",,₺2.21,"217,065",  11.9  ,49%
Mugla,Aegean,Medium City,2021,10,Autumn,21.84,82.22,1012321,264.77,10852.13,Low,2.0,304182.0,35.61,18.94,61.87,20:00,0.3953,"63,1",,₺1.88,"454,214",  7.2  ,98%
Ankara,Central Anatolia,Megacity,2015,9,Autumn,14.19,58.19,5639076,3921.12,19878.41,High,16.0,1754498.0,23.28,17.22,47.4,20:00,3.2797,"72,6",53.0 mm,₺2.03,"112,698",  5.2  ,89%
Mugla,Aegean,Medium City,2019,3,Spring,25.02,59.95,1012321,365.83,8630.56,Low,4.0,318818.0,11.83,8.3,70.25,09:00,0.3554,"66,1",185.5 mm,₺1.98,"180,870",  8.4  ,87%
Afyonkarahisar,Aegean,Small City,2022,4,Spring,21.57,78.1,734000,213.14,6327.6,Low,2.0,249533.0,19.15,12.87,46.83,20:00,0.2834,"68,6",190.6 mm,₺0.68,"42,134",  7.5  ,67%
Kayseri,Central Anatolia,Large City,2019,3,Spring,15.48,81.77,1441523,2016.44,10287.29,Medium,4.0,409661.0,16.51,19.75,74.29,09:00,0.6965,"72,6",67.6 mm,₺1.2,"458,034",  2.5  ,
Diyarbakir,Southeastern Anatolia,Large City,2023,7,Summer,37.99,72.75,1801268,668.02,8243.09,Low,4.0,595005.0,37.52,10.19,49.51,08:00,0.965,"32,2",53.3 mm,₺1.26,,  9.9  ,60%
Manisa,Aegean,Medium City,2020,11,Autumn,15.48,41.27,1452881,1763.39,,Medium,5.0,460308.0,25.71,,61.02,18:00,0.7308,"38,9",196.3 mm,₺2.47,"573,163",  8.8  ,83%
Kahramanmaras,Mediterranean,Medium City,2023,7,Summer,,64.84,1178234,645.93,6652.66,Low,3.0,404877.0,21.36,5.33,58.18,08:00,0.6969,"45,9",100.0 mm,₺2.41,"429,507",  9.2  ,32%
Izmir,Aegean,Megacity,2017,4,Spring,23.03,47.05,4394694,2362.92,18058.89,High,12.0,,27.63,9.46,38.58,,2.4572,"79,8",64.9 mm,₺0.76,"73,862",  2.8  ,88%
Eskisehir,Central Anatolia,Medium City,2018,2,Winter,-1.14,76.09,882456,748.91,14481.79,Medium,2.0,265914.0,19.93,18.12,31.15,09:00,0.6284,"53,0",186.4 mm,,"142,591",  3.2  ,37%
Tekirdag,Marmara,Medium City,2022,6,Summer,32.95,69.95,1085000,219.22,13243.14,Medium,4.0,389147.0,28.18,16.97,,21:00,0.6435,"61,1",211.0 mm,₺1.66,"211,939",  7.2  ,31%
Van,Eastern Anatolia,Medium City,2019,8,Summer,24.45,80.65,1126384,1027.3,8069.95,Low,2.0,343247.0,14.13,6.8,61.88,09:00,0.6274,"64,8",141.8 mm,₺0.57,"113,139",  3.1  ,90%
Kahramanmaras,Mediterranean,Medium City,2017,9,Autumn,23.86,60.52,1178234,580.37,10182.8,Low,3.0,428602.0,16.76,18.21,42.09,09:00,0.3707,"48,7",209.6 mm,₺2.2,"467,520",  7.6  ,53%
Sakarya,Marmara,Medium City,2021,1,Winter,,78.56,1003000,396.75,15195.15,Medium,2.0,,19.74,15.14,34.84,,0.8274,"58,5",146.5 mm,,"574,439",  7.2  ,88%
Konya,Central Anatolia,Large City,2019,2,Winter,-0.49,67.75,2320259,862.9,12334.86,Medium,6.0,798849.0,29.22,15.2,,18:00,1.5887,"23,2",70.8 mm,₺2.4,"882,197",  5.4  ,35%
Van,Eastern Anatolia,Medium City,2017,8,Summer,25.65,64.24,1126384,636.45,8462.41,Low,,421544.0,31.13,,74.83,18:00,0.5186,"66,2",125.2 mm,₺2.33,"711,452",,75%
Erzurum,Eastern Anatolia,Medium City,2019,7,Summer,16.92,73.99,762321,549.37,10569.49,Low,3.0,221553.0,37.81,18.52,68.05,08:00,0.3756,"33,4",46.8 mm,₺1.24,"886,951",,89%
Mardin,Southeastern Anatolia,Small City,2021,5,Spring,21.62,48.38,833645,336.81,6728.08,Low,4.0,281729.0,29.64,6.86,53.23,09:00,0.2943,"37,7",84.5 mm,₺2.3,"603,812",  11.9  ,64%
Samsun,Black Sea,Large City,2020,10,Autumn,15.01,60.36,1361505,500.02,9855.7,Low,3.0,477452.0,17.38,11.35,34.12,08:00,0.5931,"60,2",58.4 mm,₺1.6,"20,090",  10.1  ,73%
Mugla,Aegean,Medium City,2017,10,Autumn,21.99,43.17,1012321,399.75,10822.21,Low,4.0,325142.0,19.18,10.72,57.29,21:00,0.4228,"16,9",196.5 mm,₺0.64,,,36%
Sivas,Central Anatolia,Medium City,2015,3,Spring,16.28,59.82,634149,178.72,9751.27,Low,2.0,188796.0,38.07,15.64,42.98,19:00,0.2399,"8,9",76.8 mm,₺2.27,"703,586",,48%
Antalya,Mediterranean,Large City,2023,2,Winter,4.73,84.26,2619832,871.38,10451.92,Low,7.0,760937.0,40.31,18.83,,,1.6235,"48,5",267.9 mm,₺0.63,"257,716",  7.9  ,67%
Kocaeli,Marmara,Large City,2020,11,Autumn,12.81,81.95,2031963,1400.91,,High,8.0,593755.0,43.55,16.91,70.28,20:00,1.3211,"7,3",295.8 mm,₺1.07,,  10.8  ,31%
Ankara,Central Anatolia,Megacity,2020,5,Spring,14.71,45.34,5639076,1440.31,17348.48,High,,1749116.0,44.18,16.96,65.09,21:00,3.1824,"68,4",138.7 mm,₺0.74,"484,013",  8.3  ,45%
Afyonkarahisar,Aegean,Small City,2022,7,Summer,34.82,68.58,734000,164.34,7839.52,Low,1.0,210958.0,43.64,8.4,,21:00,0.3491,"65,5",299.9 mm,₺2.3,"742,066",,67%
Trabzon,Black Sea,Medium City,2015,5,Spring,16.66,77.69,811874,259.2,11288.21,Low,2.0,290134.0,15.41,15.91,69.83,21:00,0.3286,"78,9",167.5 mm,₺1.76,"111,238",  5.8  ,67%
Istanbul,Marmara,Megacity,2021,11,Autumn,14.39,43.23,15840900,4109.61,17103.93,High,42.0,4901725.0,18.48,16.3,59.62,09:00,10.2022,"37,1",242.0 mm,₺1.84,"130,895",  10.9  ,44%
Mersin,Mediterranean,Large City,2023,10,Autumn,21.43,43.79,1936586,597.2,12453.56,Medium,6.0,707680.0,18.87,17.94,11.45,18:00,1.1903,"20,9",169.7 mm,₺0.81,"103,744",  10.6  ,51%
Konya,Central Anatolia,Large City,2023,5,Spring,18.71,66.64,2320259,964.24,8865.31,Medium,5.0,751875.0,35.41,,27.83,21:00,1.0964,"76,8",237.7 mm,₺2.21,"877,967",  6.3  ,36%
Canakkale,Marmara,Small City,2017,12,Winter,0.87,65.63,542000,533.08,8317.24,Low,1.0,202466.0,37.63,11.05,71.74,10:00,0.3013,"42,4",263.3 mm,₺1.02,"807,994",  11.1  ,39%
Izmir,Aegean,Megacity,2016,2,Winter,6.64,,4394694,2027.65,15221.01,High,11.0,1573672.0,36.34,5.43,43.86,21:00,3.0645,"49,7",55.2 mm,₺2.17,"500,714",  11.0  ,99%
Ankara,Central Anatolia,Megacity,2016,2,Winter,-1.4,54.78,5639076,2169.05,17808.44,High,16.0,1792781.0,9.01,10.04,40.27,21:00,4.1856,"66,1",274.4 mm,₺2.02,"841,590",  6.4  ,31%
Tekirdag,Marmara,Medium City,2017,2,Winter,,58.71,1085000,947.74,13909.08,Medium,2.0,392837.0,42.57,17.14,22.69,18:00,0.6886,"16,8",120.0 mm,₺0.66,"98,824",  3.6  ,82%
Gaziantep,Southeastern Anatolia,Large City,2016,2,Winter,7.88,81.01,2101263,570.4,17111.83,High,6.0,769026.0,12.89,15.02,,18:00,1.7443,"12,9",,₺1.75,"298,937",  8.4  ,59%
Kayseri,Central Anatolia,Large City,2017,3,Spring,13.45,42.51,1441523,609.48,14082.38,Medium,5.0,452442.0,11.16,14.38,18.22,21:00,0.5886,"49,7",299.2 mm,₺1.25,"686,327",  4.5  ,87%
Van,Eastern Anatolia,Medium City,2022,8,Summer,22.72,79.51,1126384,524.12,10934.63,Low,4.0,316036.0,9.81,13.17,31.1,20:00,0.6286,"75,3",258.8 mm,₺0.73,"572,440",  9.4  ,77%
Denizli,Aegean,Medium City,2023,9,Autumn,19.51,46.99,1062840,348.57,11857.03,Medium,4.0,403165.0,24.24,9.26,47.7,09:00,0.5418,"26,4",33.1 mm,₺1.1,"567,376",  7.2  ,
Kahramanmaras,Mediterranean,Medium City,2020,9,Autumn,23.99,71.04,1178234,516.85,8132.67,Low,3.0,,7.44,11.43,22.01,09:00,1.2625,"49,7",171.1 mm,,,  5.5  ,82%
Kayseri,Central Anatolia,Large City,2021,3,Spring,17.18,57.92,1441523,387.09,12670.92,Medium,3.0,508205.0,8.8,5.81,15.27,19:00,0.6986,"75,5",182.5 mm,₺1.89,"871,269",  4.3  ,94%
Tekirdag,Marmara,Medium City,2020,8,Summer,30.14,49.43,1085000,453.02,10595.66,Medium,3.0,385121.0,,13.73,68.9,09:00,0.6661,"25,5",122.5 mm,₺0.74,"397,794",,
Mersin,Mediterranean,Large City,2019,2,Winter,8.39,72.94,1936586,564.49,13217.08,Medium,5.0,631025.0,16.76,7.22,68.5,08:00,1.278,"74,7",52.1 mm,₺1.92,"676,471",  8.0  ,59%
Kayseri,Central Anatolia,Large City,2022,12,Winter,-1.35,68.62,1441523,714.32,12445.62,Medium,5.0,520369.0,11.56,14.64,71.58,19:00,1.0905,"43,9",167.6 mm,₺2.38,"628,751",  5.3  ,56%
Denizli,Aegean,Medium City,2020,2,Winter,4.23,74.73,1062840,231.66,15078.85,Medium,4.0,334337.0,26.71,8.78,21.8,21:00,0.8187,"5,3",245.8 mm,₺2.01,"380,741",  11.9  ,87%
Mugla,Aegean,Medium City,2020,11,Autumn,24.78,47.55,1012321,213.42,9879.57,Low,3.0,351979.0,43.26,12.22,,19:00,0.3762,"32,9",51.2 mm,₺1.73,"344,758",  3.6  ,66%
Kocaeli,Marmara,Large City,2022,9,Autumn,10.59,47.86,2031963,3325.21,19750.33,High,8.0,689245.0,,,20.78,20:00,1.3742,"37,9",104.7 mm,₺0.93,,  4.2  ,59%
Afyonkarahisar,Aegean,Small City,2021,2,Winter,5.36,77.52,734000,205.26,10836.01,Low,3.0,246475.0,32.33,6.17,21.93,08:00,0.4231,"29,5",179.2 mm,₺1.13,"834,008",  6.9  ,43%
Van,Eastern Anatolia,Medium City,2016,6,Summer,23.42,43.58,1126384,687.03,8576.27,Low,4.0,387440.0,41.83,12.29,10.19,09:00,0.552,"28,7",126.0 mm,₺1.15,"529,776",  8.2  ,47%
Gaziantep,Southeastern Anatolia,Large City,2015,10,Autumn,19.89,63.85,2101263,1284.53,18919.43,High,6.0,783280.0,19.54,13.36,,09:00,1.0169,"36,5",258.9 mm,₺1.2,"200,941",  10.7  ,58%
Mugla,Aegean,Medium City,2018,10,Autumn,20.43,77.79,1012321,204.03,5839.86,Low,,298704.0,37.01,17.95,65.35,18:00,0.4365,"64,8",94.7 mm,₺2.34,"253,084",  11.5  ,54%
Tekirdag,Marmara,Medium City,2023,5,Spring,14.95,71.31,1085000,315.31,11787.85,Medium,3.0,323473.0,30.99,,40.93,08:00,0.5646,"77,2",47.0 mm,₺2.43,,  9.0  ,63%
Tekirdag,Marmara,Medium City,2022,4,Spring,17.84,64.21,1085000,718.69,13717.89,Medium,,306692.0,9.75,8.68,10.52,10:00,0.5607,"47,2",169.5 mm,₺2.25,"769,923",  10.1  ,52%
Erzurum,Eastern Anatolia,Medium City,2015,5,Spring,8.85,56.33,762321,340.01,9027.62,Low,1.0,226775.0,22.53,7.61,50.7,19:00,0.2546,"49,3",15.6 mm,₺2.09,"459,193",  2.3  ,94%
Mersin,Mediterranean,Large City,2016,6,Summer,37.25,44.16,1936586,528.43,11721.42,Medium,5.0,582778.0,14.74,17.63,14.71,08:00,1.2303,"47,7",296.5 mm,₺2.22,,  11.8  ,60%
Mugla,Aegean,Medium City,2020,6,Summer,36.97,83.04,1012321,220.2,9814.19,Low,4.0,346624.0,18.02,8.66,39.05,,0.6604,"28,1",209.6 mm,₺2.47,"425,449",  7.9  ,72%
Sakarya,Marmara,Medium City,2022,6,Summer,26.77,59.31,1003000,268.72,14868.87,Medium,3.0,375103.0,14.21,8.8,35.73,09:00,0.6032,"71,4",258.1 mm,₺2.13,"513,649",  11.7  ,60%
Gaziantep,Southeastern Anatolia,Large City,2016,7,Summer,36.55,80.92,2101263,532.12,18817.75,High,8.0,767550.0,9.31,6.49,42.92,,1.6306,"49,3",170.5 mm,₺0.65,"686,320",  2.6  ,
Trabzon,Black Sea,Medium City,2016,3,Spring,17.4,63.75,811874,351.52,9148.29,Low,4.0,277976.0,14.56,5.63,46.56,18:00,0.3154,"28,9",191.0 mm,₺2.2,"386,371",  2.5  ,
Adana,Mediterranean,Large City,2018,1,Winter,9.63,79.47,2237940,595.07,17064.0,High,,649651.0,5.75,15.06,14.21,21:00,2.0432,"72,5",18.5 mm,₺2.38,"136,262",  3.2  ,31%
Bursa,Marmara,Large City,2023,12,Winter,2.16,41.81,3056120,663.25,16202.31,High,8.0,1067929.0,18.88,,27.45,20:00,2.9845,"10,4",239.9 mm,₺2.13,"264,902",  6.5  ,71%
Canakkale,Marmara,Small City,2021,5,Spring,17.33,41.72,542000,147.35,9465.96,Low,1.0,167556.0,18.35,17.4,20.71,19:00,0.2337,"15,7",68.7 mm,₺2.16,"277,990",  11.8  ,38%
Sakarya,Marmara,Medium City,2023,8,Summer,29.66,49.66,1003000,518.24,11697.87,Medium,3.0,349345.0,5.73,6.42,14.63,20:00,0.6652,"47,3",291.8 mm,₺1.38,"858,280",,49%
Van,Eastern Anatolia,Medium City,2021,5,Spring,10.17,56.83,1126384,1115.06,9687.88,Low,2.0,374323.0,11.14,6.54,53.88,19:00,0.4031,"76,3",288.2 mm,₺2.24,"174,891",  5.8  ,58%
Erzurum,Eastern Anatolia,Medium City,2019,9,Autumn,8.87,75.9,762321,318.99,8021.55,Low,,270620.0,32.85,19.65,,08:00,0.2995,"65,2",45.5 mm,₺1.69,"74,855",  10.0  ,72%
Eskisehir,Central Anatolia,Medium City,2015,12,Winter,0.8,65.41,882456,223.33,11208.49,Medium,4.0,266163.0,9.63,7.08,46.58,08:00,0.5942,"34,1",251.3 mm,₺1.51,"529,270",  5.3  ,88%
Diyarbakir,Southeastern Anatolia,Large City,2016,3,Spring,23.02,71.74,1801268,489.4,10746.62,Low,6.0,507679.0,43.6,8.91,45.46,19:00,0.7104,"40,3",97.3 mm,₺1.34,"185,921",  6.6  ,44%
Mersin,Mediterranean,Large City,2022,9,Autumn,22.21,77.7,1936586,463.96,10695.94,Medium,4.0,654810.0,39.23,,44.1,20:00,0.9184,"60,5",14.9 mm,₺0.77,"751,125",  7.3  ,45%
Ankara,Central Anatolia,Megacity,2019,5,Spring,13.75,79.55,5639076,2993.81,19266.79,High,15.0,1760707.0,33.56,9.39,38.47,21:00,3.3116,"33,1",,₺1.42,"399,794",  6.6  ,94%
Tekirdag,Marmara,Medium City,2023,5,Spring,20.39,71.4,1085000,773.39,14189.84,Medium,3.0,308349.0,37.17,,23.27,20:00,0.5113,"12,8",202.3 mm,₺1.95,"9,622",  2.4  ,34%
Mugla,Aegean,Medium City,2018,6,Summer,33.77,56.08,1012321,290.57,10591.7,Low,3.0,361587.0,24.95,15.54,,18:00,0.495,"70,3",223.9 mm,₺1.82,,  5.2  ,92%
Mugla,Aegean,Medium City,2020,5,Spring,17.98,77.67,1012321,223.11,10164.71,Low,4.0,303294.0,29.33,12.37,74.72,20:00,0.4124,"48,1",97.1 mm,₺1.65,"308,026",  8.3  ,43%
Antalya,Mediterranean,Large City,2016,2,Winter,9.46,60.19,2619832,3073.22,8377.76,Low,6.0,738265.0,28.63,12.59,70.63,21:00,1.5173,"66,6",225.8 mm,₺1.12,"545,152",  6.7  ,71%
Canakkale,Marmara,Small City,2015,11,Autumn,16.0,80.26,542000,142.38,10130.6,Low,2.0,172047.0,40.48,17.16,25.04,10:00,0.1911,"23,3",257.3 mm,₺1.08,"300,135",  7.9  ,88%
Adana,Mediterranean,Large City,2019,7,Summer,39.01,49.4,2237940,2185.17,16907.59,High,7.0,708004.0,13.6,5.63,16.41,08:00,1.6887,"75,2",291.8 mm,₺2.23,"178,915",  6.4  ,77%
Istanbul,Marmara,Megacity,2015,8,Summer,30.24,73.24,15840900,19272.93,,High,40.0,5846578.0,20.91,15.2,12.67,,10.816,"57,9",169.4 mm,₺1.26,"326,343",  4.8  ,32%
Kahramanmaras,Mediterranean,Medium City,2021,3,Spring,21.43,62.16,1178234,244.25,9431.96,Low,4.0,372518.0,19.89,6.2,21.83,09:00,0.5184,"10,1",90.0 mm,₺1.33,"392,150",  7.3  ,63%
Gaziantep,Southeastern Anatolia,Large City,2020,8,Summer,36.35,44.6,2101263,1259.56,18351.33,High,8.0,756404.0,30.46,17.51,32.45,19:00,1.739,"18,8",280.0 mm,₺2.34,"466,242",  11.1  ,56%
Bursa,Marmara,Large City,2020,11,Autumn,14.87,53.47,3056120,1608.88,17470.27,High,9.0,913632.0,13.33,8.08,18.17,20:00,1.9574,"49,5",133.0 mm,₺0.55,"457,247",  8.1  ,47%
Antalya,Mediterranean,Large City,2016,12,Winter,,40.83,2619832,2725.32,7994.35,Low,6.0,899289.0,43.52,10.13,70.58,21:00,1.4633,"57,5",215.4 mm,₺1.28,"102,638",  3.8  ,76%
Balıkesir,Marmara,Medium City,2021,3,Spring,19.74,67.47,1264958,507.69,8174.83,Low,5.0,402663.0,28.98,18.54,24.06,08:00,0.504,"38,1",,₺0.52,"558,264",  3.7  ,42%
Diyarbakir,Southeastern Anatolia,Large City,2022,11,Autumn,18.93,73.03,1801268,438.88,10822.42,Low,5.0,523952.0,12.61,9.99,49.14,09:00,0.8266,"26,9",212.4 mm,₺1.6,"635,029",  3.7  ,34%
Ankara,Central Anatolia,Megacity,2019,8,Summer,27.9,42.63,5639076,1664.72,16948.01,High,16.0,2042952.0,8.93,15.36,65.28,09:00,4.7566,"26,1",292.2 mm,₺0.66,"659,675",  5.8  ,
Diyarbakir,Southeastern Anatolia,Large City,2023,2,Winter,8.55,74.79,1801268,421.55,10269.71,Low,6.0,596073.0,28.65,12.54,33.38,20:00,1.1173,"10,9",119.0 mm,₺1.75,"750,100",  8.1  ,60%
Adana,Mediterranean,Large City,2019,12,Winter,8.51,,2237940,667.91,18171.34,High,8.0,686751.0,22.01,5.34,,21:00,1.9813,"62,9",87.1 mm,₺1.24,"106,403",  11.5  ,89%
Sakarya,Marmara,Medium City,2016,6,Summer,30.19,40.51,1003000,1070.82,12239.46,Medium,4.0,341812.0,18.31,5.47,46.97,09:00,0.5857,"57,5",283.4 mm,₺2.0,"333,993",  5.3  ,94%
Mugla,Aegean,Medium City,2023,2,Winter,3.32,51.25,1012321,1351.57,4931.08,Low,4.0,297255.0,21.42,8.47,22.78,09:00,0.6265,"76,3",15.4 mm,₺1.31,"312,556",  6.6  ,88%
Tekirdag,Marmara,Medium City,2018,5,Spring,17.61,,1085000,313.83,14489.41,Medium,4.0,320443.0,13.91,19.83,49.04,08:00,0.4657,"55,5",55.6 mm,,"422,636",  6.8  ,43%
Diyarbakir,Southeastern Anatolia,Large City,2018,10,Autumn,20.76,72.7,1801268,2263.03,9547.7,Low,4.0,559169.0,37.85,13.1,38.42,19:00,0.7342,"44,3",283.4 mm,₺1.33,"90,289",  2.6  ,37%
Sakarya,Marmara,Medium City,2023,3,Spring,18.66,76.17,1003000,293.74,12483.88,Medium,3.0,371794.0,9.88,10.34,27.69,09:00,0.5328,"30,5",162.1 mm,₺0.56,"529,461",  11.7  ,86%
Bursa,Marmara,Large City,2021,9,Autumn,16.78,48.24,3056120,682.83,14738.08,High,9.0,1076640.0,41.46,16.72,44.65,20:00,1.7694,"28,8",215.2 mm,₺0.97,"709,669",  10.7  ,78%
Kahramanmaras,Mediterranean,Medium City,2017,3,Spring,23.93,55.54,1178234,334.75,9810.04,Low,3.0,343911.0,31.61,7.36,59.71,18:00,0.4988,"48,8",157.3 mm,₺1.86,"744,256",  7.1  ,98%
Canakkale,Marmara,Small City,2015,1,Winter,-1.32,77.44,542000,658.22,6276.53,Low,3.0,154340.0,12.14,,72.34,21:00,0.3131,"22,8",120.5 mm,₺0.51,"183,946",  7.7  ,74%
Kayseri,Central Anatolia,Large City,2021,3,Spring,14.52,77.36,1441523,336.8,12819.08,Medium,4.0,485843.0,23.31,5.38,42.94,08:00,0.6958,"41,4",43.0 mm,₺1.65,"169,583",  2.1  ,68%
Sivas,Central Anatolia,Medium City,2020,6,Summer,32.21,67.26,634149,233.94,6614.15,Low,3.0,202936.0,30.58,11.86,48.54,21:00,0.3639,"54,2",159.9 mm,₺1.32,"146,631",  11.7  ,70%
Eskisehir,Central Anatolia,Medium City,2017,10,Autumn,15.53,80.03,882456,584.92,10406.54,Medium,4.0,248882.0,31.65,10.37,38.54,20:00,0.375,"13,4",116.8 mm,₺2.09,"421,155",  4.4  ,
Samsun,Black Sea,Large City,2017,5,Spring,17.68,77.76,1361505,318.37,8160.17,Low,5.0,422284.0,11.77,6.12,12.4,18:00,0.5323,"42,6",94.5 mm,₺0.59,"191,875",  2.0  ,35%
Gaziantep,Southeastern Anatolia,Large City,2017,12,Winter,7.36,84.67,2101263,597.49,14369.36,High,6.0,,34.9,7.22,12.33,09:00,1.5584,"57,2",285.4 mm,₺1.12,"86,186",  11.9  ,52%
Eskisehir,Central Anatolia,Medium City,2016,3,Spring,14.67,66.59,882456,389.15,14849.89,Medium,2.0,309221.0,31.45,15.43,54.38,19:00,0.3435,"74,6",35.0 mm,₺1.19,"197,474",  4.8  ,90%
Kocaeli,Marmara,Large City,2015,2,Winter,2.63,69.42,2031963,1282.5,,High,7.0,676931.0,37.09,8.02,58.66,,1.5301,"20,6",77.8 mm,₺1.6,"300,520",  10.9  ,65%
Mugla,Aegean,Medium City,2016,1,Winter,,71.47,1012321,325.8,11294.0,Low,4.0,369724.0,25.51,9.29,48.79,,0.5778,"75,6",159.5 mm,₺2.32,"531,541",  7.1  ,84%
Konya,Central Anatolia,Large City,2016,11,Autumn,12.59,78.78,2320259,626.12,17928.59,Medium,5.0,654017.0,25.58,13.54,56.23,21:00,1.1392,"50,1",116.4 mm,₺1.93,"699,584",  4.6  ,97%
Hatay,Mediterranean,Large City,2019,5,Spring,24.41,,1609856,795.63,8007.15,Low,4.0,503089.0,42.69,12.91,20.28,20:00,0.6261,"43,9",84.3 mm,₺1.28,"258,826",  2.6  ,70%
Gaziantep,Southeastern Anatolia,Large City,2015,5,Spring,21.34,46.89,2101263,1423.86,19529.75,High,7.0,663809.0,36.66,15.83,17.95,10:00,1.1787,"78,2",91.8 mm,₺1.22,"412,346",  9.9  ,48%
Balıkesir,Marmara,Medium City,2019,3,Spring,14.74,58.3,1264958,1026.81,10268.78,Low,5.0,453881.0,13.07,6.17,64.31,,0.4784,"12,0",208.8 mm,₺2.46,"431,844",  9.2  ,81%
Denizli,Aegean,Medium City,2018,5,Spring,19.62,48.28,1062840,213.43,14580.98,Medium,2.0,371547.0,19.92,8.14,71.37,10:00,0.4236,"51,7",51.3 mm,₺2.08,"126,101",  9.7  ,96%
Van,Eastern Anatolia,Medium City,2023,4,Spring,10.36,60.35,1126384,736.32,8509.91,Low,4.0,383626.0,26.01,17.81,57.14,20:00,0.4981,"24,6",177.3 mm,₺2.39,"658,377",  2.2  ,60%
Samsun,Black Sea,Large City,2018,10,Autumn,10.75,65.77,1361505,534.0,10494.05,Low,4.0,428654.0,44.01,19.5,74.43,19:00,0.5309,"21,9",299.5 mm,₺1.61,"30,324",  3.3  ,77%
Van,Eastern Anatolia,Medium City,2023,9,Autumn,2.9,70.86,1126384,242.45,7529.61,Low,,379885.0,21.08,7.31,28.01,20:00,0.6181,"52,5",56.8 mm,₺1.92,"829,083",  8.7  ,92%
Kayseri,Central Anatolia,Large City,2018,7,Summer,28.05,51.59,1441523,322.36,14642.59,Medium,5.0,541413.0,13.53,18.01,25.39,,0.9776,"20,2",145.0 mm,₺1.97,"645,167",  4.5  ,46%
Adana,Mediterranean,Large City,2020,1,Winter,7.69,61.03,2237940,1064.11,18134.79,High,7.0,709701.0,6.26,14.94,51.99,08:00,2.1831,,147.5 mm,₺1.01,"230,133",  8.0  ,92%
Mardin,Southeastern Anatolia,Small City,2018,12,Winter,7.39,76.05,833645,172.59,8723.57,Low,2.0,284670.0,19.31,9.36,68.68,19:00,0.4693,"68,3",26.4 mm,₺1.17,,  7.4  ,67%
Kahramanmaras,Mediterranean,Medium City,2021,9,Autumn,19.99,51.1,1178234,1711.64,9879.33,Low,4.0,357708.0,11.67,16.29,19.48,21:00,0.4284,"17,7",124.4 mm,₺0.67,"114,484",  4.1  ,52%
Kocaeli,Marmara,Large City,2021,9,Autumn,12.37,55.22,2031963,425.77,20556.19,High,6.0,584411.0,5.18,17.8,68.54,21:00,1.1787,"12,6",295.0 mm,₺1.3,"178,496",  5.2  ,56%
Balıkesir,Marmara,Medium City,2015,7,Summer,32.32,68.07,1264958,1996.91,7328.66,Low,,420567.0,26.68,17.64,12.34,,0.6169,"76,0",117.7 mm,₺2.34,"700,087",  10.9  ,36%
Ankara,Central Anatolia,Megacity,2015,7,Summer,26.67,73.63,5639076,1408.05,20824.97,High,17.0,1891478.0,14.58,13.94,30.69,08:00,4.0458,"26,6",259.8 mm,₺0.57,"830,003",  7.0  ,49%
Manisa,Aegean,Medium City,2017,1,Winter,6.72,51.67,1452881,366.62,12469.14,Medium,4.0,484646.0,32.14,17.78,31.84,09:00,1.106,"16,1",12.4 mm,₺1.26,"392,773",  7.0  ,96%
Ankara,Central Anatolia,Megacity,2022,4,Spring,13.95,67.95,5639076,1167.04,19183.19,High,16.0,1771861.0,5.52,7.7,25.19,10:00,3.1045,"8,4",194.1 mm,₺1.25,"845,303",  11.1  ,68%
Tekirdag,Marmara,Medium City,2016,11,Autumn,15.2,74.89,1085000,1579.91,14943.81,Medium,4.0,339844.0,21.74,9.39,29.1,19:00,0.5534,"26,3",189.4 mm,₺0.62,"321,049",  4.4  ,33%
Eskisehir,Central Anatolia,Medium City,2019,9,Autumn,11.74,80.42,882456,308.4,11410.02,Medium,2.0,297120.0,30.99,11.87,37.07,21:00,0.4346,"39,0",141.2 mm,₺1.9,"698,139",  5.8  ,39%
Gaziantep,Southeastern Anatolia,Large City,2016,10,Autumn,18.45,46.12,2101263,1218.04,17009.16,High,7.0,622739.0,41.38,17.42,66.63,19:00,1.2445,"67,4",221.9 mm,₺2.07,"450,864",  7.7  ,46%
Bursa,Marmara,Large City,2021,8,Summer,,46.63,3056120,2132.81,19063.56,High,10.0,874410.0,39.09,10.79,34.34,19:00,2.1793,"44,6",78.0 mm,₺1.06,"720,158",  11.7  ,90%
Eskisehir,Central Anatolia,Medium City,2017,1,Winter,-4.37,48.47,882456,216.28,14586.72,Medium,3.0,256323.0,8.72,7.16,37.49,08:00,0.5403,"15,7",198.0 mm,₺0.58,"472,197",  9.6  ,45%
Mardin,Southeastern Anatolia,Small City,2022,1,Winter,2.51,72.83,833645,1039.1,11410.92,Low,3.0,276400.0,6.74,18.57,53.61,10:00,0.518,"78,6",196.0 mm,₺0.83,"733,005",  4.4  ,53%
Afyonkarahisar,Aegean,Small City,2018,4,Spring,22.63,55.32,734000,163.98,7766.85,Low,1.0,259985.0,25.59,17.82,64.29,20:00,0.2521,"45,0",34.4 mm,₺1.42,"427,465",  7.7  ,
Mardin,Southeastern Anatolia,Small City,2021,12,Winter,0.11,59.55,833645,172.39,8539.59,Low,4.0,294082.0,29.4,5.7,35.83,18:00,0.4746,"74,1",,₺1.4,"593,294",  7.0  ,34%
Kayseri,Central Anatolia,Large City,2020,8,Summer,27.37,59.34,1441523,365.27,13346.99,Medium,3.0,457843.0,23.35,13.25,18.29,10:00,1.0314,"8,7",170.1 mm,₺2.09,,  8.0  ,30%
Canakkale,Marmara,Small City,2017,12,Winter,-1.49,65.45,542000,235.33,8131.41,Low,3.0,203783.0,13.7,10.01,43.81,19:00,0.3594,"22,8",,₺1.21,"519,410",  4.6  ,41%
Sivas,Central Anatolia,Medium City,2020,12,Winter,2.49,72.24,634149,192.34,7033.1,Low,2.0,204902.0,35.93,18.65,68.77,09:00,0.4051,"69,8",58.0 mm,₺0.91,"624,905",  5.6  ,41%
Antalya,Mediterranean,Large City,2020,12,Winter,8.33,54.97,2619832,676.69,7171.53,Low,8.0,986643.0,27.41,11.44,49.27,09:00,1.7835,"17,5",131.8 mm,₺0.73,"87,189",  3.0  ,
Antalya,Mediterranean,Large City,2019,4,Spring,28.46,41.39,2619832,1431.9,12961.61,Low,6.0,905475.0,30.22,15.74,65.16,20:00,1.0237,"33,9",97.7 mm,₺2.29,"84,941",  7.2  ,54%
Samsun,Black Sea,Large City,2018,2,Winter,-2.83,84.6,1361505,2317.97,11323.38,Low,4.0,453618.0,24.99,9.6,43.56,,0.872,"47,3",36.4 mm,₺1.32,,  3.9  ,99%
Denizli,Aegean,Medium City,2018,4,Spring,24.34,62.26,1062840,340.08,15263.54,Medium,4.0,340310.0,11.37,11.53,47.42,19:00,0.4893,"76,1",109.4 mm,₺0.8,"617,541",  11.6  ,77%
Diyarbakir,Southeastern Anatolia,Large City,2019,6,Summer,33.93,82.39,1801268,3367.37,10321.59,Low,5.0,522405.0,38.25,10.48,53.79,19:00,0.8648,"18,3",287.8 mm,₺1.23,"761,829",  9.5  ,48%
Samsun,Black Sea,Large City,2021,6,Summer,29.57,80.84,1361505,694.37,9590.45,Low,,499120.0,41.95,12.44,71.8,20:00,0.8622,"34,7",122.5 mm,₺0.54,"555,895",  10.1  ,85%
Adana,Mediterranean,Large City,2023,2,Winter,4.0,62.76,2237940,578.35,19430.02,High,8.0,,11.49,11.07,38.32,20:00,2.0769,"59,2",46.0 mm,₺1.55,"841,650",  4.7  ,55%
Canakkale,Marmara,Small City,2016,6,Summer,32.22,43.26,542000,403.47,9127.86,Low,1.0,174429.0,32.91,6.23,46.35,19:00,0.3243,"25,6",93.1 mm,₺2.25,"658,368",  11.6  ,47%
Gaziantep,Southeastern Anatolia,Large City,2015,3,Spring,23.79,77.94,2101263,474.97,19076.44,High,6.0,784107.0,39.71,7.45,71.57,10:00,1.2664,,47.2 mm,₺2.12,"606,886",  11.9  ,89%
Ankara,Central Anatolia,Megacity,2019,7,Summer,28.91,44.31,5639076,2061.48,19836.88,High,15.0,1799376.0,26.87,8.48,48.64,09:00,5.1609,,247.2 mm,₺0.6,"481,021",  4.3  ,
Eskisehir,Central Anatolia,Medium City,2021,8,Summer,,84.26,882456,921.47,12533.0,Medium,4.0,320884.0,43.21,12.47,45.65,18:00,0.5928,"77,4",284.0 mm,₺1.11,"285,002",  4.1  ,53%
Manisa,Aegean,Medium City,2021,2,Winter,7.22,76.1,1452881,1187.12,11863.96,Medium,4.0,425274.0,39.66,13.9,37.79,,1.1413,"53,2",93.4 mm,₺2.5,,  9.9  ,52%
Hatay,Mediterranean,Large City,2016,1,Winter,10.15,46.82,1609856,1094.1,10222.03,Low,5.0,502615.0,24.31,10.34,54.62,09:00,0.9106,"30,0",31.3 mm,₺1.97,"682,931",  2.6  ,85%
Samsun,Black Sea,Large City,2015,12,Winter,-1.23,73.22,1361505,274.08,9249.76,Low,5.0,388879.0,,7.83,15.25,18:00,0.6835,"33,5",244.4 mm,₺0.69,"601,283",  3.8  ,77%
Mugla,Aegean,Medium City,2018,4,Spring,18.59,73.95,1012321,1396.45,8875.3,Low,3.0,358642.0,13.08,16.88,40.96,19:00,0.3417,"52,2",261.4 mm,₺1.96,"192,817",  10.4  ,32%
Trabzon,Black Sea,Medium City,2023,12,Winter,0.88,63.4,811874,197.44,10249.77,Low,4.0,231386.0,26.87,15.64,14.51,21:00,0.4842,"43,6",234.7 mm,₺0.92,"286,518",  5.0  ,82%
Mersin,Mediterranean,Large City,2021,6,Summer,39.72,52.95,1936586,721.91,9883.28,Medium,5.0,649301.0,41.82,5.18,58.14,18:00,1.268,"7,7",39.8 mm,₺1.47,"763,752",  9.1  ,77%
Malatya,Eastern Anatolia,Medium City,2021,4,Spring,,84.38,781118,292.1,9606.5,Low,3.0,237749.0,34.1,,29.88,18:00,0.292,"8,0",137.6 mm,₺2.34,"833,166",  7.7  ,77%
Tekirdag,Marmara,Medium City,2015,8,Summer,30.19,81.61,1085000,252.35,11739.62,Medium,4.0,305940.0,11.25,,17.64,21:00,0.6302,"48,8",121.4 mm,₺1.43,"160,687",  5.5  ,89%
Bursa,Marmara,Large City,2015,11,Autumn,15.29,84.85,3056120,1787.96,,High,10.0,1027178.0,5.64,13.05,34.96,10:00,1.6545,"62,5",281.1 mm,₺1.91,"301,448",  4.5  ,30%
Trabzon,Black Sea,Medium City,2017,7,Summer,31.95,51.82,811874,162.55,9176.79,Low,2.0,249976.0,28.19,9.24,36.32,18:00,0.4259,"73,7",264.3 mm,₺1.8,"654,060",  5.9  ,62%
Diyarbakir,Southeastern Anatolia,Large City,2022,11,Autumn,23.05,61.73,1801268,565.77,,Low,6.0,609114.0,15.08,18.81,,21:00,0.7585,"62,3",124.4 mm,₺0.89,"770,404",  6.4  ,65%
Tekirdag,Marmara,Medium City,2019,8,Summer,35.95,45.39,1085000,312.49,14516.77,Medium,3.0,373330.0,13.33,10.82,66.86,18:00,0.7312,"55,7",55.2 mm,₺0.86,"420,490",  4.9  ,45%
Denizli,Aegean,Medium City,2020,2,Winter,5.77,54.29,1062840,228.28,13932.42,Medium,3.0,402808.0,10.91,5.4,28.13,10:00,0.6046,"55,1",41.2 mm,₺1.41,"123,170",  6.6  ,81%
Kocaeli,Marmara,Large City,2019,3,Spring,15.52,54.45,2031963,867.93,17874.61,High,8.0,726786.0,37.11,7.09,50.68,09:00,1.2431,"31,2",50.4 mm,₺0.69,"533,363",  7.4  ,51%
Bursa,Marmara,Large City,2021,4,Spring,19.44,44.05,3056120,757.98,16908.8,High,9.0,1086335.0,38.33,10.5,38.56,21:00,1.6679,"28,0",164.6 mm,₺1.67,"897,907",  3.2  ,73%
Antalya,Mediterranean,Large City,2018,12,Winter,10.87,41.09,2619832,2147.87,8690.93,Low,7.0,991145.0,8.82,10.94,62.55,20:00,1.3885,"46,0",258.6 mm,₺1.58,"490,052",  7.3  ,44%
Eskisehir,Central Anatolia,Medium City,2021,8,Summer,,72.62,882456,350.54,,Medium,2.0,311107.0,9.84,12.83,51.35,21:00,0.6096,"68,6",200.0 mm,₺0.97,"850,689",  8.4  ,99%
Adana,Mediterranean,Large City,2022,12,Winter,12.04,66.75,2237940,1367.69,16890.19,High,8.0,709837.0,7.63,17.32,63.22,18:00,2.1787,"58,8",184.9 mm,₺1.96,"287,809",  9.3  ,50%
Bursa,Marmara,Large City,2019,3,Spring,16.47,82.94,3056120,1309.83,17858.37,High,10.0,1051236.0,32.81,7.13,13.55,21:00,1.8887,"76,9",251.4 mm,₺0.56,"681,775",  5.0  ,40%
Balıkesir,Marmara,Medium City,2019,10,Autumn,17.95,44.37,1264958,286.55,10488.48,Low,3.0,456778.0,28.79,10.36,70.94,08:00,0.5616,"6,7",197.2 mm,₺0.67,"503,157",  6.4  ,40%
Adana,Mediterranean,Large City,2018,11,Autumn,23.35,,2237940,1650.59,16660.38,High,7.0,795178.0,11.89,,73.2,09:00,1.3653,"78,0",161.8 mm,₺0.99,"638,031",  7.4  ,87%
Erzurum,Eastern Anatolia,Medium City,2020,10,Autumn,5.31,49.63,762321,668.53,9332.66,Low,2.0,217347.0,9.64,5.35,72.03,19:00,0.2834,"18,7",237.5 mm,₺0.79,"573,862",  11.4  ,71%
Antalya,Mediterranean,Large City,2020,4,Spring,27.03,54.15,2619832,982.31,10151.01,Low,8.0,789063.0,11.81,5.33,44.86,20:00,0.9002,"65,9",112.6 mm,₺1.04,"335,775",  10.3  ,51%
Manisa,Aegean,Medium City,2015,9,Autumn,17.89,76.48,1452881,739.47,11918.9,Medium,4.0,437923.0,10.44,12.46,13.9,09:00,0.686,"10,1",59.4 mm,₺0.93,"545,502",  3.1  ,90%
Manisa,Aegean,Medium City,2020,6,Summer,,49.59,1452881,329.54,11122.69,Medium,3.0,547473.0,39.57,12.1,22.06,18:00,1.0697,"41,1",27.9 mm,₺0.63,"433,141",  7.6  ,34%
Ankara,Central Anatolia,Megacity,2016,2,Winter,-2.8,67.86,5639076,1463.33,16454.79,High,15.0,1912409.0,,13.78,56.75,19:00,3.8868,,281.7 mm,₺1.27,"665,022",  2.6  ,58%
Mersin,Mediterranean,Large City,2019,2,Winter,7.9,55.39,1936586,402.72,14440.31,Medium,5.0,641765.0,34.19,5.83,15.93,10:00,1.3215,"38,8",205.8 mm,₺1.16,"600,992",  9.8  ,82%
Antalya,Mediterranean,Large City,2017,9,Autumn,22.88,68.96,2619832,1106.47,8617.92,Low,7.0,982038.0,36.6,9.64,72.47,21:00,1.1246,"39,5",151.8 mm,₺2.14,"875,818",  3.7  ,85%
Diyarbakir,Southeastern Anatolia,Large City,2017,11,Autumn,19.11,72.86,1801268,2740.76,7733.53,Low,4.0,507009.0,10.41,19.67,31.15,08:00,0.742,"75,6",92.2 mm,₺1.42,"226,702",  7.9  ,54%
Trabzon,Black Sea,Medium City,2020,2,Winter,-1.55,42.57,811874,804.2,9436.45,Low,2.0,268056.0,12.99,10.57,57.16,08:00,0.4627,"37,5",109.6 mm,₺0.82,"612,999",  3.9  ,75%
Denizli,Aegean,Medium City,2018,8,Summer,34.42,56.13,1062840,414.19,12323.26,Medium,2.0,385133.0,20.24,17.13,35.0,18:00,0.7058,"75,1",97.9 mm,₺1.05,"148,551",  6.1  ,39%
Bursa,Marmara,Large City,2022,4,Spring,18.1,51.68,3056120,5420.04,18497.77,High,8.0,921101.0,,7.64,10.85,19:00,1.9619,"68,5",152.9 mm,₺2.24,"9,042",  6.3  ,59%
Denizli,Aegean,Medium City,2021,10,Autumn,21.02,,1062840,329.13,15069.7,Medium,2.0,352556.0,22.13,15.15,,20:00,0.5137,"51,4",161.2 mm,₺0.65,"862,621",  2.4  ,59%
Mugla,Aegean,Medium City,2018,2,Winter,5.14,84.68,1012321,686.02,10475.26,Low,2.0,,15.12,15.43,20.8,10:00,0.5379,"13,4",29.2 mm,₺1.56,"507,333",  2.5  ,88%
Izmir,Aegean,Megacity,2015,1,Winter,5.91,73.37,4394694,961.61,19741.81,High,12.0,1496972.0,19.65,14.02,33.73,21:00,3.4354,"10,6",38.6 mm,,"708,328",  2.4  ,48%
Kahramanmaras,Mediterranean,Medium City,2015,2,Winter,7.59,46.07,1178234,609.81,13676.52,Low,2.0,407210.0,30.63,9.66,23.68,10:00,0.6535,"60,8",190.7 mm,₺0.89,"79,494",  6.6  ,30%
Tekirdag,Marmara,Medium City,2023,12,Winter,0.31,55.0,1085000,612.56,12001.9,Medium,2.0,311305.0,10.2,15.73,31.53,20:00,0.7669,"74,6",223.8 mm,₺1.78,"28,852",  5.0  ,58%
Erzurum,Eastern Anatolia,Medium City,2016,12,Winter,-6.19,56.93,762321,730.83,8182.07,Low,3.0,,34.3,14.21,19.43,19:00,0.4013,"52,0",70.6 mm,₺1.06,"859,601",  3.2  ,99%
Tekirdag,Marmara,Medium City,2018,8,Summer,28.64,65.27,1085000,710.1,14545.58,Medium,2.0,384018.0,8.79,15.98,52.88,19:00,0.7532,"53,0",103.9 mm,₺2.09,"336,447",  10.3  ,97%
Trabzon,Black Sea,Medium City,2020,4,Spring,16.26,57.6,811874,609.59,9563.35,Low,3.0,269547.0,31.5,9.68,45.54,20:00,0.3405,,222.1 mm,₺1.95,"486,170",  11.4  ,84%
Gaziantep,Southeastern Anatolia,Large City,2022,7,Summer,33.42,72.53,2101263,454.56,18113.08,High,7.0,,24.25,16.12,42.06,09:00,1.845,"61,1",34.1 mm,₺1.94,"767,749",  2.9  ,53%
Adana,Mediterranean,Large City,2016,11,Autumn,23.51,71.47,2237940,714.65,17551.42,High,6.0,727628.0,7.74,18.8,22.31,20:00,1.2388,"44,0",187.1 mm,₺1.25,"700,794",  6.6  ,45%
Mersin,Mediterranean,Large City,2018,8,Summer,,62.89,1936586,1004.03,13566.39,Medium,5.0,574645.0,40.6,18.7,54.24,10:00,1.3208,"28,0",24.8 mm,₺0.91,"97,728",  2.0  ,38%
Manisa,Aegean,Medium City,2022,4,Spring,23.25,40.96,1452881,1329.26,9384.97,Medium,3.0,545804.0,18.51,6.49,58.18,10:00,0.7725,"52,8",189.2 mm,₺2.03,"199,537",  2.1  ,75%
Van,Eastern Anatolia,Medium City,2017,4,Spring,12.03,77.31,1126384,334.8,5987.51,Low,2.0,338821.0,15.04,13.91,31.05,08:00,0.4409,"6,7",276.4 mm,₺1.37,"430,071",  11.8  ,32%
Diyarbakir,Southeastern Anatolia,Large City,2023,12,Winter,5.93,71.85,1801268,470.52,9897.81,Low,4.0,542787.0,38.28,10.42,35.03,21:00,1.0693,"50,6",108.2 mm,₺1.18,"260,568",  6.0  ,76%
Canakkale,Marmara,Small City,2020,12,Winter,-1.34,77.73,542000,323.1,9614.16,Low,3.0,203739.0,5.37,8.02,49.87,,0.3148,"50,1",42.3 mm,₺0.93,"16,152",  10.0  ,35%
Malatya,Eastern Anatolia,Medium City,2018,1,Winter,-4.66,81.59,781118,320.88,6067.37,Low,1.0,284516.0,,16.95,36.08,19:00,0.4143,"52,6",145.7 mm,₺1.66,"656,283",  5.8  ,
Canakkale,Marmara,Small City,2018,10,Autumn,12.25,82.18,542000,576.24,8882.75,Low,2.0,,,9.72,30.09,18:00,0.2203,"54,6",13.9 mm,₺1.33,"348,000",  5.7  ,93%
Antalya,Mediterranean,Large City,2021,2,Winter,8.9,63.74,2619832,643.22,12013.19,Low,7.0,830955.0,17.81,17.6,12.78,10:00,1.5493,"16,3",204.1 mm,₺1.32,"627,740",  2.1  ,81%
Bursa,Marmara,Large City,2023,1,Winter,0.68,76.4,3056120,1349.33,,High,10.0,1152866.0,7.7,19.53,49.71,10:00,2.7713,"22,4",234.4 mm,₺1.93,"493,448",  8.9  ,93%
Tekirdag,Marmara,Medium City,2019,4,Spring,18.58,49.55,1085000,232.34,12123.11,Medium,4.0,314070.0,25.64,16.03,29.29,10:00,0.472,,266.7 mm,₺1.42,"552,206",  11.6  ,42%
Mugla,Aegean,Medium City,2016,9,Autumn,21.87,78.47,1012321,461.13,6210.51,Low,2.0,351039.0,16.86,12.65,11.71,18:00,0.359,"49,4",83.5 mm,₺1.55,"700,994",  3.4  ,60%
Sivas,Central Anatolia,Medium City,2017,2,Winter,-1.02,49.04,634149,207.68,9821.48,Low,2.0,237227.0,43.73,7.22,21.89,19:00,0.367,"11,2",22.5 mm,₺1.77,"582,318",  4.9  ,61%
Erzurum,Eastern Anatolia,Medium City,2019,2,Winter,-7.23,58.67,762321,196.75,,Low,1.0,266180.0,5.55,6.13,44.73,21:00,0.4505,"32,6",20.3 mm,,"135,169",  5.9  ,72%
Ankara,Central Anatolia,Megacity,2020,2,Winter,-1.35,49.7,5639076,8392.57,21365.88,High,,1900849.0,38.17,11.66,44.26,21:00,3.9287,"38,6",235.6 mm,₺1.9,"612,227",  9.1  ,34%
Kayseri,Central Anatolia,Large City,2016,1,Winter,-6.78,41.65,1441523,418.49,15547.83,Medium,5.0,508835.0,17.85,5.23,56.2,20:00,1.0949,"35,7",,₺1.52,"556,789",  8.4  ,90%
Canakkale,Marmara,Small City,2019,11,Autumn,16.95,60.55,542000,114.92,8094.39,Low,1.0,178200.0,12.92,10.9,32.72,21:00,0.2435,"51,2",117.8 mm,₺1.82,,  8.4  ,57%
Eskisehir,Central Anatolia,Medium City,2015,6,Summer,26.04,52.86,882456,343.6,13457.76,Medium,,299775.0,41.96,7.42,32.22,09:00,0.497,"58,6",88.9 mm,₺2.13,"750,127",  5.7  ,76%
Istanbul,Marmara,Megacity,2015,12,Winter,1.01,72.56,15840900,24663.15,20737.5,High,41.0,5776481.0,38.32,16.14,14.15,21:00,12.8836,"35,8",111.9 mm,₺0.69,"538,580",  10.1  ,97%
Izmir,Aegean,Megacity,2017,3,Spring,23.3,55.99,4394694,885.11,18354.47,High,13.0,1619069.0,,5.43,58.63,10:00,2.4883,"62,9",163.5 mm,₺2.24,"274,154",  2.4  ,84%
Bursa,Marmara,Large City,2023,1,Winter,2.47,51.91,3056120,1127.66,19394.02,High,9.0,1049784.0,44.66,19.75,,19:00,2.7198,"75,4",249.0 mm,₺0.58,"211,655",  8.4  ,57%
Sakarya,Marmara,Medium City,2017,4,Spring,16.86,48.42,1003000,544.71,,Medium,3.0,343081.0,33.16,7.1,42.86,10:00,0.4622,"67,7",85.0 mm,₺1.27,"398,690",  4.4  ,87%
Van,Eastern Anatolia,Medium City,2015,11,Autumn,9.74,52.58,1126384,1015.77,5397.08,Low,4.0,365001.0,,7.03,55.65,20:00,0.4723,"34,7",38.5 mm,₺1.88,"663,115",  8.7  ,94%
Balıkesir,Marmara,Medium City,2015,9,Autumn,12.31,59.54,1264958,1187.47,9296.95,Low,3.0,403732.0,29.64,12.11,69.51,,0.5282,"53,7",271.6 mm,₺1.13,"427,051",  6.1  ,35%
Sivas,Central Anatolia,Medium City,2022,11,Autumn,13.99,68.27,634149,177.16,6651.22,Low,1.0,186757.0,15.15,10.74,31.95,21:00,0.2816,"67,4",109.7 mm,₺1.9,"140,168",  9.8  ,94%
Eskisehir,Central Anatolia,Medium City,2023,9,Autumn,11.24,44.25,882456,478.42,12874.91,Medium,2.0,303997.0,17.73,,28.74,08:00,0.3477,"72,1",94.8 mm,₺2.41,"763,347",  3.4  ,92%
Bursa,Marmara,Large City,2017,8,Summer,33.65,44.1,3056120,710.02,,High,9.0,998776.0,24.62,7.81,59.73,10:00,2.1916,"78,3",56.5 mm,₺2.34,"848,271",  10.0  ,56%
Erzurum,Eastern Anatolia,Medium City,2017,5,Spring,12.0,60.96,762321,291.35,8209.64,Low,1.0,229819.0,11.5,8.77,57.56,21:00,0.2702,"75,8",191.2 mm,₺1.35,,  6.4  ,75%
Malatya,Eastern Anatolia,Medium City,2023,6,Summer,21.27,80.37,781118,1442.81,9926.46,Low,2.0,288900.0,8.37,7.42,49.42,10:00,0.4972,"52,9",138.0 mm,₺0.58,"563,993",  11.3  ,80%
Erzurum,Eastern Anatolia,Medium City,2023,1,Winter,-7.34,54.6,762321,193.59,,Low,3.0,255692.0,35.09,18.67,44.26,09:00,0.5104,"59,2",248.2 mm,₺0.85,"618,909",  5.1  ,70%
Eskisehir,Central Anatolia,Medium City,2022,10,Autumn,13.85,76.04,882456,257.15,11448.4,Medium,3.0,302324.0,37.45,17.31,63.33,21:00,0.4662,"15,2",38.7 mm,₺1.37,"285,441",  7.2  ,30%
Diyarbakir,Southeastern Anatolia,Large City,2021,2,Winter,3.34,67.82,1801268,2824.37,5457.69,Low,6.0,656673.0,15.7,18.37,36.19,18:00,0.9931,"42,8",290.4 mm,₺2.07,"756,530",  11.9  ,60%
Manisa,Aegean,Medium City,2022,6,Summer,34.12,82.9,1452881,326.52,12488.24,Medium,5.0,438783.0,7.76,12.25,26.51,20:00,1.0141,"28,5",119.5 mm,₺1.59,"598,494",  4.3  ,86%
Samsun,Black Sea,Large City,2015,9,Autumn,14.04,40.74,1361505,677.32,5498.94,Low,4.0,401576.0,26.5,14.19,37.13,19:00,0.5465,"74,5",243.5 mm,₺0.6,"285,480",  7.3  ,81%
Mardin,Southeastern Anatolia,Small City,2018,11,Autumn,17.75,81.1,833645,1395.64,10552.21,Low,3.0,234964.0,,19.05,38.46,09:00,0.3421,"64,6",178.0 mm,₺0.78,"631,911",  8.4  ,52%
Malatya,Eastern Anatolia,Medium City,2017,1,Winter,-8.69,52.89,781118,171.06,8445.06,Low,2.0,251639.0,27.87,10.15,62.43,19:00,0.4249,"8,9",51.2 mm,₺0.82,"91,051",  8.8  ,70%
Malatya,Eastern Anatolia,Medium City,2020,9,Autumn,11.29,59.2,781118,1012.06,11159.4,Low,3.0,258622.0,,6.74,42.32,08:00,0.3588,"18,4",196.6 mm,₺2.13,"471,983",  11.9  ,30%
Denizli,Aegean,Medium City,2016,5,Spring,24.14,69.13,1062840,1134.81,10519.63,Medium,4.0,360129.0,,16.28,23.82,20:00,0.4782,"31,3",143.0 mm,₺0.9,"406,828",  4.0  ,80%
Istanbul,Marmara,Megacity,2020,2,Winter,-0.55,54.22,15840900,4044.54,16395.14,High,41.0,5677913.0,18.68,9.8,13.45,19:00,14.2198,"23,0",52.7 mm,₺1.64,"863,106",  8.7  ,30%
Gaziantep,Southeastern Anatolia,Large City,2019,1,Winter,5.84,84.85,2101263,420.9,17983.68,High,7.0,722426.0,8.6,19.13,65.52,08:00,1.6563,"64,8",175.5 mm,₺0.6,,  10.8  ,88%
Mugla,Aegean,Medium City,2021,6,Summer,36.37,64.16,1012321,591.11,9128.15,Low,3.0,384174.0,11.74,11.78,29.83,20:00,0.6076,"42,6",147.7 mm,₺2.14,"629,983",  9.0  ,97%
Samsun,Black Sea,Large City,2023,7,Summer,29.38,76.37,1361505,368.42,7926.12,Low,3.0,446336.0,38.68,8.63,19.44,19:00,0.8109,"53,9",190.5 mm,₺1.52,"443,182",  4.2  ,95%
Malatya,Eastern Anatolia,Medium City,2023,4,Spring,11.34,84.21,781118,657.37,9390.09,Low,1.0,226115.0,34.22,5.6,10.44,08:00,0.3062,"8,7",275.2 mm,₺1.39,"585,006",  5.2  ,78%
Gaziantep,Southeastern Anatolia,Large City,2016,6,Summer,31.8,84.17,2101263,428.73,15690.14,High,6.0,674486.0,26.49,19.16,54.18,19:00,1.5963,"26,7",39.9 mm,₺1.38,"241,181",  8.5  ,70%
Afyonkarahisar,Aegean,Small City,2021,12,Winter,6.6,78.94,734000,266.48,10395.77,Low,,262989.0,23.24,17.13,36.95,21:00,0.455,"48,0",96.6 mm,₺2.37,"124,387",  10.9  ,90%
Balıkesir,Marmara,Medium City,2023,3,Spring,16.39,59.27,1264958,393.52,11458.68,Low,5.0,397334.0,33.98,5.24,63.22,20:00,0.557,"52,8",29.7 mm,₺1.22,,  3.0  ,30%
Sivas,Central Anatolia,Medium City,2015,6,Summer,29.22,42.76,634149,678.91,7651.69,Low,2.0,190195.0,21.02,5.65,68.99,09:00,0.3103,"6,5",94.2 mm,₺2.01,"798,008",  5.9  ,51%
Trabzon,Black Sea,Medium City,2022,7,Summer,29.47,52.9,811874,893.21,7659.07,Low,2.0,298291.0,41.93,,11.98,18:00,0.4144,"75,9",231.3 mm,₺0.55,"350,294",  10.9  ,48%
Mardin,Southeastern Anatolia,Small City,2016,4,Spring,22.4,50.63,833645,183.3,9514.82,Low,3.0,307529.0,19.77,10.02,41.49,09:00,0.2922,"51,2",238.9 mm,₺0.53,"270,039",  6.3  ,66%
Afyonkarahisar,Aegean,Small City,2020,1,Winter,2.49,80.98,734000,218.0,10352.28,Low,2.0,267229.0,37.31,14.78,28.67,08:00,0.4475,"38,4",139.9 mm,₺1.26,"457,488",  9.8  ,57%
Denizli,Aegean,Medium City,2021,12,Winter,,71.0,1062840,264.16,13081.92,Medium,3.0,328461.0,32.98,16.03,29.73,18:00,0.805,"26,4",102.4 mm,₺0.88,"631,260",  3.6  ,53%
Eskisehir,Central Anatolia,Medium City,2019,12,Winter,-2.16,78.48,882456,549.97,13978.46,Medium,4.0,262511.0,9.38,19.49,52.12,18:00,0.537,,136.4 mm,₺0.51,"601,895",  3.0  ,76%
Hatay,Mediterranean,Large City,2021,11,Autumn,22.58,42.16,1609856,662.19,10751.76,Low,6.0,528637.0,10.77,9.56,45.04,10:00,0.64,"58,2",142.7 mm,₺2.32,"757,151",  11.0  ,
Konya,Central Anatolia,Large City,2016,3,Spring,16.13,71.9,2320259,1439.22,12274.77,Medium,6.0,792620.0,35.56,15.6,67.52,21:00,0.9509,"59,8",148.3 mm,₺1.04,"21,005",  6.9  ,86%
Kayseri,Central Anatolia,Large City,2016,7,Summer,27.83,84.38,1441523,307.24,12838.06,Medium,5.0,422306.0,13.19,14.28,10.14,18:00,0.9364,"16,1",98.8 mm,₺0.54,"10,551",  9.8  ,58%
Sivas,Central Anatolia,Medium City,2020,10,Autumn,15.7,66.28,634149,130.33,8623.82,Low,3.0,233397.0,5.35,7.37,25.59,20:00,0.2623,"69,1",231.9 mm,₺2.37,"138,242",  11.0  ,66%
Sivas,Central Anatolia,Medium City,2015,1,Winter,-3.07,43.61,634149,821.88,8703.07,Low,2.0,223955.0,30.74,12.9,15.31,08:00,0.3785,"74,1",273.0 mm,₺0.84,"472,845",  10.4  ,60%
Gaziantep,Southeastern Anatolia,Large City,2021,1,Winter,7.87,66.4,2101263,1719.98,18596.69,High,7.0,685893.0,,19.79,48.83,19:00,1.7059,"54,9",141.5 mm,₺1.18,,  7.1  ,58%
Van,Eastern Anatolia,Medium City,2016,12,Winter,-4.05,43.31,1126384,349.42,8855.63,Low,2.0,333818.0,7.82,,31.92,18:00,0.6085,"40,0",275.6 mm,₺2.1,"715,974",  3.2  ,57%
Sivas,Central Anatolia,Medium City,2015,3,Spring,14.19,77.76,634149,134.68,9378.52,Low,2.0,180129.0,32.96,8.79,36.19,10:00,0.2289,"69,0",211.9 mm,₺2.5,"281,690",  2.6  ,81%
Antalya,Mediterranean,Large City,2022,7,Summer,37.03,69.46,2619832,571.56,8403.13,Low,7.0,955531.0,38.42,13.67,63.73,20:00,1.3459,"34,1",297.8 mm,₺2.37,"75,260",  4.7  ,64%
Sivas,Central Anatolia,Medium City,2016,11,Autumn,9.95,68.63,634149,206.33,11781.14,Low,3.0,230817.0,9.73,11.15,34.95,09:00,0.2212,"38,7",274.5 mm,₺2.35,"618,249",,99%
Antalya,Mediterranean,Large City,2018,12,Winter,8.72,50.39,2619832,681.32,8478.23,Low,6.0,889069.0,17.94,17.85,43.67,09:00,1.6994,"17,4",71.1 mm,₺0.95,"19,650",,45%
Eskisehir,Central Anatolia,Medium City,2022,8,Summer,21.52,84.89,882456,1220.02,13445.74,Medium,4.0,268531.0,30.32,5.8,61.71,10:00,0.6233,,108.8 mm,₺1.21,"416,978",  7.2  ,47%
Izmir,Aegean,Megacity,2016,10,Autumn,20.05,62.68,4394694,1397.55,15039.52,High,11.0,1258751.0,43.47,13.21,51.78,18:00,2.6942,"29,6",123.3 mm,₺1.98,"328,158",,78%
Kocaeli,Marmara,Large City,2017,7,Summer,33.17,79.99,2031963,541.0,18472.87,High,7.0,625341.0,31.83,9.04,,09:00,1.8205,"60,4",40.2 mm,₺2.08,"18,712",  3.2  ,74%
Eskisehir,Central Anatolia,Medium City,2021,5,Spring,15.6,68.62,882456,255.58,10511.13,Medium,3.0,311373.0,23.42,,60.47,21:00,0.4332,"76,7",133.4 mm,₺1.51,"708,421",  4.1  ,50%
Konya,Central Anatolia,Large City,2021,11,Autumn,7.19,52.75,2320259,957.31,13495.44,Medium,6.0,717307.0,15.13,19.81,60.1,21:00,0.9491,"49,4",249.1 mm,₺0.88,"322,427",  12.0  ,56%
Konya,Central Anatolia,Large City,2023,8,Summer,30.92,82.39,2320259,844.86,14742.86,Medium,7.0,732969.0,31.36,5.09,43.35,,1.6754,"71,0",161.8 mm,₺2.34,"844,101",  2.1  ,94%
Kayseri,Central Anatolia,Large City,2022,5,Spring,14.21,53.6,1441523,374.96,14575.25,Medium,5.0,488824.0,19.73,6.04,17.57,21:00,0.7214,"16,9",29.2 mm,₺1.82,"680,716",  11.5  ,67%
Kocaeli,Marmara,Large City,2017,8,Summer,32.49,73.37,2031963,645.4,19591.88,High,6.0,677990.0,23.82,8.17,72.27,10:00,1.568,"39,1",286.4 mm,₺0.8,"682,214",  9.8  ,84%
Kahramanmaras,Mediterranean,Medium City,2019,8,Summer,37.83,79.79,1178234,353.49,9335.7,Low,3.0,352064.0,17.19,6.55,69.68,18:00,0.547,"5,9",227.0 mm,₺1.16,"843,327",  7.7  ,68%
Afyonkarahisar,Aegean,Small City,2015,8,Summer,,51.21,734000,181.83,7821.88,Low,3.0,264589.0,13.83,10.25,52.05,10:00,0.3411,"17,3",223.2 mm,₺2.43,"273,148",  5.9  ,69%
Antalya,Mediterranean,Large City,2020,1,Winter,5.5,74.44,2619832,800.37,11607.16,Low,8.0,,18.41,6.0,24.28,19:00,1.6033,"30,0",75.0 mm,₺1.52,"192,041",  3.0  ,34%
Gaziantep,Southeastern Anatolia,Large City,2021,4,Spring,21.79,68.52,2101263,621.6,20645.43,High,8.0,728559.0,44.61,6.36,28.42,09:00,1.3586,"11,2",53.8 mm,,"290,913",  6.2  ,30%
Konya,Central Anatolia,Large City,2017,8,Summer,27.1,82.03,2320259,635.02,13936.22,Medium,7.0,770686.0,29.31,17.23,48.97,21:00,1.5897,"17,9",252.6 mm,,"310,379",  3.6  ,60%
Bursa,Marmara,Large City,2017,2,Winter,3.13,60.45,3056120,806.41,16775.72,High,10.0,1110972.0,19.35,,43.37,,2.6058,"37,9",296.6 mm,₺0.84,"565,528",  2.8  ,74%
Ankara,Central Anatolia,Megacity,2017,12,Winter,-2.12,66.2,5639076,1258.76,18583.95,High,16.0,1822873.0,30.26,8.63,26.6,09:00,5.3586,"7,7",140.6 mm,₺0.79,"524,799",  7.1  ,74%
Izmir,Aegean,Megacity,2018,3,Spring,20.02,41.83,4394694,4711.32,17150.55,High,13.0,1586265.0,13.81,15.67,32.66,18:00,2.4867,"10,2",62.0 mm,,"450,558",  3.1  ,69%
Samsun,Black Sea,Large City,2020,10,Autumn,15.3,49.57,1361505,450.08,10793.65,Low,3.0,462340.0,26.4,16.96,30.45,21:00,0.6285,"57,6",135.4 mm,₺0.59,"684,864",  5.5  ,77%
Balıkesir,Marmara,Medium City,2020,1,Winter,,82.76,1264958,875.63,12091.44,Low,3.0,358364.0,5.77,11.48,72.01,18:00,0.7908,"50,5",254.8 mm,₺1.46,"150,011",  5.9  ,
Antalya,Mediterranean,Large City,2019,4,Spring,22.18,80.93,2619832,904.76,10204.73,Low,8.0,984471.0,7.88,18.64,15.05,09:00,0.9487,"45,0",215.0 mm,₺2.13,"886,036",  3.8  ,55%
Istanbul,Marmara,Megacity,2015,6,Summer,29.37,61.3,15840900,3173.23,17415.24,High,41.0,4863979.0,,5.17,15.99,19:00,27.6206,"22,5",94.0 mm,₺0.8,"829,201",  5.3  ,39%
Ankara,Central Anatolia,Megacity,2023,5,Spring,13.58,55.45,5639076,1289.85,18801.95,High,17.0,1632776.0,26.87,9.93,45.34,20:00,3.53,"41,4",147.6 mm,₺1.7,"653,933",  10.1  ,62%
Mugla,Aegean,Medium City,2015,10,Autumn,23.0,73.51,1012321,206.23,8013.91,Low,3.0,306374.0,19.84,6.45,68.35,09:00,0.405,"55,1",247.8 mm,₺2.17,"802,353",  2.7  ,77%
Van,Eastern Anatolia,Medium City,2020,8,Summer,25.58,80.21,1126384,340.89,9738.27,Low,2.0,316690.0,25.77,,29.47,21:00,0.6375,"29,8",263.2 mm,₺0.64,"616,933",  11.8  ,99%
Antalya,Mediterranean,Large City,2020,1,Winter,9.25,74.6,2619832,526.64,8310.63,Low,8.0,747302.0,9.61,6.62,30.87,18:00,1.5763,,114.1 mm,₺1.95,"767,111",  4.0  ,57%
Kahramanmaras,Mediterranean,Medium City,2022,2,Winter,,52.18,1178234,885.27,8730.06,Low,2.0,336883.0,8.15,7.58,16.85,08:00,0.7632,"53,0",15.9 mm,₺0.97,,  6.6  ,70%
Afyonkarahisar,Aegean,Small City,2021,8,Summer,35.53,66.83,734000,1345.33,9767.89,Low,1.0,232084.0,31.74,15.18,48.59,08:00,0.4055,"58,7",75.6 mm,₺0.7,"625,955",  8.2  ,66%
Diyarbakir,Southeastern Anatolia,Large City,2020,4,Spring,24.05,58.0,1801268,368.42,8043.63,Low,4.0,546619.0,16.55,16.79,38.31,08:00,0.6705,"18,0",78.3 mm,₺1.21,"62,408",  4.8  ,
Bursa,Marmara,Large City,2016,6,Summer,32.99,69.11,3056120,863.76,18528.03,High,9.0,938653.0,41.03,5.47,57.53,21:00,2.6251,"70,3",175.1 mm,₺2.37,"304,160",  9.0  ,50%
Denizli,Aegean,Medium City,2021,9,Autumn,15.87,,1062840,716.65,16012.76,Medium,2.0,327332.0,29.76,9.63,32.2,21:00,0.5463,,103.8 mm,₺1.75,,  10.1  ,55%
Istanbul,Marmara,Megacity,2016,2,Winter,2.62,49.95,15840900,9240.68,18968.82,High,40.0,5296318.0,17.06,17.9,19.17,10:00,11.8786,"49,1",49.5 mm,₺2.12,"215,987",  6.9  ,48%
Eskisehir,Central Anatolia,Medium City,2021,9,Autumn,9.3,70.29,882456,367.46,14282.94,Medium,4.0,273490.0,12.12,16.87,18.77,20:00,0.4988,"42,2",209.9 mm,₺1.4,"331,285",  3.4  ,
Bursa,Marmara,Large City,2020,1,Winter,0.39,60.93,3056120,1134.59,18953.4,High,8.0,935198.0,9.16,9.18,70.75,,2.8662,"26,9",296.0 mm,₺1.52,"707,642",  2.8  ,90%
Antalya,Mediterranean,Large City,2015,3,Spring,,47.92,2619832,709.92,7892.37,Low,,823419.0,35.22,11.02,43.09,09:00,0.9316,"18,4",201.9 mm,₺1.44,"73,825",  4.7  ,35%
Izmir,Aegean,Megacity,2016,11,Autumn,19.56,57.04,4394694,1012.15,17821.68,High,11.0,1335393.0,,13.29,51.3,,2.0932,"62,7",99.0 mm,₺0.77,"819,643",  11.7  ,51%
Mersin,Mediterranean,Large City,2022,7,Summer,36.63,59.49,1936586,989.59,13189.64,Medium,6.0,542817.0,39.33,,,21:00,1.2596,"54,9",263.9 mm,,"588,146",  8.6  ,51%
Tekirdag,Marmara,Medium City,2021,8,Summer,34.35,71.32,1085000,383.69,14202.27,Medium,4.0,355067.0,12.73,12.07,34.58,10:00,0.7861,"8,0",216.2 mm,₺1.36,"502,904",  11.7  ,86%
Izmir,Aegean,Megacity,2020,4,Spring,22.25,49.9,4394694,2238.65,18775.43,High,,1589042.0,16.74,5.5,39.27,18:00,2.8883,"36,8",273.5 mm,₺1.48,"30,511",  3.5  ,49%
Gaziantep,Southeastern Anatolia,Large City,2023,3,Spring,23.35,,2101263,459.5,16102.21,High,6.0,778455.0,12.24,13.29,61.27,18:00,1.3612,"10,9",100.0 mm,,"484,639",  9.7  ,99%
Diyarbakir,Southeastern Anatolia,Large City,2023,11,Autumn,22.79,77.28,1801268,420.8,10425.42,Low,5.0,638591.0,38.55,10.59,37.79,19:00,0.8145,"15,5",69.9 mm,₺1.21,"442,912",  8.0  ,30%
Denizli,Aegean,Medium City,2022,3,Spring,23.63,48.02,1062840,256.87,11217.78,Medium,3.0,357084.0,7.62,15.94,33.34,,0.5264,"14,5",81.8 mm,₺2.39,"357,784",  4.8  ,98%
Istanbul,Marmara,Megacity,2020,12,Winter,2.3,50.65,15840900,8313.5,16731.46,High,40.0,4910876.0,41.48,13.02,60.45,21:00,14.9633,"40,1",56.9 mm,₺2.04,,  7.7  ,65%
Ankara,Central Anatolia,Megacity,2015,10,Autumn,9.53,67.6,5639076,1511.95,20781.65,High,17.0,1747585.0,30.11,19.03,33.35,10:00,2.9127,"22,3",296.0 mm,₺2.13,"171,470",  5.7  ,45%
Afyonkarahisar,Aegean,Small City,2023,2,Winter,6.34,55.7,734000,483.21,10119.04,Low,2.0,230050.0,37.94,7.31,43.67,19:00,0.5232,"76,8",92.4 mm,₺1.13,"556,928",  8.0  ,96%
Sivas,Central Anatolia,Medium City,2021,5,Spring,16.01,60.34,634149,166.14,7197.4,Low,2.0,210077.0,21.41,15.65,70.5,18:00,0.2737,"36,7",163.7 mm,₺2.44,"696,251",  2.2  ,81%
Mugla,Aegean,Medium City,2015,7,Summer,35.82,50.52,1012321,229.22,9388.8,Low,2.0,302268.0,24.85,17.96,49.28,19:00,0.5072,"71,8",195.1 mm,₺1.17,"185,550",  6.6  ,38%
Malatya,Eastern Anatolia,Medium City,2020,5,Spring,13.52,,781118,345.4,7926.73,Low,3.0,222201.0,25.88,10.7,31.78,,0.3082,,242.6 mm,₺1.68,"122,856",  7.1  ,45%
Kahramanmaras,Mediterranean,Medium City,2015,10,Autumn,24.58,78.23,1178234,609.12,8891.75,Low,2.0,430082.0,21.84,16.86,39.87,10:00,0.4681,"13,8",65.0 mm,₺1.49,"676,512",  9.0  ,44%
Balıkesir,Marmara,Medium City,2019,11,Autumn,14.18,65.08,1264958,299.79,6817.66,Low,3.0,480660.0,34.85,19.85,44.68,20:00,0.4985,"79,2",,₺1.88,"329,963",  11.1  ,88%
Van,Eastern Anatolia,Medium City,2020,6,Summer,20.81,62.3,1126384,775.82,8935.97,Low,2.0,399855.0,25.97,10.24,68.81,19:00,0.5453,"74,7",157.8 mm,₺2.19,"416,360",  7.0  ,77%
Denizli,Aegean,Medium City,2016,5,Spring,19.73,50.88,1062840,291.02,11572.78,Medium,,353582.0,5.72,10.2,,08:00,0.4043,"19,5",38.1 mm,₺1.53,"717,769",  4.7  ,86%
Malatya,Eastern Anatolia,Medium City,2019,1,Winter,-8.0,62.8,781118,163.53,10314.62,Low,1.0,294267.0,36.66,18.24,38.54,19:00,0.475,"21,2",29.4 mm,₺0.73,"113,809",  10.5  ,45%
Denizli,Aegean,Medium City,2021,7,Summer,32.86,56.21,1062840,604.34,11665.38,Medium,2.0,351770.0,18.85,8.59,63.64,19:00,0.7399,"7,8",204.0 mm,₺1.32,"403,421",  4.5  ,62%
Bursa,Marmara,Large City,2017,2,Winter,0.84,84.57,3056120,791.97,18345.81,High,10.0,964438.0,23.86,10.31,64.75,09:00,2.3935,"15,0",,₺1.04,"185,333",  2.4  ,37%
Samsun,Black Sea,Large City,2021,12,Winter,0.37,82.0,1361505,303.41,9453.77,Low,4.0,485097.0,6.28,14.66,59.37,10:00,0.8435,"65,2",188.3 mm,₺2.18,"529,763",  2.7  ,
Sivas,Central Anatolia,Medium City,2023,4,Spring,14.86,63.05,634149,319.68,10998.49,Low,3.0,225613.0,21.51,17.41,54.1,10:00,0.2648,"21,0",30.9 mm,₺0.93,"512,790",  11.5  ,62%
Kayseri,Central Anatolia,Large City,2019,3,Spring,13.18,69.44,1441523,704.3,13883.63,Medium,3.0,450941.0,23.78,9.05,65.04,19:00,0.6512,"67,5",25.8 mm,₺0.88,"380,399",  9.0  ,70%
Malatya,Eastern Anatolia,Medium City,2021,1,Winter,-10.1,44.87,781118,454.31,8057.78,Low,2.0,285416.0,43.4,17.31,21.19,09:00,0.521,"11,5",258.8 mm,₺1.62,"523,634",,33%
Samsun,Black Sea,Large City,2020,6,Summer,28.71,43.79,1361505,407.32,7997.35,Low,4.0,480310.0,33.28,16.17,36.62,18:00,1.0172,"31,7",209.3 mm,₺0.7,"877,201",  5.5  ,35%
Antalya,Mediterranean,Large City,2019,3,Spring,25.38,47.76,2619832,1673.93,8895.51,Low,7.0,925213.0,23.55,16.96,21.34,,0.8793,"65,4",82.1 mm,₺1.93,"714,858",  6.0  ,89%
Van,Eastern Anatolia,Medium City,2018,6,Summer,22.23,52.24,1126384,521.08,8248.98,Low,4.0,350338.0,34.56,6.23,32.32,20:00,0.6518,"51,6",278.7 mm,₺0.59,"342,999",  8.2  ,88%
Afyonkarahisar,Aegean,Small City,2019,2,Winter,5.21,84.97,734000,399.33,8198.39,Low,2.0,208011.0,27.72,18.73,55.33,20:00,0.4267,"39,5",,₺0.67,"127,277",  8.0  ,41%
Hatay,Mediterranean,Large City,2023,10,Autumn,20.42,60.75,1609856,1282.24,7631.76,Low,4.0,545706.0,5.24,5.03,28.95,10:00,0.6678,"79,4",105.9 mm,₺0.8,"44,243",  9.4  ,83%
Bursa,Marmara,Large City,2022,8,Summer,28.55,82.2,3056120,707.07,18887.24,High,8.0,1055624.0,24.68,6.11,21.84,19:00,2.7133,"22,2",57.7 mm,,"507,031",  3.5  ,61%
Sakarya,Marmara,Medium City,2015,8,Summer,31.4,,1003000,1399.2,13132.99,Medium,4.0,359256.0,16.92,6.58,51.87,09:00,0.6113,"33,4",136.5 mm,₺0.57,"573,027",  4.2  ,62%
Manisa,Aegean,Medium City,2021,9,Autumn,18.73,53.37,1452881,651.67,11493.79,Medium,4.0,550310.0,6.68,5.27,37.81,10:00,1.7411,"40,5",131.4 mm,₺1.16,"690,768",  7.6  ,71%
Erzurum,Eastern Anatolia,Medium City,2022,8,Summer,26.39,54.26,762321,152.54,9854.85,Low,2.0,245334.0,44.26,15.67,55.43,20:00,0.4646,"23,8",66.8 mm,₺0.57,"885,346",  8.8  ,87%
Izmir,Aegean,Megacity,2020,12,Winter,4.52,44.93,4394694,2540.31,20084.69,High,11.0,1498379.0,6.43,12.7,22.43,10:00,4.5271,"21,9",81.7 mm,₺1.87,"758,703",  6.3  ,
Mardin,Southeastern Anatolia,Small City,2017,3,Spring,24.64,57.51,833645,279.65,10184.74,Low,3.0,248194.0,20.47,,29.0,20:00,0.2934,"34,7",155.6 mm,₺2.19,"43,009",,
Gaziantep,Southeastern Anatolia,Large City,2022,12,Winter,5.29,79.35,2101263,1233.23,18622.24,High,7.0,628064.0,37.84,11.43,,21:00,1.6946,"14,5",,₺1.79,"53,857",,39%
Tekirdag,Marmara,Medium City,2018,4,Spring,20.12,77.87,1085000,394.75,12370.01,Medium,3.0,404193.0,18.04,8.31,66.42,18:00,0.4852,"43,1",118.7 mm,₺1.26,"457,723",  11.1  ,96%
Samsun,Black Sea,Large City,2019,4,Spring,17.87,76.6,1361505,1002.48,7446.6,Low,4.0,448261.0,27.66,16.7,71.85,09:00,0.5209,,230.0 mm,₺0.75,"785,096",  7.9  ,97%
Antalya,Mediterranean,Large City,2015,12,Winter,5.6,59.75,2619832,994.89,10983.63,Low,8.0,941542.0,5.26,12.16,50.95,,1.3439,"52,3",64.4 mm,₺2.35,"319,929",  8.4  ,78%
Afyonkarahisar,Aegean,Small City,2018,5,Spring,20.63,40.37,734000,197.75,8099.33,Low,2.0,233401.0,16.08,8.32,59.62,20:00,0.2884,"62,8",260.4 mm,₺1.93,"341,335",  7.5  ,73%
Hatay,Mediterranean,Large City,2023,2,Winter,,45.77,1609856,1757.0,9284.35,Low,6.0,519329.0,15.27,17.06,74.65,,0.9283,"19,2",177.5 mm,₺1.87,"90,382",  3.1  ,46%
Antalya,Mediterranean,Large City,2017,5,Spring,,64.92,2619832,859.57,,Low,7.0,,13.44,,50.78,19:00,1.0557,"48,5",268.4 mm,₺1.73,"87,720",  8.0  ,73%
Konya,Central Anatolia,Large City,2017,8,Summer,27.82,58.36,2320259,1970.02,14756.74,Medium,5.0,796413.0,43.6,11.8,45.05,18:00,1.5681,"78,0",109.3 mm,₺0.58,"599,659",  2.0  ,76%
Bursa,Marmara,Large City,2023,7,Summer,32.19,57.45,3056120,935.92,18717.75,High,,1160133.0,19.4,12.68,58.22,21:00,2.8875,"8,7",10.5 mm,₺2.45,"340,134",  9.1  ,
Manisa,Aegean,Medium City,2023,2,Winter,2.2,73.05,1452881,478.31,15109.81,Medium,3.0,460487.0,19.76,15.73,37.51,20:00,1.1002,"13,5",160.9 mm,₺1.22,"252,921",  4.8  ,44%
Trabzon,Black Sea,Medium City,2023,4,Spring,17.26,41.76,811874,779.42,10638.44,Low,4.0,267007.0,37.7,15.89,65.9,21:00,0.3628,"28,7",250.3 mm,₺2.01,"614,687",  5.1  ,
Istanbul,Marmara,Megacity,2016,10,Autumn,14.78,58.0,15840900,3981.42,,High,40.0,5451357.0,13.66,11.34,22.36,09:00,9.5838,"9,8",40.7 mm,₺1.43,"451,989",  10.7  ,34%
Sivas,Central Anatolia,Medium City,2017,10,Autumn,,66.79,634149,146.13,8157.33,Low,1.0,229411.0,23.72,11.16,68.18,08:00,0.2337,"38,9",194.7 mm,₺1.1,"271,189",  11.9  ,37%
Mardin,Southeastern Anatolia,Small City,2016,11,Autumn,18.97,56.85,833645,446.69,6436.11,Low,3.0,251547.0,11.65,11.82,68.4,18:00,0.3349,"31,0",179.1 mm,₺1.62,"639,518",  10.2  ,85%
Diyarbakir,Southeastern Anatolia,Large City,2016,1,Winter,3.95,74.4,1801268,1042.04,10715.9,Low,4.0,513045.0,40.82,16.41,34.16,21:00,1.0664,"31,5",29.6 mm,₺2.24,"349,342",  4.8  ,52%
Hatay,Mediterranean,Large City,2022,5,Spring,25.48,44.97,1609856,343.5,8432.36,Low,5.0,543297.0,34.66,6.55,49.49,20:00,0.6828,"22,2",102.2 mm,₺0.82,"417,128",  10.7  ,43%
Bursa,Marmara,Large City,2023,4,Spring,14.95,43.07,3056120,5251.4,,High,8.0,935414.0,35.65,13.63,69.3,21:00,2.1079,"40,7",49.8 mm,,"773,688",  2.4  ,62%
Istanbul,Marmara,Megacity,2020,4,Spring,23.05,77.94,15840900,4457.88,15905.14,High,40.0,5605742.0,38.49,6.4,72.39,08:00,9.8861,"26,7",251.0 mm,₺2.35,"18,081",  2.9  ,35%
Istanbul,Marmara,Megacity,2021,11,Autumn,14.37,80.32,15840900,7110.65,16185.48,High,42.0,5611497.0,13.1,6.15,15.01,09:00,9.9409,"56,9",141.4 mm,₺1.55,"716,117",  9.6  ,39%
Kocaeli,Marmara,Large City,2021,3,Spring,16.9,62.16,2031963,419.21,20510.05,High,8.0,652426.0,29.15,9.48,24.15,21:00,1.171,,276.7 mm,₺2.13,"134,499",  9.7  ,87%
Manisa,Aegean,Medium City,2019,4,Spring,21.58,63.28,1452881,446.86,14150.77,Medium,5.0,471574.0,12.99,15.82,74.9,10:00,0.6511,"22,2",182.0 mm,₺1.7,"767,325",  8.7  ,65%
Antalya,Mediterranean,Large City,2016,2,Winter,6.17,54.17,2619832,637.52,7220.11,Low,6.0,897978.0,34.42,7.53,54.08,18:00,1.2651,"74,0",195.0 mm,₺1.81,"783,763",  11.8  ,87%
Konya,Central Anatolia,Large City,2016,7,Summer,31.61,40.74,2320259,545.84,14777.76,Medium,6.0,823393.0,22.76,16.7,47.59,08:00,1.3355,"70,6",50.1 mm,₺2.38,,  3.9  ,56%
Diyarbakir,Southeastern Anatolia,Large City,2016,3,Spring,23.6,82.18,1801268,374.48,9849.42,Low,,589700.0,24.36,16.21,13.76,19:00,0.6625,"58,1",196.6 mm,₺1.62,"519,919",  8.5  ,33%
Mersin,Mediterranean,Large City,2018,9,Autumn,20.68,52.51,1936586,472.13,12283.19,Medium,6.0,644378.0,16.03,8.32,21.04,19:00,1.1375,"51,8",71.1 mm,₺1.27,"837,188",  10.3  ,88%
Gaziantep,Southeastern Anatolia,Large City,2019,3,Spring,20.28,62.64,2101263,3025.56,15792.5,High,6.0,784146.0,29.58,5.42,43.99,18:00,1.1668,"24,7",248.3 mm,₺1.5,"308,357",  9.0  ,38%
Hatay,Mediterranean,Large City,2021,6,Summer,39.35,84.61,1609856,370.4,8836.03,Low,5.0,547625.0,16.58,13.36,72.93,19:00,0.9474,"49,4",,₺2.27,"855,949",  11.6  ,71%
Ankara,Central Anatolia,Megacity,2023,10,Autumn,13.55,50.48,5639076,9818.15,17328.96,High,16.0,1800523.0,43.56,15.34,55.61,19:00,3.9827,"23,7",139.9 mm,₺0.58,"83,193",  9.7  ,69%
Ankara,Central Anatolia,Megacity,2022,8,Summer,28.71,54.68,5639076,2145.41,20774.79,High,17.0,1938626.0,18.56,12.7,45.29,18:00,4.7867,"25,6",272.1 mm,₺1.14,"789,303",  2.1  ,
Antalya,Mediterranean,Large City,2015,7,Summer,41.5,54.95,2619832,1536.17,7149.27,Low,7.0,,35.89,7.65,,10:00,1.2398,"52,4",165.2 mm,₺1.89,"746,872",  5.9  ,48%
Mardin,Southeastern Anatolia,Small City,2020,7,Summer,38.53,53.76,833645,244.57,8282.14,Low,4.0,299503.0,42.31,10.92,28.14,21:00,0.4682,"72,4",274.3 mm,₺0.87,"594,098",  6.1  ,33%
Samsun,Black Sea,Large City,2019,10,Autumn,14.26,78.59,1361505,2143.76,10533.53,Low,3.0,406011.0,40.03,16.98,46.75,21:00,0.5073,"36,7",183.5 mm,₺1.31,"397,136",  7.1  ,58%
Kayseri,Central Anatolia,Large City,2019,10,Autumn,14.23,57.24,1441523,522.14,13167.18,Medium,4.0,445006.0,24.65,13.62,53.09,19:00,0.8732,"71,5",56.1 mm,₺1.73,"710,145",  5.1  ,93%
Manisa,Aegean,Medium City,2018,7,Summer,35.6,69.55,1452881,1281.75,12547.73,Medium,4.0,551015.0,44.57,15.76,39.48,10:00,0.9899,"20,8",152.8 mm,₺0.85,"165,266",  5.9  ,68%
Sivas,Central Anatolia,Medium City,2016,7,Summer,25.4,46.42,634149,239.35,8673.7,Low,2.0,225820.0,24.2,11.41,,09:00,0.35,"40,1",178.5 mm,₺1.13,,  11.5  ,92%
Izmir,Aegean,Megacity,2023,12,Winter,,72.52,4394694,4520.58,18561.32,High,12.0,1536125.0,23.1,18.5,71.81,19:00,3.8479,,154.1 mm,₺1.03,"9,914",  2.9  ,87%
Istanbul,Marmara,Megacity,2016,12,Winter,5.78,,15840900,10031.03,18565.64,High,40.0,4603619.0,22.17,6.12,64.44,08:00,13.1114,"45,4",138.8 mm,₺2.4,"235,313",  2.7  ,58%
Van,Eastern Anatolia,Medium City,2015,9,Autumn,8.68,77.77,1126384,233.06,6744.99,Low,2.0,,16.23,14.37,64.01,08:00,0.368,"58,7",253.3 mm,₺1.53,"138,747",  2.3  ,85%
Balıkesir,Marmara,Medium City,2021,11,Autumn,17.59,,1264958,273.87,6360.1,Low,,364604.0,41.99,7.68,67.3,10:00,0.5044,"36,0",14.6 mm,,"815,622",  11.4  ,76%
Kayseri,Central Anatolia,Large City,2017,5,Spring,19.77,60.84,1441523,290.6,11503.3,Medium,5.0,464653.0,22.93,16.61,30.12,18:00,0.6726,"47,6",39.5 mm,₺2.05,"706,290",  7.0  ,38%
Manisa,Aegean,Medium City,2019,12,Winter,7.89,64.01,1452881,510.58,10263.9,Medium,5.0,515318.0,20.77,13.24,56.51,09:00,2.4869,"26,2",72.2 mm,₺1.51,,  3.0  ,
Izmir,Aegean,Megacity,2020,4,Spring,20.22,46.48,4394694,994.37,17511.06,High,11.0,1598323.0,44.63,16.35,47.18,10:00,2.7104,"52,4",175.8 mm,₺1.13,"646,789",  7.2  ,50%
Denizli,Aegean,Medium City,2021,6,Summer,36.61,45.99,1062840,628.78,14626.32,Medium,4.0,308605.0,25.22,16.6,68.68,10:00,0.7327,"44,9",11.1 mm,₺2.1,"843,511",  9.1  ,37%
Antalya,Mediterranean,Large City,2019,4,Spring,27.37,66.42,2619832,1257.37,7072.37,Low,7.0,853151.0,19.56,6.94,27.66,21:00,0.9931,"74,9",120.1 mm,₺1.32,"795,191",  10.8  ,81%
Denizli,Aegean,Medium City,2023,10,Autumn,18.88,60.4,1062840,475.61,14764.96,Medium,3.0,354756.0,43.86,12.63,25.98,09:00,0.5806,"38,5",76.1 mm,₺1.04,"334,564",  6.3  ,66%
Hatay,Mediterranean,Large City,2019,4,Spring,24.63,,1609856,497.8,9619.36,Low,4.0,463518.0,23.83,16.49,72.09,10:00,0.6408,"35,5",289.9 mm,₺0.51,"221,287",  8.8  ,33%
Mardin,Southeastern Anatolia,Small City,2021,7,Summer,31.84,75.21,833645,665.77,11781.65,Low,4.0,289969.0,16.12,8.89,49.11,19:00,0.4096,"47,5",,₺0.77,"526,359",  4.5  ,88%
Izmir,Aegean,Megacity,2019,11,Autumn,15.85,48.08,4394694,1789.33,18005.96,High,11.0,1380031.0,8.32,14.3,65.64,18:00,2.8336,"64,2",185.9 mm,₺0.91,,  3.7  ,75%
Mardin,Southeastern Anatolia,Small City,2020,7,Summer,39.96,74.98,833645,967.65,6914.73,Low,2.0,,26.72,6.33,18.24,18:00,0.4363,"54,0",66.4 mm,₺1.29,"571,694",  5.9  ,76%
Antalya,Mediterranean,Large City,2023,6,Summer,40.53,65.85,2619832,1412.93,10655.69,Low,6.0,792936.0,24.67,5.29,56.13,19:00,1.405,"12,8",212.4 mm,₺1.66,"9,531",  4.1  ,99%
Kahramanmaras,Mediterranean,Medium City,2022,6,Summer,37.42,68.95,1178234,324.56,7587.62,Low,3.0,376036.0,40.45,13.9,36.82,08:00,0.7343,"51,4",51.3 mm,₺1.23,"623,487",  11.2  ,67%
Mardin,Southeastern Anatolia,Small City,2015,4,Spring,23.26,45.19,833645,195.45,10129.27,Low,2.0,285464.0,38.9,8.16,14.72,18:00,0.2921,"42,2",25.3 mm,₺2.45,,  2.4  ,
Bursa,Marmara,Large City,2023,6,Summer,29.69,41.69,3056120,2867.77,17926.55,High,10.0,984532.0,20.45,9.01,16.14,18:00,2.9706,"68,7",39.8 mm,₺1.55,"624,368",  10.6  ,52%
Balıkesir,Marmara,Medium City,2023,11,Autumn,11.34,54.25,1264958,375.59,,Low,4.0,428263.0,21.32,9.86,29.6,19:00,0.5677,"14,6",138.6 mm,₺1.82,"432,947",  11.1  ,89%
Tekirdag,Marmara,Medium City,2016,3,Spring,15.46,64.39,1085000,352.5,12333.49,Medium,3.0,343206.0,,14.09,26.19,19:00,0.4895,"54,3",,₺0.63,"481,356",  8.0  ,35%
Kocaeli,Marmara,Large City,2023,11,Autumn,14.7,,2031963,456.34,17086.77,High,8.0,721173.0,30.45,13.05,25.28,08:00,1.5981,"73,0",80.5 mm,₺2.04,"771,337",  10.1  ,47%
Malatya,Eastern Anatolia,Medium City,2015,5,Spring,10.7,55.73,781118,336.99,7765.32,Low,1.0,295302.0,32.35,13.18,24.78,21:00,0.2775,"73,9",160.9 mm,₺2.43,"112,818",  5.8  ,74%
Kayseri,Central Anatolia,Large City,2018,6,Summer,30.24,80.02,1441523,333.54,11702.02,Medium,3.0,,42.55,7.92,51.88,18:00,0.9852,"46,2",129.3 mm,₺1.56,"348,340",  11.7  ,64%
Kayseri,Central Anatolia,Large City,2020,12,Winter,-5.6,77.25,1441523,330.49,13895.86,Medium,3.0,503765.0,14.2,5.23,25.02,10:00,1.1634,"25,6",69.6 mm,₺1.93,"345,307",  5.8  ,84%
Balıkesir,Marmara,Medium City,2020,6,Summer,29.14,57.89,1264958,1102.13,9585.89,Low,5.0,423711.0,34.61,14.46,54.84,10:00,0.8323,"15,0",277.2 mm,₺2.1,"431,712",  3.4  ,58%
Canakkale,Marmara,Small City,2019,1,Winter,0.0,69.69,542000,528.46,10252.28,Low,3.0,166611.0,31.19,,30.46,18:00,0.2941,"77,6",127.2 mm,₺1.31,"290,129",  9.4  ,81%
Afyonkarahisar,Aegean,Small City,2017,10,Autumn,20.17,46.67,734000,260.74,6143.32,Low,2.0,275810.0,,17.77,46.77,19:00,0.2924,,30.8 mm,₺1.73,"777,990",  7.7  ,58%
Denizli,Aegean,Medium City,2019,5,Spring,19.09,84.3,1062840,332.13,15947.99,Medium,2.0,339310.0,5.46,6.09,41.2,21:00,0.5365,"9,3",175.3 mm,₺0.96,"688,560",,93%
Ankara,Central Anatolia,Megacity,2021,11,Autumn,10.39,57.88,5639076,3146.59,14805.03,High,17.0,1693846.0,36.02,19.47,44.02,10:00,3.7044,"22,2",80.6 mm,₺2.24,"494,887",  4.7  ,77%
Erzurum,Eastern Anatolia,Medium City,2018,7,Summer,24.29,69.58,762321,337.32,9826.53,Low,3.0,242864.0,15.08,,73.84,08:00,0.3803,"10,7",158.5 mm,₺0.53,"470,461",  10.9  ,31%
Balıkesir,Marmara,Medium City,2020,5,Spring,17.51,42.24,1264958,882.38,7346.86,Low,,443403.0,11.5,19.35,25.16,10:00,0.4887,"74,2",190.6 mm,,"837,407",  11.8  ,50%
Canakkale,Marmara,Small City,2017,1,Winter,0.55,57.68,542000,508.31,10582.62,Low,3.0,163222.0,23.96,18.91,46.05,,0.3094,"31,4",213.5 mm,₺2.03,,  7.0  ,99%
Sakarya,Marmara,Medium City,2015,2,Winter,-0.08,40.59,1003000,296.4,12004.67,Medium,3.0,284858.0,35.09,16.12,53.96,08:00,0.7389,"52,4",216.1 mm,₺1.43,"383,250",  10.9  ,89%
Hatay,Mediterranean,Large City,2020,3,Spring,23.17,73.24,1609856,1549.42,6257.75,Low,4.0,567453.0,9.71,9.95,,18:00,0.72,"24,5",98.6 mm,₺1.38,"806,459",  2.6  ,
Canakkale,Marmara,Small City,2015,1,Winter,1.58,69.18,542000,163.06,9779.26,Low,2.0,168926.0,17.75,14.67,17.19,21:00,0.2906,"17,6",,,"352,398",  6.1  ,30%
Antalya,Mediterranean,Large City,2017,4,Spring,28.2,50.69,2619832,1309.27,10047.29,Low,6.0,764747.0,36.59,18.82,20.6,18:00,1.0397,"41,3",233.1 mm,₺2.36,"584,615",  10.8  ,57%
Hatay,Mediterranean,Large City,2019,12,Winter,10.53,73.25,1609856,620.18,8893.84,Low,4.0,540912.0,22.35,8.41,67.27,08:00,0.8548,"27,2",102.9 mm,₺1.62,"776,627",  6.2  ,41%
Balıkesir,Marmara,Medium City,2016,9,Autumn,11.05,58.68,1264958,359.36,8775.44,Low,5.0,437922.0,41.82,15.86,38.68,20:00,0.4262,"42,9",143.3 mm,₺1.0,"517,548",  6.5  ,75%
Konya,Central Anatolia,Large City,2023,8,Summer,,84.18,2320259,645.9,11557.7,Medium,6.0,876283.0,13.8,13.93,39.2,,1.5948,"62,5",285.2 mm,₺1.15,"711,980",  6.2  ,49%
Kahramanmaras,Mediterranean,Medium City,2018,10,Autumn,20.3,67.35,1178234,411.28,9419.5,Low,3.0,422537.0,27.52,16.43,19.62,21:00,0.4584,"69,8",38.4 mm,₺0.82,"586,396",  9.3  ,74%
Trabzon,Black Sea,Medium City,2023,1,Winter,-0.28,72.7,811874,165.9,10981.82,Low,2.0,261866.0,23.11,16.67,20.0,08:00,0.4429,"11,2",107.6 mm,₺0.93,"294,005",  2.5  ,55%
Sivas,Central Anatolia,Medium City,2020,9,Autumn,14.27,47.09,634149,642.3,9599.2,Low,1.0,231299.0,5.24,13.89,33.2,08:00,0.2993,"13,3",95.5 mm,₺1.96,"383,626",  8.4  ,
Ankara,Central Anatolia,Megacity,2023,1,Winter,-4.54,67.9,5639076,1191.04,16581.8,High,17.0,1590652.0,18.03,5.46,35.71,20:00,5.1407,,298.0 mm,₺1.37,"457,369",  4.6  ,
Mugla,Aegean,Medium City,2020,3,Spring,23.41,77.82,1012321,385.53,7367.12,Low,4.0,334415.0,8.21,15.63,47.2,21:00,0.3791,"13,4",18.9 mm,₺2.1,"291,713",  10.7  ,83%
Eskisehir,Central Anatolia,Medium City,2018,10,Autumn,14.44,67.34,882456,466.38,13541.48,Medium,2.0,267665.0,26.1,14.83,66.19,21:00,0.3716,,154.4 mm,₺2.24,"513,669",  8.6  ,79%
Istanbul,Marmara,Megacity,2023,4,Spring,16.14,42.54,15840900,8749.31,17128.68,High,41.0,,12.34,9.56,38.08,20:00,9.5058,"51,4",205.7 mm,₺1.43,"679,506",  10.0  ,98%
Tekirdag,Marmara,Medium City,2021,5,Spring,20.91,57.93,1085000,320.28,14469.77,Medium,2.0,,14.62,6.43,42.8,08:00,0.5757,"19,9",266.7 mm,₺0.58,"130,750",  5.7  ,36%
Trabzon,Black Sea,Medium City,2019,12,Winter,,53.57,811874,717.05,8714.33,Low,2.0,273626.0,35.34,14.09,13.48,21:00,0.4263,"65,7",124.2 mm,₺1.24,"331,672",  9.3  ,84%
Mardin,Southeastern Anatolia,Small City,2016,11,Autumn,,58.53,833645,306.49,,Low,2.0,254297.0,16.77,19.04,20.9,10:00,0.3079,"70,7",158.5 mm,₺1.42,"401,240",  4.7  ,47%
Sakarya,Marmara,Medium City,2015,2,Winter,1.32,42.29,1003000,315.01,13531.71,Medium,3.0,351032.0,37.06,15.81,,18:00,0.7019,"10,6",292.2 mm,₺1.21,"565,603",  9.8  ,54%
Eskisehir,Central Anatolia,Medium City,2019,1,Winter,-2.02,73.64,882456,1305.29,13065.95,Medium,2.0,332355.0,9.97,19.07,73.3,08:00,0.5455,"39,8",138.3 mm,₺0.83,"197,324",  11.9  ,85%
Tekirdag,Marmara,Medium City,2017,10,Autumn,13.79,57.12,1085000,223.87,10989.22,Medium,2.0,410266.0,9.08,,11.45,10:00,0.5596,"58,7",217.7 mm,,"163,111",  8.5  ,86%
Canakkale,Marmara,Small City,2016,10,Autumn,,69.18,542000,280.43,9088.96,Low,3.0,191900.0,19.69,7.2,13.58,21:00,0.1986,"29,8",187.9 mm,₺1.3,"677,071",  12.0  ,66%
Balıkesir,Marmara,Medium City,2015,10,Autumn,14.89,46.45,1264958,773.68,6220.46,Low,3.0,401108.0,21.25,5.47,21.22,10:00,0.4741,"21,6",55.5 mm,₺0.98,"774,803",  8.6  ,48%
Malatya,Eastern Anatolia,Medium City,2016,4,Spring,6.8,61.54,781118,279.58,8321.36,Low,3.0,263108.0,25.3,10.13,13.48,08:00,0.2692,"59,6",182.0 mm,₺2.33,"716,026",  9.8  ,81%
Eskisehir,Central Anatolia,Medium City,2015,8,Summer,24.63,59.98,882456,194.77,14678.5,Medium,2.0,273191.0,24.97,10.05,14.36,09:00,0.4988,"37,4",49.9 mm,₺0.71,"394,162",  2.0  ,90%
Eskisehir,Central Anatolia,Medium City,2020,11,Autumn,14.33,58.98,882456,577.55,12460.08,Medium,3.0,260293.0,43.38,13.32,38.81,21:00,0.4573,"41,9",187.3 mm,₺2.04,"599,847",  4.0  ,74%
Eskisehir,Central Anatolia,Medium City,2018,4,Spring,16.11,72.91,882456,305.01,14978.98,Medium,2.0,284517.0,6.78,19.34,28.84,,0.4075,"76,7",64.9 mm,,"191,300",  6.5  ,
Bursa,Marmara,Large City,2017,10,Autumn,14.65,62.84,3056120,817.41,16026.11,High,8.0,1043556.0,5.67,12.44,,10:00,1.5974,"37,8",39.3 mm,₺1.82,"256,901",  9.4  ,39%
Adana,Mediterranean,Large City,2020,12,Winter,6.77,78.32,2237940,538.64,16146.94,High,7.0,745502.0,,15.08,16.43,20:00,2.237,"64,1",183.8 mm,₺2.23,,  9.3  ,69%
Malatya,Eastern Anatolia,Medium City,2023,12,Winter,-9.41,40.49,781118,292.67,10285.49,Low,1.0,287409.0,9.9,13.01,36.65,10:00,0.4952,"38,0",29.6 mm,₺0.77,"412,284",  9.3  ,48%
Kayseri,Central Anatolia,Large City,2020,9,Autumn,13.9,64.46,1441523,476.08,15070.05,Medium,4.0,,26.48,18.62,48.24,10:00,0.7347,"42,9",56.2 mm,₺1.74,"243,123",  3.6  ,89%
Malatya,Eastern Anatolia,Medium City,2018,8,Summer,18.51,83.56,781118,1127.53,8945.11,Low,1.0,236799.0,25.53,19.84,71.27,21:00,0.4258,"26,1",110.9 mm,₺2.03,"673,685",  9.8  ,96%
Denizli,Aegean,Medium City,2021,2,Winter,1.78,65.1,1062840,818.19,11954.04,Medium,2.0,399935.0,28.49,7.61,21.41,09:00,0.767,"66,2",189.3 mm,₺1.36,,  9.7  ,37%
Gaziantep,Southeastern Anatolia,Large City,2023,8,Summer,38.07,61.94,2101263,588.06,16035.04,High,8.0,730688.0,41.65,11.09,57.3,09:00,1.7996,"77,0",171.0 mm,₺2.26,"835,989",  5.2  ,40%
Bursa,Marmara,Large City,2020,10,Autumn,12.26,41.56,3056120,708.02,17038.91,High,8.0,1158184.0,,5.1,33.66,,1.575,"48,4",76.8 mm,₺1.83,"439,521",  4.0  ,88%
Sivas,Central Anatolia,Medium City,2015,10,Autumn,,76.46,634149,341.63,11448.06,Low,3.0,178727.0,37.5,6.93,54.83,21:00,0.2489,"28,3",243.8 mm,₺1.69,"526,368",  3.2  ,48%
Kocaeli,Marmara,Large City,2023,10,Autumn,,63.0,2031963,476.58,17531.31,High,,758627.0,40.16,16.32,24.31,21:00,1.4257,"53,3",83.8 mm,₺0.6,"765,598",  8.1  ,92%
Malatya,Eastern Anatolia,Medium City,2021,4,Spring,11.07,76.68,781118,306.25,10594.27,Low,1.0,222175.0,25.76,15.09,24.37,10:00,0.3458,"18,2",227.3 mm,₺2.02,"740,220",  6.8  ,32%
Kayseri,Central Anatolia,Large City,2021,4,Spring,11.38,62.42,1441523,598.2,11573.96,Medium,4.0,436419.0,23.47,5.32,40.92,10:00,0.7048,"29,0",83.4 mm,₺0.89,,  3.9  ,88%
Ankara,Central Anatolia,Megacity,2021,5,Spring,13.72,40.99,5639076,10332.1,16294.48,High,15.0,2015408.0,41.51,19.98,41.48,19:00,3.0409,"34,6",90.1 mm,₺0.93,"305,771",  4.9  ,93%
Tekirdag,Marmara,Medium City,2017,1,Winter,1.31,43.13,1085000,377.13,15402.85,Medium,4.0,374655.0,18.14,15.68,47.16,19:00,0.7994,"33,0",18.2 mm,₺2.23,,  9.9  ,32%
Sivas,Central Anatolia,Medium City,2023,9,Autumn,12.11,56.8,634149,862.67,9662.13,Low,1.0,208116.0,7.24,18.28,55.34,21:00,0.2375,"75,7",154.1 mm,₺1.99,"692,205",  7.0  ,57%
Mugla,Aegean,Medium City,2022,2,Winter,5.61,49.41,1012321,256.76,8634.28,Low,2.0,287165.0,36.67,7.56,22.06,09:00,0.6727,"69,3",243.2 mm,₺0.96,"499,759",  11.4  ,40%
Samsun,Black Sea,Large City,2018,6,Summer,31.05,62.39,1361505,291.67,,Low,3.0,383588.0,27.83,18.26,36.34,09:00,0.6876,"35,6",284.2 mm,₺2.28,"30,709",  3.0  ,33%
Diyarbakir,Southeastern Anatolia,Large City,2017,1,Winter,5.96,42.9,1801268,386.02,10409.22,Low,6.0,637233.0,37.71,12.13,11.25,10:00,0.8758,"76,3",20.3 mm,₺0.97,"233,948",  6.7  ,47%
Hatay,Mediterranean,Large City,2022,4,Spring,26.64,64.73,1609856,566.52,6741.17,Low,4.0,464152.0,32.29,12.96,28.54,18:00,0.6847,"37,1",242.6 mm,₺0.9,"392,024",  11.4  ,77%
Mersin,Mediterranean,Large City,2016,4,Spring,26.94,54.55,1936586,507.59,13249.25,Medium,5.0,591819.0,42.51,8.18,19.69,09:00,0.8087,"44,0",45.7 mm,,"771,977",  7.0  ,54%
Kocaeli,Marmara,Large City,2015,1,Winter,3.61,47.36,2031963,906.04,17823.04,High,6.0,736066.0,,16.54,73.2,19:00,1.5516,"34,1",51.6 mm,₺1.57,"36,079",  7.3  ,58%
Eskisehir,Central Anatolia,Medium City,2016,10,Autumn,10.81,43.45,882456,1110.47,11494.9,Medium,3.0,303968.0,44.41,10.27,18.93,08:00,0.3404,"74,9",91.7 mm,₺1.41,"710,420",  7.1  ,39%
Afyonkarahisar,Aegean,Small City,2017,4,Spring,,63.43,734000,165.38,8447.24,Low,1.0,212435.0,8.09,8.87,30.49,20:00,0.2922,"68,1",40.5 mm,₺0.51,"778,570",  8.4  ,42%
Canakkale,Marmara,Small City,2016,9,Autumn,18.0,84.72,542000,273.85,10043.53,Low,1.0,182312.0,41.33,17.22,44.26,10:00,0.2122,"8,4",120.6 mm,,"815,189",  2.3  ,45%
Mugla,Aegean,Medium City,2018,7,Summer,33.65,46.42,1012321,243.02,11368.53,Low,2.0,284108.0,26.62,18.64,,18:00,0.5502,"36,3",146.8 mm,₺1.05,"48,635",  4.3  ,48%
Van,Eastern Anatolia,Medium City,2020,4,Spring,11.04,73.79,1126384,669.45,7775.91,Low,4.0,365375.0,,18.09,25.53,18:00,0.4741,"77,1",144.3 mm,₺1.83,"630,994",  10.1  ,39%
Hatay,Mediterranean,Large City,2021,1,Winter,7.59,71.44,1609856,545.43,9310.74,Low,6.0,532212.0,41.7,13.2,24.45,20:00,1.0452,"71,9",276.7 mm,₺2.34,"237,203",  9.6  ,72%
Kahramanmaras,Mediterranean,Medium City,2019,6,Summer,38.02,71.19,1178234,1992.75,10880.5,Low,2.0,412178.0,38.21,19.34,23.51,21:00,0.6402,"29,7",171.9 mm,₺1.4,"268,181",  9.1  ,87%
Balıkesir,Marmara,Medium City,2021,3,Spring,,45.34,1264958,272.85,11696.71,Low,4.0,462959.0,30.72,9.01,31.4,10:00,0.4567,"36,2",27.5 mm,₺1.08,"605,964",  11.2  ,31%
Mugla,Aegean,Medium City,2019,8,Summer,37.08,42.37,1012321,248.73,8360.05,Low,2.0,362197.0,14.18,,23.04,10:00,0.4612,"48,0",229.3 mm,₺1.62,"780,387",  2.2  ,74%
Gaziantep,Southeastern Anatolia,Large City,2022,1,Winter,8.27,80.37,2101263,747.7,16065.6,High,8.0,671465.0,8.22,16.66,62.73,08:00,1.9681,"60,1",91.0 mm,₺1.84,"516,329",  2.6  ,66%
Balıkesir,Marmara,Medium City,2019,1,Winter,0.11,60.76,1264958,302.56,9614.23,Low,5.0,383588.0,19.91,5.61,67.79,20:00,0.8071,"31,1",151.8 mm,₺1.25,,  2.3  ,43%
Konya,Central Anatolia,Large City,2020,1,Winter,-4.53,82.37,2320259,1146.01,11519.63,Medium,5.0,737297.0,26.51,,32.92,19:00,1.6569,"78,8",246.6 mm,₺1.04,"471,494",  6.6  ,82%
Ankara,Central Anatolia,Megacity,2015,3,Spring,16.86,71.73,5639076,1690.76,18290.71,High,16.0,1645323.0,31.95,6.03,69.55,20:00,3.0435,"54,4",,₺0.58,"261,845",  11.7  ,41%
Mardin,Southeastern Anatolia,Small City,2023,12,Winter,5.96,78.69,833645,173.51,8185.1,Low,2.0,299640.0,27.09,8.03,33.33,09:00,0.5118,"18,8",141.1 mm,₺0.66,"280,817",  8.2  ,31%
Gaziantep,Southeastern Anatolia,Large City,2023,10,Autumn,20.76,57.18,2101263,1551.85,18402.2,High,8.0,652201.0,26.31,14.56,,09:00,1.2026,"45,3",78.4 mm,₺2.38,"118,358",  10.9  ,82%
Mugla,Aegean,Medium City,2018,3,Spring,18.97,,1012321,321.25,7990.45,Low,4.0,301163.0,18.45,19.69,58.95,21:00,0.4099,"21,3",242.3 mm,₺0.57,"899,673",  3.4  ,54%
Kahramanmaras,Mediterranean,Medium City,2020,5,Spring,23.73,45.91,1178234,1210.2,9478.6,Low,4.0,385310.0,20.24,11.6,60.01,21:00,0.3579,"28,7",115.2 mm,,"751,815",  10.1  ,99%
Diyarbakir,Southeastern Anatolia,Large City,2019,4,Spring,23.86,83.78,1801268,585.32,7924.94,Low,6.0,637077.0,24.76,18.04,42.57,09:00,0.6592,"74,9",284.6 mm,₺1.15,"632,979",  4.2  ,68%
Manisa,Aegean,Medium City,2016,11,Autumn,19.05,44.9,1452881,298.93,13243.32,Medium,,420986.0,,11.72,57.31,20:00,0.5946,"12,3",205.0 mm,₺1.97,"335,133",  8.9  ,58%
Izmir,Aegean,Megacity,2021,6,Summer,33.76,76.7,4394694,8077.81,18839.32,High,13.0,1520589.0,44.7,5.44,36.95,,3.4164,"24,7",126.1 mm,₺0.6,"560,196",  10.4  ,58%
Ankara,Central Anatolia,Megacity,2019,12,Winter,-1.04,52.65,5639076,1168.87,14569.04,High,16.0,,41.6,7.06,16.04,21:00,4.6858,"27,1",142.8 mm,₺1.84,"260,746",  10.2  ,93%
Bursa,Marmara,Large City,2018,7,Summer,32.91,46.37,3056120,910.78,16173.3,High,10.0,,33.01,9.4,18.43,09:00,2.1968,"57,1",196.2 mm,₺0.86,"92,438",  7.8  ,49%
Tekirdag,Marmara,Medium City,2016,6,Summer,33.25,69.21,1085000,220.2,12335.84,Medium,2.0,408737.0,29.72,12.34,71.75,20:00,0.7161,"78,8",251.4 mm,₺0.63,"360,932",  6.6  ,50%
Sakarya,Marmara,Medium City,2016,11,Autumn,10.85,63.77,1003000,1279.38,14436.11,Medium,2.0,364276.0,17.41,5.75,30.17,10:00,0.4208,"18,5",231.7 mm,₺2.46,"486,079",  6.4  ,37%
Samsun,Black Sea,Large City,2023,2,Winter,-1.41,44.8,1361505,1601.88,7431.13,Low,3.0,443807.0,33.2,13.97,14.94,18:00,0.7314,"23,9",252.9 mm,₺1.62,"755,650",  6.5  ,35%
Sakarya,Marmara,Medium City,2020,2,Winter,0.87,49.21,1003000,744.67,13139.4,Medium,4.0,368605.0,,16.58,49.92,10:00,0.7033,"71,1",164.0 mm,₺1.89,"876,856",  10.2  ,84%
Antalya,Mediterranean,Large City,2019,7,Summer,36.26,69.9,2619832,925.39,,Low,8.0,887232.0,5.34,5.3,39.6,20:00,1.4617,"78,3",96.3 mm,₺1.43,"664,945",  10.1  ,63%
Van,Eastern Anatolia,Medium City,2021,5,Spring,11.63,69.99,1126384,1821.73,9661.53,Low,4.0,328067.0,26.5,16.24,61.42,19:00,0.5304,"71,9",232.6 mm,₺1.09,"249,621",  2.1  ,37%
Kayseri,Central Anatolia,Large City,2015,4,Spring,16.55,69.68,1441523,834.93,12669.97,Medium,3.0,409230.0,9.15,17.19,52.83,21:00,0.6164,"68,6",113.9 mm,₺0.87,"875,728",  7.9  ,67%
Izmir,Aegean,Megacity,2019,4,Spring,22.3,45.45,4394694,1432.67,19063.44,High,13.0,1429670.0,17.87,7.31,66.8,09:00,2.5188,"78,2",129.3 mm,₺1.56,"340,433",  11.2  ,76%
Kayseri,Central Anatolia,Large City,2022,5,Spring,13.64,48.26,1441523,302.07,15151.52,Medium,3.0,517445.0,36.66,19.32,64.89,10:00,0.6684,"34,6",176.1 mm,₺1.14,"647,139",  5.7  ,99%
Mersin,Mediterranean,Large City,2017,9,Autumn,21.96,41.61,1936586,854.38,12078.18,Medium,,671380.0,,9.6,45.1,18:00,0.8899,"55,8",295.6 mm,₺1.79,"767,503",  3.7  ,96%
Balıkesir,Marmara,Medium City,2023,7,Summer,29.49,62.79,1264958,585.96,8536.51,Low,5.0,449503.0,43.78,5.58,44.13,10:00,0.7439,"77,1",104.0 mm,₺2.38,"255,200",  4.9  ,98%
Tekirdag,Marmara,Medium City,2019,12,Winter,1.78,44.19,1085000,538.25,11841.45,Medium,2.0,344924.0,37.92,8.15,73.27,08:00,0.7887,"40,4",,₺1.45,"262,171",  3.8  ,91%
Adana,Mediterranean,Large City,2017,11,Autumn,21.09,70.44,2237940,1016.57,19342.09,High,6.0,627832.0,42.76,16.49,10.09,10:00,1.3992,"10,0",265.5 mm,,"632,301",  3.6  ,98%
Canakkale,Marmara,Small City,2022,12,Winter,2.09,59.42,542000,647.69,9133.19,Low,3.0,161837.0,33.41,16.26,17.13,10:00,0.3327,"55,4",25.0 mm,₺1.07,"837,354",  4.9  ,91%
Kahramanmaras,Mediterranean,Medium City,2016,6,Summer,38.69,41.86,1178234,465.72,9608.71,Low,3.0,432862.0,9.08,14.02,,20:00,0.6757,"23,7",112.0 mm,₺2.08,"693,848",  10.7  ,47%
Eskisehir,Central Anatolia,Medium City,2015,2,Winter,-0.6,84.75,882456,1017.24,14310.49,Medium,2.0,269469.0,29.58,13.72,59.16,20:00,0.5491,"57,8",229.0 mm,₺2.04,"283,482",  8.1  ,
Van,Eastern Anatolia,Medium City,2018,5,Spring,11.0,51.89,1126384,1524.75,10549.56,Low,3.0,377015.0,14.86,8.22,54.13,20:00,0.4401,"16,6",263.8 mm,₺1.81,"543,025",  7.2  ,34%
Ankara,Central Anatolia,Megacity,2022,1,Winter,-0.39,78.56,5639076,2347.38,17286.86,High,15.0,2135929.0,18.54,5.18,49.78,08:00,5.651,"6,9",192.9 mm,₺0.88,"454,201",  8.7  ,65%
Kahramanmaras,Mediterranean,Medium City,2023,7,Summer,,41.38,1178234,504.52,7753.55,Low,2.0,413547.0,35.02,10.09,13.11,09:00,0.6294,"56,9",78.6 mm,₺0.52,"117,730",,
Konya,Central Anatolia,Large City,2020,4,Spring,13.99,84.64,2320259,578.21,12697.17,Medium,7.0,697087.0,41.12,6.92,36.52,20:00,1.129,"54,9",,₺0.74,"262,248",  10.6  ,74%
Sivas,Central Anatolia,Medium City,2015,12,Winter,-1.46,47.51,634149,276.53,8937.4,Low,1.0,193558.0,6.98,12.49,69.22,08:00,0.3166,"25,6",251.5 mm,₺1.08,"547,325",  9.1  ,58%
Gaziantep,Southeastern Anatolia,Large City,2016,11,Autumn,21.56,44.89,2101263,855.84,17961.4,High,7.0,,,16.67,17.18,21:00,1.2346,"54,0",59.2 mm,₺1.59,"490,400",  3.3  ,61%
Sakarya,Marmara,Medium City,2017,7,Summer,28.96,56.55,1003000,219.62,12877.31,Medium,4.0,362074.0,35.29,19.78,39.91,09:00,0.6604,"18,3",104.8 mm,₺1.96,"470,345",  4.9  ,56%
Afyonkarahisar,Aegean,Small City,2020,5,Spring,24.94,,734000,457.0,6673.81,Low,1.0,255050.0,7.99,19.83,58.97,18:00,0.2841,"18,9",221.0 mm,₺1.27,"401,096",  7.3  ,56%
Samsun,Black Sea,Large City,2019,10,Autumn,14.26,78.59,1361505,2143.76,10533.53,Low,3.0,406011.0,40.03,16.98,46.75,21:00,0.5073,"25,6",60.3 mm,,,  11.9  ,81%
Van,Eastern Anatolia,Medium City,2016,2,Winter,-6.91,,1126384,428.16,8908.39,Low,4.0,405239.0,20.97,14.38,32.74,09:00,0.6139,"74,4",294.2 mm,₺1.9,"303,049",  10.0  ,56%
Mardin,Southeastern Anatolia,Small City,2021,9,Autumn,18.18,51.2,833645,903.0,9334.55,Low,4.0,288078.0,39.6,17.11,19.19,19:00,0.3414,"69,0",245.9 mm,₺1.11,"457,200",  9.7  ,89%
Gaziantep,Southeastern Anatolia,Large City,2018,4,Spring,27.13,76.54,2101263,3156.18,17690.0,High,8.0,671163.0,12.49,15.21,61.71,20:00,1.3172,"19,3",114.6 mm,₺0.5,"524,193",  7.3  ,92%
Manisa,Aegean,Medium City,2015,3,Spring,23.94,44.06,1452881,1838.13,10449.74,Medium,5.0,515228.0,35.67,19.54,,20:00,0.5341,"65,4",179.2 mm,₺1.7,"243,354",  11.5  ,42%
Sivas,Central Anatolia,Medium City,2023,1,Winter,2.64,76.46,634149,246.74,9922.63,Low,3.0,181320.0,22.45,8.84,31.94,08:00,0.4308,"54,5",279.3 mm,₺0.69,"879,170",  7.6  ,37%
Samsun,Black Sea,Large City,2018,10,Autumn,16.0,62.43,1361505,272.57,8466.26,Low,5.0,430935.0,44.04,15.12,,19:00,0.5722,"32,4",297.5 mm,,"158,887",  8.7  ,51%
Canakkale,Marmara,Small City,2015,1,Winter,-0.61,81.59,542000,113.09,7503.07,Low,1.0,187734.0,16.57,10.54,17.69,21:00,0.2979,"12,9",113.7 mm,₺0.51,"126,600",  2.6  ,56%
Tekirdag,Marmara,Medium City,2023,4,Spring,20.24,75.37,1085000,386.2,12775.8,Medium,4.0,344184.0,8.75,14.16,71.73,08:00,0.6184,"17,7",227.3 mm,₺2.13,"862,097",  9.8  ,69%
Samsun,Black Sea,Large City,2023,2,Winter,-0.62,51.8,1361505,381.74,8451.48,Low,3.0,513410.0,36.13,14.13,34.28,09:00,0.8873,"79,2",210.2 mm,₺1.03,"83,003",  11.7  ,41%
Izmir,Aegean,Megacity,2019,7,Summer,32.57,68.42,4394694,1790.59,14757.78,High,13.0,1282988.0,33.42,9.72,,09:00,3.4436,"62,3",117.0 mm,₺1.45,"847,043",  11.7  ,72%
Denizli,Aegean,Medium City,2017,10,Autumn,17.74,51.64,1062840,238.83,,Medium,3.0,352797.0,18.21,16.35,23.32,21:00,0.4923,"48,6",120.8 mm,₺2.2,"100,472",  5.9  ,85%
Afyonkarahisar,Aegean,Small City,2017,12,Winter,2.58,61.21,734000,406.13,9210.29,Low,2.0,257919.0,,13.37,11.96,10:00,0.359,"69,1",50.6 mm,₺1.57,"114,685",  2.1  ,73%
Malatya,Eastern Anatolia,Medium City,2019,4,Spring,16.43,43.28,781118,178.93,8358.9,Low,1.0,286169.0,22.19,8.2,22.7,18:00,0.3232,"13,2",60.2 mm,,"168,162",  5.6  ,54%
Manisa,Aegean,Medium City,2022,2,Winter,3.99,74.41,1452881,501.7,14543.41,Medium,3.0,546629.0,32.29,16.86,19.67,10:00,1.1402,"24,6",253.1 mm,₺2.1,"510,321",  10.3  ,64%
Mardin,Southeastern Anatolia,Small City,2020,2,Winter,2.26,,833645,1242.24,9739.33,Low,3.0,256731.0,25.29,8.29,30.65,,0.5385,"70,3",282.8 mm,₺1.2,"376,894",  8.7  ,
Hatay,Mediterranean,Large City,2016,8,Summer,37.52,56.71,1609856,705.62,8383.71,Low,6.0,453495.0,20.43,9.44,,08:00,2.5476,,284.8 mm,₺0.8,"616,845",  11.1  ,87%
Sakarya,Marmara,Medium City,2020,7,Summer,31.87,,1003000,664.86,,Medium,,307097.0,24.7,6.28,18.19,10:00,0.639,"57,5",198.9 mm,₺2.34,"402,958",  3.2  ,30%
Kayseri,Central Anatolia,Large City,2020,8,Summer,25.86,57.2,1441523,415.69,12740.08,Medium,5.0,407341.0,15.64,19.85,49.23,19:00,0.8959,"30,0",224.6 mm,₺0.96,"451,972",  7.5  ,76%
Gaziantep,Southeastern Anatolia,Large City,2017,6,Summer,34.44,68.94,2101263,481.1,18234.49,High,6.0,742821.0,27.67,11.7,34.61,20:00,1.5691,"75,3",244.7 mm,₺0.94,"528,558",,77%
Samsun,Black Sea,Large City,2020,4,Spring,,55.89,1361505,543.68,10812.52,Low,3.0,508573.0,7.72,8.27,,,0.5344,"24,1",146.8 mm,₺2.33,"734,359",  6.6  ,92%
Samsun,Black Sea,Large City,2015,6,Summer,29.43,65.53,1361505,313.88,9243.91,Low,4.0,493472.0,,13.46,57.13,19:00,0.653,"79,0",154.2 mm,₺2.17,,  6.8  ,98%
Afyonkarahisar,Aegean,Small City,2018,1,Winter,9.86,,734000,688.04,7571.53,Low,1.0,269052.0,35.61,8.8,,09:00,0.3974,"41,8",205.2 mm,₺1.81,,  5.8  ,79%
Manisa,Aegean,Medium City,2018,4,Spring,20.1,50.68,1452881,469.86,12515.11,Medium,3.0,465757.0,12.93,6.27,25.95,09:00,0.6086,"40,6",117.0 mm,₺0.88,"140,707",  11.3  ,77%
Sivas,Central Anatolia,Medium City,2023,6,Summer,27.14,49.18,634149,825.77,7941.52,Low,3.0,208281.0,37.41,16.4,44.96,08:00,0.4096,"65,7",13.9 mm,₺1.71,"381,291",  4.1  ,34%
Tekirdag,Marmara,Medium City,2020,6,Summer,32.17,51.09,1085000,362.84,12808.87,Medium,,397202.0,18.75,14.21,58.96,19:00,0.6378,"16,5",234.7 mm,₺2.16,"407,087",  5.2  ,73%
Gaziantep,Southeastern Anatolia,Large City,2021,1,Winter,7.87,66.4,2101263,1719.98,18596.69,High,7.0,685893.0,,19.79,48.83,19:00,1.7059,"20,3",246.0 mm,₺2.06,"40,035",  11.8  ,33%
Hatay,Mediterranean,Large City,2015,7,Summer,36.7,44.23,1609856,521.95,6489.21,Low,6.0,534196.0,6.84,10.55,10.76,10:00,0.2611,"62,9",24.8 mm,₺1.61,"197,908",  2.8  ,73%
Hatay,Mediterranean,Large City,2018,5,Spring,24.16,75.97,1609856,393.36,8789.58,Low,5.0,478586.0,26.36,8.63,63.5,21:00,0.6792,,158.1 mm,,"502,997",  9.8  ,57%
Hatay,Mediterranean,Large City,2018,8,Summer,36.73,45.64,1609856,367.09,8059.43,Low,6.0,504109.0,42.22,11.43,73.52,21:00,0.8256,"54,3",174.6 mm,₺2.04,"511,637",  7.3  ,78%
Trabzon,Black Sea,Medium City,2020,1,Winter,0.64,41.66,811874,442.24,10765.81,Low,,260680.0,44.48,18.3,34.15,10:00,0.553,"44,5",19.3 mm,₺1.43,"793,031",  3.9  ,91%
Adana,Mediterranean,Large City,2019,12,Winter,7.71,53.59,2237940,2632.56,13420.27,High,6.0,767578.0,41.38,11.4,12.3,20:00,1.7685,"13,7",226.4 mm,₺1.15,"232,378",  7.7  ,
Mardin,Southeastern Anatolia,Small City,2020,4,Spring,21.77,61.95,833645,968.17,7111.74,Low,3.0,247873.0,12.46,9.28,68.29,20:00,0.264,,267.3 mm,₺1.69,"466,025",  10.3  ,89%
Mardin,Southeastern Anatolia,Small City,2022,11,Autumn,20.81,43.39,833645,413.38,9974.41,Low,3.0,,27.49,18.87,35.38,20:00,0.3927,"23,9",271.2 mm,₺1.47,"177,901",  8.3  ,64%
Sakarya,Marmara,Medium City,2022,2,Winter,2.14,46.54,1003000,309.65,13976.45,Medium,3.0,344340.0,35.99,10.06,,19:00,0.7577,"28,5",31.5 mm,₺2.14,"616,265",  6.9  ,86%
Malatya,Eastern Anatolia,Medium City,2021,5,Spring,8.77,49.69,781118,177.72,9754.33,Low,3.0,223654.0,,14.97,13.49,08:00,0.3256,"72,3",87.4 mm,₺1.53,"545,545",  9.4  ,31%
Kocaeli,Marmara,Large City,2020,5,Spring,19.72,60.5,2031963,851.58,15875.66,High,8.0,603444.0,13.06,8.98,16.22,10:00,1.0877,"54,0",172.8 mm,₺1.36,"586,903",  7.2  ,36%
Mardin,Southeastern Anatolia,Small City,2017,11,Autumn,20.72,82.23,833645,334.78,8842.93,Low,4.0,244299.0,41.68,16.64,46.75,19:00,0.2582,"49,6",17.7 mm,₺2.16,"686,010",  9.7  ,35%
Kocaeli,Marmara,Large City,2023,11,Autumn,13.15,80.92,2031963,777.21,18582.61,High,7.0,711151.0,18.39,15.59,74.59,20:00,1.3004,"57,5",110.2 mm,₺1.52,"746,652",  3.4  ,42%
Malatya,Eastern Anatolia,Medium City,2020,4,Spring,8.72,42.57,781118,724.38,10195.25,Low,3.0,295411.0,28.46,8.92,68.36,20:00,0.2902,"61,8",205.1 mm,₺1.35,"31,190",  8.1  ,57%
Manisa,Aegean,Medium City,2022,8,Summer,33.65,53.63,1452881,2802.7,14041.15,Medium,3.0,450642.0,25.36,6.84,30.01,09:00,0.9278,"67,4",189.2 mm,₺1.48,"423,220",  11.8  ,40%
Ankara,Central Anatolia,Megacity,2015,4,Spring,13.16,70.12,5639076,3973.77,,High,15.0,2031762.0,20.63,16.86,56.55,19:00,3.0699,"23,8",146.8 mm,₺1.92,"702,097",  2.4  ,
Kayseri,Central Anatolia,Large City,2017,9,Autumn,9.41,78.35,1441523,316.61,10920.93,Medium,3.0,487185.0,43.84,19.75,10.07,08:00,0.5777,"10,3",101.4 mm,₺1.09,"387,868",  6.5  ,73%
Erzurum,Eastern Anatolia,Medium City,2023,4,Spring,8.01,78.49,762321,186.35,7600.71,Low,2.0,228686.0,8.04,9.11,25.07,20:00,0.3153,"72,5",153.8 mm,,"577,845",  10.6  ,90%
Manisa,Aegean,Medium City,2023,3,Spring,19.84,66.85,1452881,402.41,14819.23,Medium,3.0,435944.0,40.38,6.88,24.05,21:00,0.6987,"30,7",12.5 mm,₺1.87,"867,371",  6.7  ,85%
Kayseri,Central Anatolia,Large City,2015,11,Autumn,10.04,54.56,1441523,458.36,13943.62,Medium,3.0,406408.0,44.92,11.18,25.26,09:00,0.6863,"58,8",202.4 mm,₺2.06,"328,749",  8.2  ,57%
Afyonkarahisar,Aegean,Small City,2019,6,Summer,31.85,68.38,734000,295.43,8851.28,Low,,258885.0,34.2,14.35,,08:00,0.3566,"27,4",145.1 mm,₺2.34,"176,445",  2.9  ,45%
Erzurum,Eastern Anatolia,Medium City,2022,8,Summer,24.99,63.63,762321,213.46,9676.5,Low,2.0,244335.0,28.16,14.26,29.78,19:00,0.4507,"12,2",40.6 mm,₺0.68,"658,847",  9.9  ,90%
Manisa,Aegean,Medium City,2019,10,Autumn,19.37,59.38,1452881,410.06,12071.41,Medium,,421684.0,42.36,17.81,,18:00,0.8273,"56,0",88.8 mm,₺1.8,"327,328",  7.5  ,39%
Eskisehir,Central Anatolia,Medium City,2023,1,Winter,-0.59,72.98,882456,403.55,13482.52,Medium,2.0,292304.0,22.22,6.79,32.67,10:00,0.6722,"31,0",136.0 mm,₺2.23,"115,076",,41%
Mardin,Southeastern Anatolia,Small City,2021,11,Autumn,14.82,51.86,833645,1386.47,8755.04,Low,4.0,268967.0,21.98,7.35,44.93,18:00,0.3885,"7,5",161.8 mm,,"80,774",  11.5  ,39%
Sakarya,Marmara,Medium City,2023,3,Spring,18.08,61.62,1003000,220.51,14972.94,Medium,3.0,334896.0,24.46,17.52,10.29,19:00,0.5161,"28,6",15.9 mm,₺0.9,,  9.2  ,46%
Izmir,Aegean,Megacity,2020,2,Winter,3.4,47.15,4394694,1000.51,16220.3,High,13.0,1248959.0,37.71,13.52,21.49,09:00,4.4309,"48,7",129.6 mm,₺0.64,"614,453",  11.1  ,
Konya,Central Anatolia,Large City,2023,10,Autumn,16.3,63.86,2320259,1156.12,13002.48,Medium,5.0,759159.0,43.04,12.58,39.19,21:00,1.2619,"62,6",100.7 mm,₺1.18,"736,879",  11.7  ,63%
Istanbul,Marmara,Megacity,2021,4,Spring,14.87,84.32,15840900,3870.67,20742.89,High,41.0,4882847.0,8.77,10.15,35.4,20:00,11.128,"10,2",146.5 mm,₺1.28,"357,643",,74%
Samsun,Black Sea,Large City,2015,2,Winter,-1.06,65.86,1361505,470.11,9039.18,Low,3.0,466717.0,20.89,13.1,53.83,09:00,0.59,"64,0",228.6 mm,₺0.97,"159,528",  10.4  ,37%
Konya,Central Anatolia,Large City,2017,1,Winter,-5.77,50.9,2320259,2138.43,14791.29,Medium,6.0,771196.0,26.1,9.87,17.42,20:00,1.5751,"14,2",193.7 mm,₺2.38,"707,562",  9.0  ,53%
Mugla,Aegean,Medium City,2018,5,Spring,21.76,82.2,1012321,241.8,8474.01,Low,3.0,311653.0,17.54,12.93,63.59,18:00,0.4026,"77,0",226.8 mm,₺1.83,"568,168",  2.0  ,43%
Sivas,Central Anatolia,Medium City,2021,4,Spring,14.44,,634149,513.13,8394.0,Low,3.0,234837.0,30.68,12.51,71.09,18:00,0.222,"30,8",115.0 mm,₺0.74,"614,746",  12.0  ,54%
Mugla,Aegean,Medium City,2017,5,Spring,20.13,54.43,1012321,1255.91,9394.52,Low,2.0,332279.0,14.84,12.98,55.69,18:00,0.3616,"75,3",240.0 mm,₺1.87,"635,140",  5.6  ,76%
Manisa,Aegean,Medium City,2021,7,Summer,33.83,58.24,1452881,680.8,13145.32,Medium,4.0,461458.0,36.37,18.84,42.91,08:00,1.0436,"52,6",50.2 mm,₺1.08,"473,510",  5.5  ,
Manisa,Aegean,Medium City,2018,12,Winter,,63.2,1452881,358.33,14072.12,Medium,3.0,502220.0,17.38,18.83,38.36,08:00,0.936,"14,8",121.8 mm,₺1.57,"614,154",  11.5  ,99%
Erzurum,Eastern Anatolia,Medium City,2022,3,Spring,12.48,45.44,762321,1024.76,,Low,3.0,231508.0,31.26,,69.94,18:00,0.3027,"41,8",165.5 mm,₺2.08,"529,915",,30%
Antalya,Mediterranean,Large City,2020,12,Winter,4.36,82.95,2619832,3888.29,8638.99,Low,8.0,814392.0,,17.7,74.47,18:00,1.4505,"33,6",256.5 mm,₺1.87,"356,233",  10.8  ,50%
Kahramanmaras,Mediterranean,Medium City,2023,11,Autumn,21.76,45.51,1178234,806.97,12417.51,Low,4.0,411760.0,,6.36,70.24,18:00,0.4694,"30,9",226.0 mm,₺1.67,"522,792",  10.7  ,89%
Ankara,Central Anatolia,Megacity,2021,6,Summer,26.58,58.68,5639076,1967.22,21251.04,High,16.0,1873987.0,44.95,8.02,32.5,10:00,5.1539,"32,1",234.1 mm,₺0.72,"254,992",,98%
Diyarbakir,Southeastern Anatolia,Large City,2021,6,Summer,36.47,70.41,1801268,984.41,9527.0,Low,,663145.0,23.3,9.82,52.71,08:00,1.0454,"19,8",169.2 mm,₺2.45,"195,025",  5.8  ,86%
Kayseri,Central Anatolia,Large City,2021,3,Spring,15.58,83.34,1441523,637.84,9446.11,Medium,4.0,447097.0,42.42,15.92,32.97,09:00,0.7091,"9,7",158.3 mm,₺1.72,"879,178",  11.9  ,66%
Kahramanmaras,Mediterranean,Medium City,2021,1,Winter,,60.4,1178234,352.38,9199.39,Low,4.0,332253.0,33.69,11.47,52.0,20:00,0.74,"29,4",27.7 mm,₺2.03,"137,389",  4.4  ,56%
Sakarya,Marmara,Medium City,2021,4,Spring,20.88,62.64,1003000,211.2,10846.21,Medium,2.0,342609.0,26.58,15.26,71.35,09:00,0.4986,"51,6",285.1 mm,₺1.25,"750,735",  10.0  ,39%
Ankara,Central Anatolia,Megacity,2016,5,Spring,17.55,82.78,5639076,5102.29,17359.64,High,17.0,1708833.0,14.59,10.59,46.47,18:00,3.2435,"15,7",26.4 mm,₺2.22,"325,845",  10.4  ,53%
Sakarya,Marmara,Medium City,2023,10,Autumn,15.68,67.88,1003000,290.26,10509.63,Medium,4.0,317650.0,8.67,7.51,46.68,19:00,0.5821,"42,6",15.2 mm,₺0.98,"709,141",  2.1  ,86%
Mersin,Mediterranean,Large City,2022,4,Spring,22.95,82.24,1936586,479.29,15132.62,Medium,5.0,587059.0,19.59,14.72,46.3,21:00,1.0555,,230.6 mm,₺0.7,"16,778",  7.4  ,31%
Van,Eastern Anatolia,Medium City,2016,4,Spring,9.74,79.47,1126384,313.87,11467.17,Low,2.0,336037.0,24.93,17.33,31.74,20:00,0.4452,"74,3",189.4 mm,₺2.32,"655,428",  5.8  ,70%
Diyarbakir,Southeastern Anatolia,Large City,2016,9,Autumn,20.9,67.06,1801268,744.02,9905.79,Low,5.0,626805.0,12.48,10.22,27.1,21:00,0.7743,"9,2",238.7 mm,₺2.39,"896,649",  3.6  ,71%
Manisa,Aegean,Medium City,2023,8,Summer,33.18,76.67,1452881,506.34,11845.58,Medium,5.0,487227.0,14.81,14.75,15.07,08:00,0.9282,"44,8",,₺0.59,"305,230",  11.4  ,71%
Kahramanmaras,Mediterranean,Medium City,2022,6,Summer,38.53,51.13,1178234,1448.02,9421.39,Low,2.0,,32.57,15.01,54.81,18:00,0.7151,"53,4",182.1 mm,₺1.05,"800,985",  2.2  ,
Eskisehir,Central Anatolia,Medium City,2020,6,Summer,26.09,57.13,882456,561.52,16036.67,Medium,3.0,294496.0,13.33,14.11,20.68,18:00,0.4662,"31,0",,₺1.33,"82,596",  3.8  ,30%
Mugla,Aegean,Medium City,2017,10,Autumn,19.31,72.65,1012321,223.0,9865.14,Low,3.0,359308.0,40.8,18.2,59.58,18:00,0.3732,"49,5",130.9 mm,₺0.64,"414,321",  10.1  ,32%
Mersin,Mediterranean,Large City,2015,8,Summer,36.21,46.35,1936586,574.71,13320.79,Medium,4.0,721254.0,19.64,,47.41,10:00,1.2776,"32,4",136.1 mm,₺1.5,"555,643",  6.8  ,54%
Afyonkarahisar,Aegean,Small City,2017,7,Summer,35.43,47.6,734000,1313.46,9636.01,Low,3.0,226194.0,39.45,15.77,47.34,21:00,0.4255,"76,5",101.1 mm,₺2.36,"766,241",  9.9  ,62%
Samsun,Black Sea,Large City,2017,6,Summer,24.12,68.2,1361505,406.85,10328.19,Low,5.0,499951.0,42.17,5.46,44.27,18:00,0.7527,"12,5",107.4 mm,₺2.0,"216,600",  7.8  ,89%
Sakarya,Marmara,Medium City,2023,8,Summer,33.54,66.27,1003000,231.82,12106.86,Medium,4.0,346562.0,29.37,13.31,68.21,21:00,0.7058,"9,0",164.6 mm,₺0.97,"614,289",  5.6  ,50%
Erzurum,Eastern Anatolia,Medium City,2015,7,Summer,26.69,83.72,762321,294.94,8233.21,Low,1.0,289199.0,36.27,11.91,35.12,21:00,0.3569,"55,6",63.9 mm,₺1.17,"609,081",  11.3  ,64%
Malatya,Eastern Anatolia,Medium City,2021,11,Autumn,1.67,47.61,781118,608.87,9013.68,Low,,225441.0,36.9,15.8,40.15,21:00,0.3616,"23,1",93.0 mm,₺1.67,"249,424",  10.9  ,65%
Tekirdag,Marmara,Medium City,2020,5,Spring,19.99,43.33,1085000,1412.21,13280.45,Medium,,338998.0,13.64,7.17,20.63,10:00,0.4739,"49,0",81.7 mm,₺2.17,,,65%
Erzurum,Eastern Anatolia,Medium City,2017,5,Spring,11.58,69.41,762321,317.0,7704.83,Low,3.0,262105.0,44.81,11.01,,09:00,0.29,"36,5",187.0 mm,₺1.79,"271,109",  8.6  ,36%
Tekirdag,Marmara,Medium City,2019,3,Spring,19.2,59.61,1085000,833.89,13338.74,Medium,3.0,348918.0,23.52,13.96,20.53,18:00,0.5141,"47,5",92.7 mm,₺1.66,"206,415",  2.3  ,53%
Samsun,Black Sea,Large City,2018,7,Summer,29.98,63.39,1361505,1541.48,8670.12,Low,3.0,452963.0,43.8,19.74,64.94,09:00,0.8361,"75,3",75.5 mm,₺1.11,"737,504",  8.1  ,93%
Mardin,Southeastern Anatolia,Small City,2021,2,Winter,4.54,64.83,833645,571.64,10944.98,Low,4.0,311966.0,7.36,17.61,53.98,09:00,0.4896,"68,5",254.0 mm,₺2.45,"389,317",  2.2  ,45%
Canakkale,Marmara,Small City,2020,3,Spring,20.26,61.33,542000,146.9,9235.32,Low,2.0,160161.0,5.44,11.25,53.19,21:00,0.1954,"15,1",37.4 mm,₺1.88,"219,827",  2.1  ,54%
Van,Eastern Anatolia,Medium City,2020,1,Winter,,,1126384,366.82,9040.24,Low,2.0,327331.0,6.5,17.3,36.24,09:00,0.7359,"12,1",91.0 mm,₺1.86,,  7.2  ,94%
Izmir,Aegean,Megacity,2017,11,Autumn,17.79,53.52,4394694,1005.74,18741.63,High,11.0,1483821.0,35.04,19.06,47.87,09:00,2.6904,"12,0",281.7 mm,₺2.36,"79,436",  5.3  ,48%
Manisa,Aegean,Medium City,2019,2,Winter,2.55,72.26,1452881,428.78,14218.89,Medium,5.0,550122.0,12.47,13.15,38.1,21:00,0.9268,"70,5",285.9 mm,₺1.12,"618,311",  5.6  ,48%
Afyonkarahisar,Aegean,Small City,2017,2,Winter,1.1,51.73,734000,266.16,8810.21,Low,2.0,213091.0,43.0,15.71,20.5,20:00,0.4733,"9,5",121.4 mm,₺1.45,"841,810",  2.3  ,42%
Mardin,Southeastern Anatolia,Small City,2015,6,Summer,,41.3,833645,252.7,7441.37,Low,3.0,262203.0,16.09,11.75,21.23,18:00,0.4373,"64,1",47.9 mm,₺2.35,,  7.1  ,82%
Canakkale,Marmara,Small City,2018,11,Autumn,18.09,59.73,542000,126.9,10537.49,Low,2.0,198607.0,44.53,18.27,26.08,21:00,0.2105,"12,6",273.4 mm,₺2.42,"208,294",  2.2  ,86%
Antalya,Mediterranean,Large City,2016,3,Spring,24.89,74.24,2619832,614.05,9792.93,Low,8.0,761510.0,22.33,10.74,18.73,20:00,0.9114,"78,0",20.6 mm,₺1.73,"741,295",,65%
Eskisehir,Central Anatolia,Medium City,2022,1,Winter,-2.05,56.83,882456,212.66,11678.59,Medium,2.0,248971.0,,12.66,18.42,21:00,0.6121,"51,0",96.0 mm,₺1.72,"818,719",  11.2  ,47%
Mugla,Aegean,Medium City,2022,9,Autumn,20.36,63.28,1012321,265.67,8352.31,Low,2.0,305782.0,22.36,6.33,48.88,20:00,0.4075,"31,4",133.9 mm,₺1.09,"596,231",  7.3  ,30%
Antalya,Mediterranean,Large City,2016,4,Spring,25.39,42.1,2619832,627.34,8300.86,Low,8.0,931451.0,12.77,13.92,,21:00,0.9545,"47,5",130.2 mm,₺1.34,"523,518",  9.0  ,77%
Mersin,Mediterranean,Large City,2021,11,Autumn,20.29,73.46,1936586,994.87,11921.97,Medium,4.0,575572.0,14.37,,29.85,19:00,1.0391,"61,6",296.6 mm,₺1.42,"790,371",  11.0  ,93%
Ankara,Central Anatolia,Megacity,2022,2,Winter,-1.07,84.32,5639076,3628.06,21169.81,High,17.0,1987444.0,29.62,16.08,61.55,09:00,4.8212,"59,6",175.8 mm,₺2.2,"719,585",  9.6  ,76%
Samsun,Black Sea,Large City,2017,3,Spring,16.67,77.09,1361505,1500.8,9283.65,Low,5.0,422127.0,25.73,12.45,68.8,08:00,0.4932,"29,1",38.0 mm,₺2.19,"446,750",,44%
Bursa,Marmara,Large City,2018,1,Winter,2.45,59.21,3056120,1617.18,17292.9,High,8.0,1057914.0,9.87,9.73,20.23,08:00,2.8307,"69,6",149.6 mm,,"404,000",  2.1  ,84%
Trabzon,Black Sea,Medium City,2019,2,Winter,-0.73,44.87,811874,214.19,,Low,4.0,238898.0,16.89,5.88,64.49,19:00,0.4416,"52,8",,₺1.13,"791,425",  10.7  ,59%
Eskisehir,Central Anatolia,Medium City,2022,12,Winter,-5.07,73.48,882456,326.75,12705.58,Medium,3.0,,21.95,10.13,38.92,09:00,0.6883,"76,1",41.8 mm,₺1.05,"780,111",  11.4  ,42%
Istanbul,Marmara,Megacity,2019,8,Summer,,41.38,15840900,3901.36,17549.66,High,40.0,5452697.0,7.11,7.0,62.29,09:00,13.4385,"23,3",51.4 mm,₺1.32,"362,908",  10.7  ,47%
Kocaeli,Marmara,Large City,2015,7,Summer,27.83,78.36,2031963,538.68,18095.47,High,6.0,656097.0,26.96,,,,1.4786,"59,7",202.4 mm,₺1.06,"794,499",  6.5  ,
Antalya,Mediterranean,Large City,2016,12,Winter,7.38,81.59,2619832,794.89,7582.97,Low,6.0,796510.0,42.13,,,21:00,1.4572,"19,1",,₺1.33,"503,732",  9.7  ,76%
Canakkale,Marmara,Small City,2023,1,Winter,-1.26,73.59,542000,171.82,7560.16,Low,3.0,186249.0,26.7,12.63,26.28,20:00,0.3695,"24,2",272.7 mm,₺1.01,"571,628",  9.1  ,63%
Hatay,Mediterranean,Large City,2016,4,Spring,27.61,40.31,1609856,1015.53,9997.05,Low,5.0,450855.0,18.49,17.41,30.01,18:00,0.565,"75,7",186.3 mm,₺2.22,"765,894",  11.9  ,44%
Kayseri,Central Anatolia,Large City,2015,6,Summer,28.63,70.85,1441523,295.75,11069.25,Medium,5.0,530495.0,44.17,14.82,23.91,18:00,0.8774,"57,1",264.6 mm,₺1.7,"518,834",  10.9  ,34%
Kayseri,Central Anatolia,Large City,2017,11,Autumn,11.34,70.16,1441523,312.01,15251.92,Medium,5.0,489956.0,36.92,16.21,34.57,09:00,0.6724,"22,0",174.0 mm,₺2.31,"239,072",  11.0  ,84%
Canakkale,Marmara,Small City,2018,3,Spring,17.76,45.61,542000,413.89,9681.73,Low,1.0,188992.0,22.42,8.75,58.27,08:00,0.1941,"6,3",137.4 mm,₺2.45,"273,222",  10.5  ,84%
Diyarbakir,Southeastern Anatolia,Large City,2019,5,Spring,21.61,54.72,1801268,465.88,8190.92,Low,6.0,610385.0,23.72,8.5,70.01,09:00,1.6484,"25,1",,₺2.31,"804,845",  5.0  ,93%
Diyarbakir,Southeastern Anatolia,Large City,2017,11,Autumn,21.68,59.13,1801268,931.67,9640.17,Low,4.0,583590.0,27.86,7.97,53.91,09:00,0.6389,"31,4",104.1 mm,₺1.82,"226,541",  3.1  ,33%
Trabzon,Black Sea,Medium City,2021,11,Autumn,12.8,45.92,811874,1509.68,10279.6,Low,4.0,290179.0,44.11,16.79,33.11,10:00,0.4027,"77,0",146.7 mm,₺1.55,"465,252",  2.4  ,32%
Sivas,Central Anatolia,Medium City,2020,4,Spring,15.06,,634149,209.34,8859.78,Low,1.0,,21.66,7.0,32.29,18:00,0.2073,"63,5",273.9 mm,₺0.89,"399,041",  10.6  ,31%
Denizli,Aegean,Medium City,2017,8,Summer,37.8,49.66,1062840,282.39,12901.66,Medium,4.0,370117.0,15.26,,30.72,19:00,0.6956,"46,8",181.7 mm,₺2.4,,  10.3  ,85%
Konya,Central Anatolia,Large City,2019,3,Spring,13.94,60.53,2320259,1588.07,12010.02,Medium,5.0,755110.0,18.46,13.84,58.43,18:00,1.0154,"9,2",241.6 mm,₺2.2,"320,444",  9.0  ,91%
Istanbul,Marmara,Megacity,2016,6,Summer,32.63,63.52,15840900,3720.21,16647.78,High,41.0,4813635.0,44.79,9.54,46.91,09:00,13.3785,"46,4",89.0 mm,₺1.93,"431,475",  5.0  ,43%
Malatya,Eastern Anatolia,Medium City,2018,3,Spring,12.26,68.29,781118,315.76,8587.88,Low,2.0,286438.0,44.51,5.6,,21:00,0.2956,"37,1",240.6 mm,₺0.83,"279,303",  5.6  ,43%
Sivas,Central Anatolia,Medium City,2023,8,Summer,29.92,72.69,634149,295.16,,Low,3.0,190583.0,40.68,7.49,,20:00,0.3937,,282.9 mm,₺1.05,"268,082",  9.3  ,78%
Van,Eastern Anatolia,Medium City,2016,6,Summer,22.53,44.08,1126384,384.43,8683.26,Low,2.0,,17.35,12.53,30.36,08:00,0.6342,"36,0",79.8 mm,₺1.84,"610,527",  4.4  ,82%
Izmir,Aegean,Megacity,2018,2,Winter,2.1,43.09,4394694,1692.27,19352.1,High,12.0,,36.18,18.81,53.84,19:00,3.2409,"26,6",48.8 mm,₺0.91,"814,625",  9.0  ,87%
Adana,Mediterranean,Large City,2016,8,Summer,39.63,68.96,2237940,2334.36,19764.52,High,8.0,736537.0,5.89,17.13,29.94,20:00,1.6871,"22,7",22.4 mm,₺0.52,"838,131",  8.6  ,53%
Antalya,Mediterranean,Large City,2016,2,Winter,9.93,66.41,2619832,2332.97,9495.86,Low,6.0,,7.77,14.57,53.95,08:00,1.6337,"69,7",35.5 mm,₺0.89,"847,361",  7.8  ,80%
Van,Eastern Anatolia,Medium City,2015,5,Spring,10.04,81.68,1126384,336.54,6591.31,Low,3.0,396495.0,10.16,14.49,20.46,21:00,0.4023,"67,2",79.7 mm,₺1.22,"721,226",  3.4  ,90%
Ankara,Central Anatolia,Megacity,2017,11,Autumn,,77.31,5639076,1694.15,20824.62,High,17.0,1848578.0,29.81,12.17,59.92,19:00,3.1332,"65,5",27.4 mm,₺0.91,"24,051",  10.5  ,68%
Mugla,Aegean,Medium City,2020,6,Summer,33.97,51.18,1012321,213.38,11824.11,Low,3.0,364052.0,27.8,5.58,14.18,08:00,0.5577,"39,5",284.9 mm,₺0.77,"58,546",  4.4  ,80%
Van,Eastern Anatolia,Medium City,2016,8,Summer,21.4,43.13,1126384,231.32,9857.56,Low,2.0,418473.0,30.36,13.84,68.39,09:00,0.5503,"46,0",250.1 mm,₺2.05,"515,416",  2.1  ,46%
Istanbul,Marmara,Megacity,2021,3,Spring,18.08,,15840900,4183.09,18635.92,High,40.0,4969013.0,43.78,6.15,34.8,19:00,9.1626,"37,4",164.4 mm,₺1.72,"68,022",  11.4  ,79%
Samsun,Black Sea,Large City,2018,7,Summer,29.33,84.37,1361505,774.93,12796.87,Low,4.0,424688.0,10.7,13.35,35.51,18:00,0.6492,"37,0",141.2 mm,₺1.47,"360,394",  7.5  ,69%
Balıkesir,Marmara,Medium City,2023,11,Autumn,13.85,55.29,1264958,490.65,10307.55,Low,5.0,379363.0,14.73,18.16,61.15,10:00,0.584,"67,5",75.8 mm,₺1.04,"689,072",  10.9  ,50%
Erzurum,Eastern Anatolia,Medium City,2021,8,Summer,24.55,72.28,762321,207.79,9486.41,Low,3.0,239984.0,42.62,18.5,17.25,20:00,0.4445,"73,2",183.2 mm,₺0.96,"674,737",  2.2  ,45%
Denizli,Aegean,Medium City,2019,2,Winter,6.6,40.51,1062840,650.13,,Medium,4.0,384533.0,20.04,19.14,48.2,19:00,0.7083,"71,5",159.9 mm,₺2.19,"698,580",  9.3  ,91%
Erzurum,Eastern Anatolia,Medium City,2016,5,Spring,8.6,79.66,762321,173.64,7609.61,Low,2.0,241433.0,34.48,10.21,39.6,10:00,0.2665,"60,7",235.8 mm,₺2.24,"158,071",  8.8  ,69%
